18:14:15 HPA: cloudforge   Deployment/cloudforge   cpu: 6%/70%   2     10    2     40s
18:14:17 HPA: cloudforge   Deployment/cloudforge   cpu: 6%/70%   2     10    2     43s
18:14:20 HPA: cloudforge   Deployment/cloudforge   cpu: 6%/70%   2     10    2     45s
18:14:22 HPA: cloudforge   Deployment/cloudforge   cpu: 5%/70%   2     10    2     47s
18:14:24 HPA: cloudforge   Deployment/cloudforge   cpu: 5%/70%   2     10    2     49s
18:14:26 HPA: cloudforge   Deployment/cloudforge   cpu: 5%/70%   2     10    2     51s
18:14:28 HPA: cloudforge   Deployment/cloudforge   cpu: 5%/70%   2     10    2     53s
18:14:31 HPA: cloudforge   Deployment/cloudforge   cpu: 5%/70%   2     10    2     56s
18:14:33 HPA: cloudforge   Deployment/cloudforge   cpu: 5%/70%   2     10    2     58s
18:14:35 HPA: cloudforge   Deployment/cloudforge   cpu: 5%/70%   2     10    2     60s
18:14:37 HPA: cloudforge   Deployment/cloudforge   cpu: 19%/70%   2     10    2     62s
18:14:39 HPA: cloudforge   Deployment/cloudforge   cpu: 19%/70%   2     10    2     64s
18:14:41 HPA: cloudforge   Deployment/cloudforge   cpu: 19%/70%   2     10    2     67s
18:14:44 HPA: cloudforge   Deployment/cloudforge   cpu: 19%/70%   2     10    2     69s
18:14:46 HPA: cloudforge   Deployment/cloudforge   cpu: 19%/70%   2     10    2     71s
18:14:48 HPA: cloudforge   Deployment/cloudforge   cpu: 19%/70%   2     10    2     73s
18:14:50 HPA: cloudforge   Deployment/cloudforge   cpu: 19%/70%   2     10    2     75s
18:14:52 HPA: cloudforge   Deployment/cloudforge   cpu: 19%/70%   2     10    2     77s
18:14:54 HPA: cloudforge   Deployment/cloudforge   cpu: 19%/70%   2     10    2     80s
18:14:57 HPA: cloudforge   Deployment/cloudforge   cpu: 19%/70%   2     10    2     82s
18:14:59 HPA: cloudforge   Deployment/cloudforge   cpu: 19%/70%   2     10    2     84s
18:15:01 HPA: cloudforge   Deployment/cloudforge   cpu: 19%/70%   2     10    2     86s
18:15:03 HPA: cloudforge   Deployment/cloudforge   cpu: 19%/70%   2     10    2     88s
18:15:05 HPA: cloudforge   Deployment/cloudforge   cpu: 96%/70%   2     10    2     91s
18:15:08 HPA: cloudforge   Deployment/cloudforge   cpu: 96%/70%   2     10    2     93s
18:15:10 HPA: cloudforge   Deployment/cloudforge   cpu: 96%/70%   2     10    2     95s
18:15:12 HPA: cloudforge   Deployment/cloudforge   cpu: 96%/70%   2     10    2     97s
18:15:14 HPA: cloudforge   Deployment/cloudforge   cpu: 96%/70%   2     10    2     99s
18:15:16 HPA: cloudforge   Deployment/cloudforge   cpu: 96%/70%   2     10    2     101s
18:15:19 HPA: cloudforge   Deployment/cloudforge   cpu: 96%/70%   2     10    2     104s
18:15:21 HPA: cloudforge   Deployment/cloudforge   cpu: 152%/70%   2     10    3     106s
18:15:23 HPA: cloudforge   Deployment/cloudforge   cpu: 152%/70%   2     10    3     108s
18:15:25 HPA: cloudforge   Deployment/cloudforge   cpu: 152%/70%   2     10    3     110s
18:15:27 HPA: cloudforge   Deployment/cloudforge   cpu: 152%/70%   2     10    3     112s
18:15:30 HPA: cloudforge   Deployment/cloudforge   cpu: 152%/70%   2     10    3     115s
18:15:32 HPA: cloudforge   Deployment/cloudforge   cpu: 152%/70%   2     10    3     117s
18:15:34 HPA: cloudforge   Deployment/cloudforge   cpu: 152%/70%   2     10    3     119s
18:15:36 HPA: cloudforge   Deployment/cloudforge   cpu: 140%/70%   2     10    5     2m1s
18:15:38 HPA: cloudforge   Deployment/cloudforge   cpu: 140%/70%   2     10    5     2m3s
18:15:40 HPA: cloudforge   Deployment/cloudforge   cpu: 140%/70%   2     10    5     2m6s
18:15:43 HPA: cloudforge   Deployment/cloudforge   cpu: 140%/70%   2     10    5     2m8s
18:15:45 HPA: cloudforge   Deployment/cloudforge   cpu: 140%/70%   2     10    5     2m10s
18:15:47 HPA: cloudforge   Deployment/cloudforge   cpu: 140%/70%   2     10    5     2m12s
18:15:49 HPA: cloudforge   Deployment/cloudforge   cpu: 140%/70%   2     10    5     2m14s
18:15:51 HPA: cloudforge   Deployment/cloudforge   cpu: 92%/70%   2     10    6     2m17s
18:15:54 HPA: cloudforge   Deployment/cloudforge   cpu: 92%/70%   2     10    6     2m19s
18:15:56 HPA: cloudforge   Deployment/cloudforge   cpu: 92%/70%   2     10    6     2m21s
18:15:58 HPA: cloudforge   Deployment/cloudforge   cpu: 92%/70%   2     10    6     2m23s
18:16:00 HPA: cloudforge   Deployment/cloudforge   cpu: 92%/70%   2     10    6     2m25s
18:16:02 HPA: cloudforge   Deployment/cloudforge   cpu: 92%/70%   2     10    6     2m27s
18:16:04 HPA: cloudforge   Deployment/cloudforge   cpu: 92%/70%   2     10    6     2m30s
18:16:07 HPA: cloudforge   Deployment/cloudforge   cpu: 36%/70%   2     10    6     2m32s
18:16:09 HPA: cloudforge   Deployment/cloudforge   cpu: 36%/70%   2     10    6     2m34s
18:16:11 HPA: cloudforge   Deployment/cloudforge   cpu: 36%/70%   2     10    6     2m36s
18:16:13 HPA: cloudforge   Deployment/cloudforge   cpu: 36%/70%   2     10    6     2m38s
18:16:15 HPA: cloudforge   Deployment/cloudforge   cpu: 36%/70%   2     10    6     2m40s
18:16:18 HPA: cloudforge   Deployment/cloudforge   cpu: 36%/70%   2     10    6     2m43s
18:16:20 HPA: cloudforge   Deployment/cloudforge   cpu: 36%/70%   2     10    6     2m45s
18:16:22 HPA: cloudforge   Deployment/cloudforge   cpu: 36%/70%   2     10    6     2m47s
18:16:24 HPA: cloudforge   Deployment/cloudforge   cpu: 36%/70%   2     10    6     2m49s
18:16:26 HPA: cloudforge   Deployment/cloudforge   cpu: 36%/70%   2     10    6     2m51s
18:16:28 HPA: cloudforge   Deployment/cloudforge   cpu: 36%/70%   2     10    6     2m54s
18:16:31 HPA: cloudforge   Deployment/cloudforge   cpu: 36%/70%   2     10    6     2m56s
18:16:33 HPA: cloudforge   Deployment/cloudforge   cpu: 36%/70%   2     10    6     2m58s
18:16:35 HPA: cloudforge   Deployment/cloudforge   cpu: 36%/70%   2     10    6     3m
18:16:37 HPA: cloudforge   Deployment/cloudforge   cpu: 5%/70%   2     10    6     3m2s
18:16:39 HPA: cloudforge   Deployment/cloudforge   cpu: 5%/70%   2     10    6     3m4s
18:16:42 HPA: cloudforge   Deployment/cloudforge   cpu: 5%/70%   2     10    6     3m7s
18:16:44 HPA: cloudforge   Deployment/cloudforge   cpu: 5%/70%   2     10    6     3m9s
18:16:46 HPA: cloudforge   Deployment/cloudforge   cpu: 5%/70%   2     10    6     3m11s
18:16:48 HPA: cloudforge   Deployment/cloudforge   cpu: 5%/70%   2     10    6     3m13s
18:16:50 HPA: cloudforge   Deployment/cloudforge   cpu: 5%/70%   2     10    6     3m15s
18:16:52 HPA: cloudforge   Deployment/cloudforge   cpu: 5%/70%   2     10    6     3m18s
18:16:55 HPA: cloudforge   Deployment/cloudforge   cpu: 5%/70%   2     10    6     3m20s
18:16:57 HPA: cloudforge   Deployment/cloudforge   cpu: 5%/70%   2     10    6     3m22s
18:16:59 HPA: cloudforge   Deployment/cloudforge   cpu: 5%/70%   2     10    6     3m24s
18:17:01 HPA: cloudforge   Deployment/cloudforge   cpu: 5%/70%   2     10    6     3m26s
18:17:03 HPA: cloudforge   Deployment/cloudforge   cpu: 5%/70%   2     10    6     3m28s
18:17:06 HPA: cloudforge   Deployment/cloudforge   cpu: 5%/70%   2     10    6     3m31s
18:17:08 HPA: cloudforge   Deployment/cloudforge   cpu: 5%/70%   2     10    6     3m33s
18:17:10 HPA: cloudforge   Deployment/cloudforge   cpu: 5%/70%   2     10    6     3m35s
18:17:12 HPA: cloudforge   Deployment/cloudforge   cpu: 5%/70%   2     10    6     3m37s
18:17:14 HPA: cloudforge   Deployment/cloudforge   cpu: 5%/70%   2     10    6     3m39s
18:17:17 HPA: cloudforge   Deployment/cloudforge   cpu: 5%/70%   2     10    6     3m42s
18:17:19 HPA: cloudforge   Deployment/cloudforge   cpu: 5%/70%   2     10    6     3m44s
18:17:21 HPA: cloudforge   Deployment/cloudforge   cpu: 5%/70%   2     10    6     3m46s
18:17:23 HPA: cloudforge   Deployment/cloudforge   cpu: 5%/70%   2     10    6     3m48s
18:17:25 HPA: cloudforge   Deployment/cloudforge   cpu: 5%/70%   2     10    6     3m50s
18:17:27 HPA: cloudforge   Deployment/cloudforge   cpu: 5%/70%   2     10    6     3m53s
18:17:30 HPA: cloudforge   Deployment/cloudforge   cpu: 5%/70%   2     10    6     3m55s
18:17:32 HPA: cloudforge   Deployment/cloudforge   cpu: 5%/70%   2     10    6     3m57s
18:17:34 HPA: cloudforge   Deployment/cloudforge   cpu: 5%/70%   2     10    6     3m59s
18:17:36 HPA: cloudforge   Deployment/cloudforge   cpu: 5%/70%   2     10    6     4m1s
18:17:39 HPA: cloudforge   Deployment/cloudforge   cpu: 5%/70%   2     10    6     4m4s
18:17:41 HPA: cloudforge   Deployment/cloudforge   cpu: 5%/70%   2     10    6     4m6s
18:17:43 HPA: cloudforge   Deployment/cloudforge   cpu: 5%/70%   2     10    6     4m8s
18:17:45 HPA: cloudforge   Deployment/cloudforge   cpu: 5%/70%   2     10    6     4m10s
18:17:47 HPA: cloudforge   Deployment/cloudforge   cpu: 5%/70%   2     10    6     4m12s
18:17:49 HPA: cloudforge   Deployment/cloudforge   cpu: 5%/70%   2     10    6     4m15s
18:17:52 HPA: cloudforge   Deployment/cloudforge   cpu: 5%/70%   2     10    6     4m17s
18:17:54 HPA: cloudforge   Deployment/cloudforge   cpu: 5%/70%   2     10    6     4m19s
18:17:56 HPA: cloudforge   Deployment/cloudforge   cpu: 5%/70%   2     10    6     4m21s
18:17:58 HPA: cloudforge   Deployment/cloudforge   cpu: 5%/70%   2     10    6     4m23s
18:18:00 HPA: cloudforge   Deployment/cloudforge   cpu: 5%/70%   2     10    6     4m26s
18:18:03 HPA: cloudforge   Deployment/cloudforge   cpu: 5%/70%   2     10    6     4m28s
18:18:05 HPA: cloudforge   Deployment/cloudforge   cpu: 5%/70%   2     10    6     4m30s
18:18:07 HPA: cloudforge   Deployment/cloudforge   cpu: 5%/70%   2     10    6     4m32s
18:18:09 HPA: cloudforge   Deployment/cloudforge   cpu: 5%/70%   2     10    6     4m34s
18:18:11 HPA: cloudforge   Deployment/cloudforge   cpu: 5%/70%   2     10    6     4m37s
18:18:14 HPA: cloudforge   Deployment/cloudforge   cpu: 5%/70%   2     10    6     4m39s
18:18:16 HPA: cloudforge   Deployment/cloudforge   cpu: 5%/70%   2     10    6     4m41s
18:18:18 HPA: cloudforge   Deployment/cloudforge   cpu: 5%/70%   2     10    6     4m43s
18:18:20 HPA: cloudforge   Deployment/cloudforge   cpu: 5%/70%   2     10    6     4m45s
18:18:22 HPA: cloudforge   Deployment/cloudforge   cpu: 5%/70%   2     10    6     4m47s
18:18:25 HPA: cloudforge   Deployment/cloudforge   cpu: 5%/70%   2     10    6     4m50s
18:18:27 HPA: cloudforge   Deployment/cloudforge   cpu: 5%/70%   2     10    6     4m52s
18:18:29 HPA: cloudforge   Deployment/cloudforge   cpu: 5%/70%   2     10    6     4m54s
18:18:31 HPA: cloudforge   Deployment/cloudforge   cpu: 5%/70%   2     10    6     4m56s
18:18:33 HPA: cloudforge   Deployment/cloudforge   cpu: 5%/70%   2     10    6     4m58s
18:18:35 HPA: cloudforge   Deployment/cloudforge   cpu: 6%/70%   2     10    6     5m1s
18:18:38 HPA: cloudforge   Deployment/cloudforge   cpu: 6%/70%   2     10    6     5m3s
18:18:40 HPA: cloudforge   Deployment/cloudforge   cpu: 6%/70%   2     10    6     5m5s
18:18:42 HPA: cloudforge   Deployment/cloudforge   cpu: 6%/70%   2     10    6     5m7s
18:18:44 HPA: cloudforge   Deployment/cloudforge   cpu: 6%/70%   2     10    6     5m9s
18:18:46 HPA: cloudforge   Deployment/cloudforge   cpu: 6%/70%   2     10    6     5m11s
18:18:49 HPA: cloudforge   Deployment/cloudforge   cpu: 6%/70%   2     10    6     5m14s
18:18:51 HPA: cloudforge   Deployment/cloudforge   cpu: 4%/70%   2     10    6     5m16s
18:18:53 HPA: cloudforge   Deployment/cloudforge   cpu: 4%/70%   2     10    6     5m18s
18:18:55 HPA: cloudforge   Deployment/cloudforge   cpu: 4%/70%   2     10    6     5m20s
18:18:57 HPA: cloudforge   Deployment/cloudforge   cpu: 4%/70%   2     10    6     5m22s
18:18:59 HPA: cloudforge   Deployment/cloudforge   cpu: 4%/70%   2     10    6     5m25s
18:19:02 HPA: cloudforge   Deployment/cloudforge   cpu: 4%/70%   2     10    6     5m27s
18:19:04 HPA: cloudforge   Deployment/cloudforge   cpu: 4%/70%   2     10    6     5m29s
18:19:06 HPA: cloudforge   Deployment/cloudforge   cpu: 4%/70%   2     10    6     5m31s
18:19:08 HPA: cloudforge   Deployment/cloudforge   cpu: 4%/70%   2     10    6     5m33s
18:19:10 HPA: cloudforge   Deployment/cloudforge   cpu: 4%/70%   2     10    6     5m35s
18:19:13 HPA: cloudforge   Deployment/cloudforge   cpu: 4%/70%   2     10    6     5m38s
18:19:15 HPA: cloudforge   Deployment/cloudforge   cpu: 4%/70%   2     10    6     5m40s
18:19:17 HPA: cloudforge   Deployment/cloudforge   cpu: 4%/70%   2     10    6     5m42s
18:19:19 HPA: cloudforge   Deployment/cloudforge   cpu: 4%/70%   2     10    6     5m44s
18:19:21 HPA: cloudforge   Deployment/cloudforge   cpu: 5%/70%   2     10    6     5m46s
18:19:23 HPA: cloudforge   Deployment/cloudforge   cpu: 5%/70%   2     10    6     5m49s
18:19:26 HPA: cloudforge   Deployment/cloudforge   cpu: 5%/70%   2     10    6     5m51s
18:19:28 HPA: cloudforge   Deployment/cloudforge   cpu: 5%/70%   2     10    6     5m53s
18:19:30 HPA: cloudforge   Deployment/cloudforge   cpu: 5%/70%   2     10    6     5m55s
18:19:32 HPA: cloudforge   Deployment/cloudforge   cpu: 5%/70%   2     10    6     5m57s
18:19:34 HPA: cloudforge   Deployment/cloudforge   cpu: 5%/70%   2     10    6     6m
18:19:37 HPA: cloudforge   Deployment/cloudforge   cpu: 4%/70%   2     10    6     6m2s
18:19:39 HPA: cloudforge   Deployment/cloudforge   cpu: 4%/70%   2     10    6     6m4s
18:19:41 HPA: cloudforge   Deployment/cloudforge   cpu: 4%/70%   2     10    6     6m6s
18:19:43 HPA: cloudforge   Deployment/cloudforge   cpu: 4%/70%   2     10    6     6m8s
18:19:45 HPA: cloudforge   Deployment/cloudforge   cpu: 4%/70%   2     10    6     6m10s
18:19:47 HPA: cloudforge   Deployment/cloudforge   cpu: 4%/70%   2     10    6     6m13s
18:19:50 HPA: cloudforge   Deployment/cloudforge   cpu: 4%/70%   2     10    6     6m15s
18:19:52 HPA: cloudforge   Deployment/cloudforge   cpu: 5%/70%   2     10    6     6m17s
18:19:54 HPA: cloudforge   Deployment/cloudforge   cpu: 5%/70%   2     10    6     6m19s
18:19:56 HPA: cloudforge   Deployment/cloudforge   cpu: 5%/70%   2     10    6     6m21s
18:19:58 HPA: cloudforge   Deployment/cloudforge   cpu: 5%/70%   2     10    6     6m23s
18:20:01 HPA: cloudforge   Deployment/cloudforge   cpu: 5%/70%   2     10    6     6m26s
18:20:03 HPA: cloudforge   Deployment/cloudforge   cpu: 5%/70%   2     10    6     6m28s
18:20:05 HPA: cloudforge   Deployment/cloudforge   cpu: 5%/70%   2     10    6     6m30s
18:20:07 HPA: cloudforge   Deployment/cloudforge   cpu: 4%/70%   2     10    6     6m32s
18:20:09 HPA: cloudforge   Deployment/cloudforge   cpu: 4%/70%   2     10    6     6m34s
18:20:11 HPA: cloudforge   Deployment/cloudforge   cpu: 4%/70%   2     10    6     6m37s
18:20:14 HPA: cloudforge   Deployment/cloudforge   cpu: 4%/70%   2     10    6     6m39s
18:20:16 HPA: cloudforge   Deployment/cloudforge   cpu: 4%/70%   2     10    6     6m41s
18:20:18 HPA: cloudforge   Deployment/cloudforge   cpu: 4%/70%   2     10    6     6m43s
18:20:20 HPA: cloudforge   Deployment/cloudforge   cpu: 4%/70%   2     10    6     6m45s
18:20:22 HPA: cloudforge   Deployment/cloudforge   cpu: <unknown>/70%   2     10    6     6m48s
18:20:25 HPA: cloudforge   Deployment/cloudforge   cpu: <unknown>/70%   2     10    6     6m50s
18:20:27 HPA: cloudforge   Deployment/cloudforge   cpu: <unknown>/70%   2     10    6     6m52s
18:20:29 HPA: cloudforge   Deployment/cloudforge   cpu: <unknown>/70%   2     10    6     6m54s
18:20:31 HPA: cloudforge   Deployment/cloudforge   cpu: <unknown>/70%   2     10    6     6m56s
18:20:33 HPA: cloudforge   Deployment/cloudforge   cpu: <unknown>/70%   2     10    6     6m58s
18:20:36 HPA: cloudforge   Deployment/cloudforge   cpu: 3%/70%   2     10    6     7m1s
18:20:38 HPA: cloudforge   Deployment/cloudforge   cpu: 3%/70%   2     10    6     7m3s
18:20:40 HPA: cloudforge   Deployment/cloudforge   cpu: 3%/70%   2     10    6     7m5s
18:20:42 HPA: cloudforge   Deployment/cloudforge   cpu: 3%/70%   2     10    6     7m7s
18:20:44 HPA: cloudforge   Deployment/cloudforge   cpu: 3%/70%   2     10    6     7m9s
18:20:46 HPA: cloudforge   Deployment/cloudforge   cpu: 3%/70%   2     10    6     7m12s
18:20:49 HPA: cloudforge   Deployment/cloudforge   cpu: 3%/70%   2     10    6     7m14s
18:20:51 HPA: cloudforge   Deployment/cloudforge   cpu: 4%/70%   2     10    6     7m16s
18:20:53 HPA: cloudforge   Deployment/cloudforge   cpu: 4%/70%   2     10    6     7m18s
18:20:55 HPA: cloudforge   Deployment/cloudforge   cpu: 4%/70%   2     10    6     7m20s
18:20:57 HPA: cloudforge   Deployment/cloudforge   cpu: 4%/70%   2     10    6     7m22s
18:21:00 HPA: cloudforge   Deployment/cloudforge   cpu: 4%/70%   2     10    6     7m25s
18:21:02 HPA: cloudforge   Deployment/cloudforge   cpu: 4%/70%   2     10    6     7m27s
18:21:04 HPA: cloudforge   Deployment/cloudforge   cpu: 4%/70%   2     10    6     7m29s
18:21:06 HPA: cloudforge   Deployment/cloudforge   cpu: 4%/70%   2     10    5     7m31s
18:21:08 HPA: cloudforge   Deployment/cloudforge   cpu: 4%/70%   2     10    5     7m33s
18:21:10 HPA: cloudforge   Deployment/cloudforge   cpu: 4%/70%   2     10    5     7m36s
18:21:13 HPA: cloudforge   Deployment/cloudforge   cpu: 4%/70%   2     10    5     7m38s
18:21:15 HPA: cloudforge   Deployment/cloudforge   cpu: 4%/70%   2     10    5     7m40s
18:21:17 HPA: cloudforge   Deployment/cloudforge   cpu: 4%/70%   2     10    5     7m42s
18:21:19 HPA: cloudforge   Deployment/cloudforge   cpu: 4%/70%   2     10    5     7m44s
18:21:21 HPA: cloudforge   Deployment/cloudforge   cpu: 4%/70%   2     10    5     7m46s
18:21:23 HPA: cloudforge   Deployment/cloudforge   cpu: 4%/70%   2     10    5     7m49s
18:21:26 HPA: cloudforge   Deployment/cloudforge   cpu: 4%/70%   2     10    5     7m51s
18:21:28 HPA: cloudforge   Deployment/cloudforge   cpu: 4%/70%   2     10    5     7m53s
18:21:30 HPA: cloudforge   Deployment/cloudforge   cpu: 4%/70%   2     10    5     7m55s
18:21:32 HPA: cloudforge   Deployment/cloudforge   cpu: 4%/70%   2     10    5     7m57s
18:21:34 HPA: cloudforge   Deployment/cloudforge   cpu: 4%/70%   2     10    5     8m
18:21:37 HPA: cloudforge   Deployment/cloudforge   cpu: 4%/70%   2     10    5     8m2s
18:21:39 HPA: cloudforge   Deployment/cloudforge   cpu: 4%/70%   2     10    5     8m4s
18:21:41 HPA: cloudforge   Deployment/cloudforge   cpu: 4%/70%   2     10    5     8m6s
18:21:43 HPA: cloudforge   Deployment/cloudforge   cpu: 4%/70%   2     10    5     8m8s
18:21:45 HPA: cloudforge   Deployment/cloudforge   cpu: 4%/70%   2     10    5     8m10s
18:21:47 HPA: cloudforge   Deployment/cloudforge   cpu: 4%/70%   2     10    5     8m13s
18:21:50 HPA: cloudforge   Deployment/cloudforge   cpu: 4%/70%   2     10    5     8m15s
18:21:52 HPA: cloudforge   Deployment/cloudforge   cpu: 4%/70%   2     10    5     8m17s
18:21:54 HPA: cloudforge   Deployment/cloudforge   cpu: 4%/70%   2     10    5     8m19s
18:21:56 HPA: cloudforge   Deployment/cloudforge   cpu: 4%/70%   2     10    5     8m21s
18:21:58 HPA: cloudforge   Deployment/cloudforge   cpu: 4%/70%   2     10    5     8m23s
18:22:01 HPA: cloudforge   Deployment/cloudforge   cpu: 4%/70%   2     10    5     8m26s
18:22:03 HPA: cloudforge   Deployment/cloudforge   cpu: 4%/70%   2     10    5     8m28s
18:22:05 HPA: cloudforge   Deployment/cloudforge   cpu: 4%/70%   2     10    5     8m30s
18:22:07 HPA: cloudforge   Deployment/cloudforge   cpu: 4%/70%   2     10    5     8m32s
18:22:09 HPA: cloudforge   Deployment/cloudforge   cpu: 4%/70%   2     10    5     8m34s
18:22:11 HPA: cloudforge   Deployment/cloudforge   cpu: 4%/70%   2     10    5     8m37s
18:22:14 HPA: cloudforge   Deployment/cloudforge   cpu: 4%/70%   2     10    5     8m39s
18:22:16 HPA: cloudforge   Deployment/cloudforge   cpu: 4%/70%   2     10    5     8m41s
18:22:18 HPA: cloudforge   Deployment/cloudforge   cpu: 4%/70%   2     10    5     8m43s
18:22:20 HPA: cloudforge   Deployment/cloudforge   cpu: 4%/70%   2     10    5     8m45s
18:22:22 HPA: cloudforge   Deployment/cloudforge   cpu: 4%/70%   2     10    5     8m47s
18:22:25 HPA: cloudforge   Deployment/cloudforge   cpu: 4%/70%   2     10    5     8m50s
18:22:27 HPA: cloudforge   Deployment/cloudforge   cpu: 4%/70%   2     10    5     8m52s
18:22:29 HPA: cloudforge   Deployment/cloudforge   cpu: 4%/70%   2     10    5     8m54s
18:22:31 HPA: cloudforge   Deployment/cloudforge   cpu: 4%/70%   2     10    5     8m56s
18:22:33 HPA: cloudforge   Deployment/cloudforge   cpu: 4%/70%   2     10    5     8m58s
18:22:35 HPA: cloudforge   Deployment/cloudforge   cpu: 4%/70%   2     10    5     9m1s
18:22:38 HPA: cloudforge   Deployment/cloudforge   cpu: 4%/70%   2     10    5     9m3s
18:22:40 HPA: cloudforge   Deployment/cloudforge   cpu: 4%/70%   2     10    5     9m5s
18:22:42 HPA: cloudforge   Deployment/cloudforge   cpu: 4%/70%   2     10    5     9m7s
18:22:44 HPA: cloudforge   Deployment/cloudforge   cpu: 4%/70%   2     10    5     9m9s
18:22:46 HPA: cloudforge   Deployment/cloudforge   cpu: 4%/70%   2     10    5     9m12s
18:22:49 HPA: cloudforge   Deployment/cloudforge   cpu: 4%/70%   2     10    5     9m14s
18:22:51 HPA: cloudforge   Deployment/cloudforge   cpu: 4%/70%   2     10    5     9m16s
18:22:53 HPA: cloudforge   Deployment/cloudforge   cpu: 4%/70%   2     10    5     9m18s
18:22:55 HPA: cloudforge   Deployment/cloudforge   cpu: 4%/70%   2     10    5     9m20s
18:22:57 HPA: cloudforge   Deployment/cloudforge   cpu: 4%/70%   2     10    5     9m22s
18:23:00 HPA: cloudforge   Deployment/cloudforge   cpu: 4%/70%   2     10    5     9m25s
18:23:02 HPA: cloudforge   Deployment/cloudforge   cpu: 4%/70%   2     10    5     9m27s
18:23:04 HPA: cloudforge   Deployment/cloudforge   cpu: 4%/70%   2     10    5     9m29s
18:23:06 HPA: cloudforge   Deployment/cloudforge   cpu: 4%/70%   2     10    5     9m31s
18:23:08 HPA: cloudforge   Deployment/cloudforge   cpu: 4%/70%   2     10    5     9m33s
18:23:10 HPA: cloudforge   Deployment/cloudforge   cpu: 4%/70%   2     10    5     9m36s
18:23:13 HPA: cloudforge   Deployment/cloudforge   cpu: 4%/70%   2     10    5     9m38s
18:23:15 HPA: cloudforge   Deployment/cloudforge   cpu: 4%/70%   2     10    5     9m40s
18:23:17 HPA: cloudforge   Deployment/cloudforge   cpu: 4%/70%   2     10    5     9m42s
18:23:19 HPA: cloudforge   Deployment/cloudforge   cpu: 4%/70%   2     10    5     9m44s
18:23:21 HPA: cloudforge   Deployment/cloudforge   cpu: 4%/70%   2     10    5     9m46s
18:23:23 HPA: cloudforge   Deployment/cloudforge   cpu: 4%/70%   2     10    5     9m49s
18:23:26 HPA: cloudforge   Deployment/cloudforge   cpu: 4%/70%   2     10    5     9m51s
18:23:28 HPA: cloudforge   Deployment/cloudforge   cpu: 4%/70%   2     10    5     9m53s
18:23:30 HPA: cloudforge   Deployment/cloudforge   cpu: 4%/70%   2     10    5     9m55s
18:23:32 HPA: cloudforge   Deployment/cloudforge   cpu: 4%/70%   2     10    5     9m57s
18:23:34 HPA: cloudforge   Deployment/cloudforge   cpu: 4%/70%   2     10    5     9m59s
18:23:37 HPA: cloudforge   Deployment/cloudforge   cpu: 4%/70%   2     10    5     10m
18:23:39 HPA: cloudforge   Deployment/cloudforge   cpu: 4%/70%   2     10    5     10m
18:23:41 HPA: cloudforge   Deployment/cloudforge   cpu: 4%/70%   2     10    5     10m
18:23:43 HPA: cloudforge   Deployment/cloudforge   cpu: 4%/70%   2     10    5     10m
18:23:45 HPA: cloudforge   Deployment/cloudforge   cpu: 4%/70%   2     10    5     10m
18:23:47 HPA: cloudforge   Deployment/cloudforge   cpu: 4%/70%   2     10    5     10m
18:23:50 HPA: cloudforge   Deployment/cloudforge   cpu: 4%/70%   2     10    5     10m
18:23:52 HPA: cloudforge   Deployment/cloudforge   cpu: 3%/70%   2     10    5     10m
18:23:54 HPA: cloudforge   Deployment/cloudforge   cpu: 3%/70%   2     10    5     10m
18:23:56 HPA: cloudforge   Deployment/cloudforge   cpu: 3%/70%   2     10    5     10m
18:23:58 HPA: cloudforge   Deployment/cloudforge   cpu: 3%/70%   2     10    5     10m
18:24:01 HPA: cloudforge   Deployment/cloudforge   cpu: 3%/70%   2     10    5     10m
18:24:03 HPA: cloudforge   Deployment/cloudforge   cpu: 3%/70%   2     10    5     10m
18:24:05 HPA: cloudforge   Deployment/cloudforge   cpu: 3%/70%   2     10    5     10m
18:24:07 HPA: cloudforge   Deployment/cloudforge   cpu: 3%/70%   2     10    5     10m
18:24:09 HPA: cloudforge   Deployment/cloudforge   cpu: 3%/70%   2     10    5     10m
18:24:11 HPA: cloudforge   Deployment/cloudforge   cpu: 3%/70%   2     10    5     10m
18:24:14 HPA: cloudforge   Deployment/cloudforge   cpu: 3%/70%   2     10    5     10m
18:24:16 HPA: cloudforge   Deployment/cloudforge   cpu: 3%/70%   2     10    5     10m
18:24:18 HPA: cloudforge   Deployment/cloudforge   cpu: 3%/70%   2     10    5     10m
18:24:20 HPA: cloudforge   Deployment/cloudforge   cpu: 3%/70%   2     10    5     10m
18:24:22 HPA: cloudforge   Deployment/cloudforge   cpu: 3%/70%   2     10    5     10m
18:24:25 HPA: cloudforge   Deployment/cloudforge   cpu: 3%/70%   2     10    5     10m
18:24:27 HPA: cloudforge   Deployment/cloudforge   cpu: 3%/70%   2     10    5     10m
18:24:29 HPA: cloudforge   Deployment/cloudforge   cpu: 3%/70%   2     10    5     10m
18:24:31 HPA: cloudforge   Deployment/cloudforge   cpu: 3%/70%   2     10    5     10m
18:24:33 HPA: cloudforge   Deployment/cloudforge   cpu: 3%/70%   2     10    5     10m
18:24:36 HPA: cloudforge   Deployment/cloudforge   cpu: 3%/70%   2     10    5     11m
18:24:38 HPA: cloudforge   Deployment/cloudforge   cpu: 3%/70%   2     10    5     11m
18:24:40 HPA: cloudforge   Deployment/cloudforge   cpu: 3%/70%   2     10    5     11m
18:24:42 HPA: cloudforge   Deployment/cloudforge   cpu: 3%/70%   2     10    5     11m
18:24:44 HPA: cloudforge   Deployment/cloudforge   cpu: 3%/70%   2     10    5     11m
18:24:47 HPA: cloudforge   Deployment/cloudforge   cpu: 3%/70%   2     10    5     11m
18:24:49 HPA: cloudforge   Deployment/cloudforge   cpu: 3%/70%   2     10    5     11m
18:24:51 HPA: cloudforge   Deployment/cloudforge   cpu: 4%/70%   2     10    5     11m
18:24:53 HPA: cloudforge   Deployment/cloudforge   cpu: 4%/70%   2     10    5     11m
18:24:55 HPA: cloudforge   Deployment/cloudforge   cpu: 4%/70%   2     10    5     11m
18:24:58 HPA: cloudforge   Deployment/cloudforge   cpu: 4%/70%   2     10    5     11m
18:25:00 HPA: cloudforge   Deployment/cloudforge   cpu: 4%/70%   2     10    5     11m
18:25:02 HPA: cloudforge   Deployment/cloudforge   cpu: 4%/70%   2     10    5     11m
18:25:04 HPA: cloudforge   Deployment/cloudforge   cpu: 4%/70%   2     10    5     11m
18:25:06 HPA: cloudforge   Deployment/cloudforge   cpu: 3%/70%   2     10    5     11m
18:25:08 HPA: cloudforge   Deployment/cloudforge   cpu: 3%/70%   2     10    5     11m
18:25:11 HPA: cloudforge   Deployment/cloudforge   cpu: 3%/70%   2     10    5     11m
18:25:13 HPA: cloudforge   Deployment/cloudforge   cpu: 3%/70%   2     10    5     11m
18:25:15 HPA: cloudforge   Deployment/cloudforge   cpu: 3%/70%   2     10    5     11m
18:25:17 HPA: cloudforge   Deployment/cloudforge   cpu: 3%/70%   2     10    5     11m
18:25:19 HPA: cloudforge   Deployment/cloudforge   cpu: 3%/70%   2     10    5     11m
18:25:22 HPA: cloudforge   Deployment/cloudforge   cpu: 4%/70%   2     10    2     11m
18:25:24 HPA: cloudforge   Deployment/cloudforge   cpu: 4%/70%   2     10    2     11m
18:25:26 HPA: cloudforge   Deployment/cloudforge   cpu: 4%/70%   2     10    2     11m
18:25:28 HPA: cloudforge   Deployment/cloudforge   cpu: 4%/70%   2     10    2     11m
18:25:30 HPA: cloudforge   Deployment/cloudforge   cpu: 4%/70%   2     10    2     11m
18:25:33 HPA: cloudforge   Deployment/cloudforge   cpu: 4%/70%   2     10    2     11m
18:25:35 HPA: cloudforge   Deployment/cloudforge   cpu: 4%/70%   2     10    2     12m
18:25:37 HPA: cloudforge   Deployment/cloudforge   cpu: 4%/70%   2     10    2     12m
18:25:39 HPA: cloudforge   Deployment/cloudforge   cpu: 4%/70%   2     10    2     12m
18:25:41 HPA: cloudforge   Deployment/cloudforge   cpu: 4%/70%   2     10    2     12m
18:25:43 HPA: cloudforge   Deployment/cloudforge   cpu: 4%/70%   2     10    2     12m
18:25:46 HPA: cloudforge   Deployment/cloudforge   cpu: 4%/70%   2     10    2     12m
18:25:48 HPA: cloudforge   Deployment/cloudforge   cpu: 4%/70%   2     10    2     12m
18:25:50 HPA: cloudforge   Deployment/cloudforge   cpu: 4%/70%   2     10    2     12m
18:25:52 HPA: cloudforge   Deployment/cloudforge   cpu: 4%/70%   2     10    2     12m
18:25:54 HPA: cloudforge   Deployment/cloudforge   cpu: 4%/70%   2     10    2     12m
18:25:57 HPA: cloudforge   Deployment/cloudforge   cpu: 4%/70%   2     10    2     12m
18:25:59 HPA: cloudforge   Deployment/cloudforge   cpu: 4%/70%   2     10    2     12m
18:26:01 HPA: cloudforge   Deployment/cloudforge   cpu: 4%/70%   2     10    2     12m
18:26:03 HPA: cloudforge   Deployment/cloudforge   cpu: 4%/70%   2     10    2     12m
18:26:05 HPA: cloudforge   Deployment/cloudforge   cpu: 4%/70%   2     10    2     12m
18:26:07 HPA: cloudforge   Deployment/cloudforge   cpu: 4%/70%   2     10    2     12m
18:26:10 HPA: cloudforge   Deployment/cloudforge   cpu: 4%/70%   2     10    2     12m
18:26:12 HPA: cloudforge   Deployment/cloudforge   cpu: 4%/70%   2     10    2     12m
18:26:14 HPA: cloudforge   Deployment/cloudforge   cpu: 4%/70%   2     10    2     12m
18:26:16 HPA: cloudforge   Deployment/cloudforge   cpu: 4%/70%   2     10    2     12m
18:26:18 HPA: cloudforge   Deployment/cloudforge   cpu: 4%/70%   2     10    2     12m
18:26:20 HPA: cloudforge   Deployment/cloudforge   cpu: 4%/70%   2     10    2     12m
18:26:23 HPA: cloudforge   Deployment/cloudforge   cpu: 4%/70%   2     10    2     12m
18:26:25 HPA: cloudforge   Deployment/cloudforge   cpu: 4%/70%   2     10    2     12m
18:26:27 HPA: cloudforge   Deployment/cloudforge   cpu: 4%/70%   2     10    2     12m
18:26:29 HPA: cloudforge   Deployment/cloudforge   cpu: 4%/70%   2     10    2     12m
18:26:31 HPA: cloudforge   Deployment/cloudforge   cpu: 4%/70%   2     10    2     12m
18:26:34 HPA: cloudforge   Deployment/cloudforge   cpu: 4%/70%   2     10    2     12m
18:26:36 HPA: cloudforge   Deployment/cloudforge   cpu: 4%/70%   2     10    2     13m
18:26:38 HPA: cloudforge   Deployment/cloudforge   cpu: 4%/70%   2     10    2     13m
18:26:40 HPA: cloudforge   Deployment/cloudforge   cpu: 4%/70%   2     10    2     13m
18:26:42 HPA: cloudforge   Deployment/cloudforge   cpu: 4%/70%   2     10    2     13m
18:26:44 HPA: cloudforge   Deployment/cloudforge   cpu: 4%/70%   2     10    2     13m
18:26:47 HPA: cloudforge   Deployment/cloudforge   cpu: 4%/70%   2     10    2     13m
18:26:49 HPA: cloudforge   Deployment/cloudforge   cpu: 4%/70%   2     10    2     13m
18:26:51 HPA: cloudforge   Deployment/cloudforge   cpu: 4%/70%   2     10    2     13m
18:26:53 HPA: cloudforge   Deployment/cloudforge   cpu: 4%/70%   2     10    2     13m
18:26:55 HPA: cloudforge   Deployment/cloudforge   cpu: 4%/70%   2     10    2     13m
18:26:57 HPA: cloudforge   Deployment/cloudforge   cpu: 4%/70%   2     10    2     13m
18:27:00 HPA: cloudforge   Deployment/cloudforge   cpu: 4%/70%   2     10    2     13m
18:27:02 HPA: cloudforge   Deployment/cloudforge   cpu: 4%/70%   2     10    2     13m
18:27:04 HPA: cloudforge   Deployment/cloudforge   cpu: 4%/70%   2     10    2     13m
18:27:06 HPA: cloudforge   Deployment/cloudforge   cpu: 4%/70%   2     10    2     13m
18:27:08 HPA: cloudforge   Deployment/cloudforge   cpu: 4%/70%   2     10    2     13m
18:27:10 HPA: cloudforge   Deployment/cloudforge   cpu: 4%/70%   2     10    2     13m
18:27:13 HPA: cloudforge   Deployment/cloudforge   cpu: 4%/70%   2     10    2     13m
18:27:15 HPA: cloudforge   Deployment/cloudforge   cpu: 4%/70%   2     10    2     13m
18:27:17 HPA: cloudforge   Deployment/cloudforge   cpu: 4%/70%   2     10    2     13m
18:27:19 HPA: cloudforge   Deployment/cloudforge   cpu: 4%/70%   2     10    2     13m
18:27:21 HPA: cloudforge   Deployment/cloudforge   cpu: 3%/70%   2     10    2     13m
18:27:24 HPA: cloudforge   Deployment/cloudforge   cpu: 3%/70%   2     10    2     13m
18:27:26 HPA: cloudforge   Deployment/cloudforge   cpu: 3%/70%   2     10    2     13m
18:27:28 HPA: cloudforge   Deployment/cloudforge   cpu: 3%/70%   2     10    2     13m
18:27:30 HPA: cloudforge   Deployment/cloudforge   cpu: 3%/70%   2     10    2     13m
18:27:32 HPA: cloudforge   Deployment/cloudforge   cpu: 3%/70%   2     10    2     13m
18:27:34 HPA: cloudforge   Deployment/cloudforge   cpu: 3%/70%   2     10    2     14m
18:27:37 HPA: cloudforge   Deployment/cloudforge   cpu: 4%/70%   2     10    2     14m
18:27:39 HPA: cloudforge   Deployment/cloudforge   cpu: 4%/70%   2     10    2     14m
18:27:41 HPA: cloudforge   Deployment/cloudforge   cpu: 4%/70%   2     10    2     14m
18:27:43 HPA: cloudforge   Deployment/cloudforge   cpu: 4%/70%   2     10    2     14m
18:27:45 HPA: cloudforge   Deployment/cloudforge   cpu: 4%/70%   2     10    2     14m
18:27:47 HPA: cloudforge   Deployment/cloudforge   cpu: 4%/70%   2     10    2     14m
18:27:50 HPA: cloudforge   Deployment/cloudforge   cpu: 4%/70%   2     10    2     14m
18:27:52 HPA: cloudforge   Deployment/cloudforge   cpu: 4%/70%   2     10    2     14m
18:27:54 HPA: cloudforge   Deployment/cloudforge   cpu: 4%/70%   2     10    2     14m
18:27:56 HPA: cloudforge   Deployment/cloudforge   cpu: 4%/70%   2     10    2     14m
18:27:58 HPA: cloudforge   Deployment/cloudforge   cpu: 4%/70%   2     10    2     14m
18:28:00 HPA: cloudforge   Deployment/cloudforge   cpu: 4%/70%   2     10    2     14m
18:28:03 HPA: cloudforge   Deployment/cloudforge   cpu: 4%/70%   2     10    2     14m
18:28:05 HPA: cloudforge   Deployment/cloudforge   cpu: 4%/70%   2     10    2     14m
18:28:07 HPA: cloudforge   Deployment/cloudforge   cpu: 4%/70%   2     10    2     14m
18:28:09 HPA: cloudforge   Deployment/cloudforge   cpu: 4%/70%   2     10    2     14m
18:28:11 HPA: cloudforge   Deployment/cloudforge   cpu: 4%/70%   2     10    2     14m
18:28:14 HPA: cloudforge   Deployment/cloudforge   cpu: 4%/70%   2     10    2     14m
18:28:16 HPA: cloudforge   Deployment/cloudforge   cpu: 4%/70%   2     10    2     14m
18:28:18 HPA: cloudforge   Deployment/cloudforge   cpu: 4%/70%   2     10    2     14m
18:28:20 HPA: cloudforge   Deployment/cloudforge   cpu: 4%/70%   2     10    2     14m
18:28:22 HPA: cloudforge   Deployment/cloudforge   cpu: 4%/70%   2     10    2     14m
18:28:25 HPA: cloudforge   Deployment/cloudforge   cpu: 4%/70%   2     10    2     14m
18:28:27 HPA: cloudforge   Deployment/cloudforge   cpu: 4%/70%   2     10    2     14m
18:28:29 HPA: cloudforge   Deployment/cloudforge   cpu: 4%/70%   2     10    2     14m
18:28:31 HPA: cloudforge   Deployment/cloudforge   cpu: 4%/70%   2     10    2     14m
18:28:33 HPA: cloudforge   Deployment/cloudforge   cpu: 4%/70%   2     10    2     14m
18:28:35 HPA: cloudforge   Deployment/cloudforge   cpu: 4%/70%   2     10    2     15m
18:28:38 HPA: cloudforge   Deployment/cloudforge   cpu: 4%/70%   2     10    2     15m
18:28:40 HPA: cloudforge   Deployment/cloudforge   cpu: 4%/70%   2     10    2     15m
18:28:42 HPA: cloudforge   Deployment/cloudforge   cpu: 4%/70%   2     10    2     15m
18:28:44 HPA: cloudforge   Deployment/cloudforge   cpu: 4%/70%   2     10    2     15m
18:28:46 HPA: cloudforge   Deployment/cloudforge   cpu: 4%/70%   2     10    2     15m
18:28:48 HPA: cloudforge   Deployment/cloudforge   cpu: 4%/70%   2     10    2     15m
18:28:51 HPA: cloudforge   Deployment/cloudforge   cpu: 4%/70%   2     10    2     15m
18:28:53 HPA: cloudforge   Deployment/cloudforge   cpu: 4%/70%   2     10    2     15m
18:28:55 HPA: cloudforge   Deployment/cloudforge   cpu: 4%/70%   2     10    2     15m
18:28:57 HPA: cloudforge   Deployment/cloudforge   cpu: 4%/70%   2     10    2     15m
18:28:59 HPA: cloudforge   Deployment/cloudforge   cpu: 4%/70%   2     10    2     15m
18:29:01 HPA: cloudforge   Deployment/cloudforge   cpu: 4%/70%   2     10    2     15m
18:29:04 HPA: cloudforge   Deployment/cloudforge   cpu: 4%/70%   2     10    2     15m
18:29:06 HPA: cloudforge   Deployment/cloudforge   cpu: 4%/70%   2     10    2     15m
18:29:08 HPA: cloudforge   Deployment/cloudforge   cpu: 4%/70%   2     10    2     15m
18:29:10 HPA: cloudforge   Deployment/cloudforge   cpu: 4%/70%   2     10    2     15m
18:29:12 HPA: cloudforge   Deployment/cloudforge   cpu: 4%/70%   2     10    2     15m
18:29:15 HPA: cloudforge   Deployment/cloudforge   cpu: 4%/70%   2     10    2     15m
18:29:17 HPA: cloudforge   Deployment/cloudforge   cpu: 4%/70%   2     10    2     15m
18:29:19 HPA: cloudforge   Deployment/cloudforge   cpu: 4%/70%   2     10    2     15m
18:29:21 HPA: cloudforge   Deployment/cloudforge   cpu: 4%/70%   2     10    2     15m
18:29:23 HPA: cloudforge   Deployment/cloudforge   cpu: 4%/70%   2     10    2     15m
18:29:25 HPA: cloudforge   Deployment/cloudforge   cpu: 4%/70%   2     10    2     15m
18:29:28 HPA: cloudforge   Deployment/cloudforge   cpu: 4%/70%   2     10    2     15m
18:29:30 HPA: cloudforge   Deployment/cloudforge   cpu: 4%/70%   2     10    2     15m
18:29:32 HPA: cloudforge   Deployment/cloudforge   cpu: 4%/70%   2     10    2     15m
18:29:34 HPA: cloudforge   Deployment/cloudforge   cpu: 4%/70%   2     10    2     15m
18:29:36 HPA: cloudforge   Deployment/cloudforge   cpu: 4%/70%   2     10    2     16m
18:29:38 HPA: cloudforge   Deployment/cloudforge   cpu: 4%/70%   2     10    2     16m
18:29:41 HPA: cloudforge   Deployment/cloudforge   cpu: 4%/70%   2     10    2     16m
18:29:43 HPA: cloudforge   Deployment/cloudforge   cpu: 4%/70%   2     10    2     16m
18:29:45 HPA: cloudforge   Deployment/cloudforge   cpu: 4%/70%   2     10    2     16m
18:29:47 HPA: cloudforge   Deployment/cloudforge   cpu: 4%/70%   2     10    2     16m
18:29:49 HPA: cloudforge   Deployment/cloudforge   cpu: 4%/70%   2     10    2     16m
18:29:51 HPA: cloudforge   Deployment/cloudforge   cpu: 4%/70%   2     10    2     16m
18:29:54 HPA: cloudforge   Deployment/cloudforge   cpu: 4%/70%   2     10    2     16m
18:29:56 HPA: cloudforge   Deployment/cloudforge   cpu: 4%/70%   2     10    2     16m
18:29:58 HPA: cloudforge   Deployment/cloudforge   cpu: 4%/70%   2     10    2     16m
18:30:00 HPA: cloudforge   Deployment/cloudforge   cpu: 4%/70%   2     10    2     16m
18:30:02 HPA: cloudforge   Deployment/cloudforge   cpu: 4%/70%   2     10    2     16m
18:30:05 HPA: cloudforge   Deployment/cloudforge   cpu: 4%/70%   2     10    2     16m
18:30:07 HPA: cloudforge   Deployment/cloudforge   cpu: 4%/70%   2     10    2     16m
18:30:09 HPA: cloudforge   Deployment/cloudforge   cpu: 4%/70%   2     10    2     16m
18:30:11 HPA: cloudforge   Deployment/cloudforge   cpu: 4%/70%   2     10    2     16m
18:30:13 HPA: cloudforge   Deployment/cloudforge   cpu: 4%/70%   2     10    2     16m
18:30:15 HPA: cloudforge   Deployment/cloudforge   cpu: 4%/70%   2     10    2     16m
18:30:18 HPA: cloudforge   Deployment/cloudforge   cpu: 4%/70%   2     10    2     16m
18:30:20 HPA: cloudforge   Deployment/cloudforge   cpu: 4%/70%   2     10    2     16m
18:30:22 HPA: cloudforge   Deployment/cloudforge   cpu: 4%/70%   2     10    2     16m
18:30:24 HPA: cloudforge   Deployment/cloudforge   cpu: 4%/70%   2     10    2     16m
18:30:26 HPA: cloudforge   Deployment/cloudforge   cpu: 4%/70%   2     10    2     16m
18:30:28 HPA: cloudforge   Deployment/cloudforge   cpu: 4%/70%   2     10    2     16m
18:30:31 HPA: cloudforge   Deployment/cloudforge   cpu: 4%/70%   2     10    2     16m
18:30:33 HPA: cloudforge   Deployment/cloudforge   cpu: 4%/70%   2     10    2     16m
18:30:35 HPA: cloudforge   Deployment/cloudforge   cpu: 4%/70%   2     10    2     17m
18:30:37 HPA: cloudforge   Deployment/cloudforge   cpu: 4%/70%   2     10    2     17m
18:30:39 HPA: cloudforge   Deployment/cloudforge   cpu: 4%/70%   2     10    2     17m
18:30:41 HPA: cloudforge   Deployment/cloudforge   cpu: 4%/70%   2     10    2     17m
18:30:44 HPA: cloudforge   Deployment/cloudforge   cpu: 4%/70%   2     10    2     17m
18:30:46 HPA: cloudforge   Deployment/cloudforge   cpu: 4%/70%   2     10    2     17m
18:30:48 HPA: cloudforge   Deployment/cloudforge   cpu: 4%/70%   2     10    2     17m
18:30:50 HPA: cloudforge   Deployment/cloudforge   cpu: 4%/70%   2     10    2     17m
18:30:52 HPA: cloudforge   Deployment/cloudforge   cpu: 4%/70%   2     10    2     17m
18:30:54 HPA: cloudforge   Deployment/cloudforge   cpu: 4%/70%   2     10    2     17m
18:30:57 HPA: cloudforge   Deployment/cloudforge   cpu: 4%/70%   2     10    2     17m
18:30:59 HPA: cloudforge   Deployment/cloudforge   cpu: 4%/70%   2     10    2     17m
18:31:01 HPA: cloudforge   Deployment/cloudforge   cpu: 4%/70%   2     10    2     17m
18:31:03 HPA: cloudforge   Deployment/cloudforge   cpu: 4%/70%   2     10    2     17m
18:31:05 HPA: cloudforge   Deployment/cloudforge   cpu: 4%/70%   2     10    2     17m
18:31:08 HPA: cloudforge   Deployment/cloudforge   cpu: 4%/70%   2     10    2     17m
18:31:10 HPA: cloudforge   Deployment/cloudforge   cpu: 4%/70%   2     10    2     17m
18:31:12 HPA: cloudforge   Deployment/cloudforge   cpu: 4%/70%   2     10    2     17m
18:31:14 HPA: cloudforge   Deployment/cloudforge   cpu: 4%/70%   2     10    2     17m
18:31:16 HPA: cloudforge   Deployment/cloudforge   cpu: 4%/70%   2     10    2     17m
18:31:18 HPA: cloudforge   Deployment/cloudforge   cpu: 4%/70%   2     10    2     17m
18:31:21 HPA: cloudforge   Deployment/cloudforge   cpu: 4%/70%   2     10    2     17m
18:31:23 HPA: cloudforge   Deployment/cloudforge   cpu: 4%/70%   2     10    2     17m
18:31:25 HPA: cloudforge   Deployment/cloudforge   cpu: 4%/70%   2     10    2     17m
18:31:27 HPA: cloudforge   Deployment/cloudforge   cpu: 4%/70%   2     10    2     17m
18:31:29 HPA: cloudforge   Deployment/cloudforge   cpu: 4%/70%   2     10    2     17m
18:31:31 HPA: cloudforge   Deployment/cloudforge   cpu: 4%/70%   2     10    2     17m
18:31:34 HPA: cloudforge   Deployment/cloudforge   cpu: 4%/70%   2     10    2     17m
18:31:36 HPA: cloudforge   Deployment/cloudforge   cpu: 4%/70%   2     10    2     18m
18:31:38 HPA: cloudforge   Deployment/cloudforge   cpu: 4%/70%   2     10    2     18m
18:31:40 HPA: cloudforge   Deployment/cloudforge   cpu: 4%/70%   2     10    2     18m
18:31:42 HPA: cloudforge   Deployment/cloudforge   cpu: 4%/70%   2     10    2     18m
18:31:45 HPA: cloudforge   Deployment/cloudforge   cpu: 4%/70%   2     10    2     18m
18:31:47 HPA: cloudforge   Deployment/cloudforge   cpu: 4%/70%   2     10    2     18m
18:31:49 HPA: cloudforge   Deployment/cloudforge   cpu: 4%/70%   2     10    2     18m
18:31:51 HPA: cloudforge   Deployment/cloudforge   cpu: 4%/70%   2     10    2     18m
18:31:53 HPA: cloudforge   Deployment/cloudforge   cpu: 4%/70%   2     10    2     18m
18:31:55 HPA: cloudforge   Deployment/cloudforge   cpu: 4%/70%   2     10    2     18m
18:31:58 HPA: cloudforge   Deployment/cloudforge   cpu: 4%/70%   2     10    2     18m
18:32:00 HPA: cloudforge   Deployment/cloudforge   cpu: 4%/70%   2     10    2     18m
18:32:02 HPA: cloudforge   Deployment/cloudforge   cpu: 4%/70%   2     10    2     18m
18:32:04 HPA: cloudforge   Deployment/cloudforge   cpu: 4%/70%   2     10    2     18m
18:32:06 HPA: cloudforge   Deployment/cloudforge   cpu: 4%/70%   2     10    2     18m
18:32:08 HPA: cloudforge   Deployment/cloudforge   cpu: 4%/70%   2     10    2     18m
18:32:11 HPA: cloudforge   Deployment/cloudforge   cpu: 4%/70%   2     10    2     18m
18:32:13 HPA: cloudforge   Deployment/cloudforge   cpu: 4%/70%   2     10    2     18m
18:32:15 HPA: cloudforge   Deployment/cloudforge   cpu: 4%/70%   2     10    2     18m
18:32:17 HPA: cloudforge   Deployment/cloudforge   cpu: 4%/70%   2     10    2     18m
18:32:19 HPA: cloudforge   Deployment/cloudforge   cpu: 4%/70%   2     10    2     18m
18:32:21 HPA: cloudforge   Deployment/cloudforge   cpu: 4%/70%   2     10    2     18m
18:32:24 HPA: cloudforge   Deployment/cloudforge   cpu: 4%/70%   2     10    2     18m
18:32:26 HPA: cloudforge   Deployment/cloudforge   cpu: 4%/70%   2     10    2     18m
18:32:28 HPA: cloudforge   Deployment/cloudforge   cpu: 4%/70%   2     10    2     18m
18:32:30 HPA: cloudforge   Deployment/cloudforge   cpu: 4%/70%   2     10    2     18m
18:32:32 HPA: cloudforge   Deployment/cloudforge   cpu: 4%/70%   2     10    2     18m
18:32:34 HPA: cloudforge   Deployment/cloudforge   cpu: 4%/70%   2     10    2     19m
18:32:37 HPA: cloudforge   Deployment/cloudforge   cpu: 4%/70%   2     10    2     19m
18:32:39 HPA: cloudforge   Deployment/cloudforge   cpu: 4%/70%   2     10    2     19m
18:32:41 HPA: cloudforge   Deployment/cloudforge   cpu: 4%/70%   2     10    2     19m
18:32:43 HPA: cloudforge   Deployment/cloudforge   cpu: 4%/70%   2     10    2     19m
18:32:45 HPA: cloudforge   Deployment/cloudforge   cpu: 4%/70%   2     10    2     19m
18:32:48 HPA: cloudforge   Deployment/cloudforge   cpu: 4%/70%   2     10    2     19m
18:32:50 HPA: cloudforge   Deployment/cloudforge   cpu: 4%/70%   2     10    2     19m
18:32:52 HPA: cloudforge   Deployment/cloudforge   cpu: 4%/70%   2     10    2     19m
18:32:54 HPA: cloudforge   Deployment/cloudforge   cpu: 4%/70%   2     10    2     19m
18:32:56 HPA: cloudforge   Deployment/cloudforge   cpu: 4%/70%   2     10    2     19m
18:32:58 HPA: cloudforge   Deployment/cloudforge   cpu: 4%/70%   2     10    2     19m
18:33:01 HPA: cloudforge   Deployment/cloudforge   cpu: 4%/70%   2     10    2     19m
18:33:03 HPA: cloudforge   Deployment/cloudforge   cpu: 4%/70%   2     10    2     19m
18:33:05 HPA: cloudforge   Deployment/cloudforge   cpu: 4%/70%   2     10    2     19m
18:33:07 HPA: cloudforge   Deployment/cloudforge   cpu: 4%/70%   2     10    2     19m
18:33:09 HPA: cloudforge   Deployment/cloudforge   cpu: 4%/70%   2     10    2     19m
18:33:11 HPA: cloudforge   Deployment/cloudforge   cpu: 4%/70%   2     10    2     19m
18:33:14 HPA: cloudforge   Deployment/cloudforge   cpu: 4%/70%   2     10    2     19m
18:33:16 HPA: cloudforge   Deployment/cloudforge   cpu: 4%/70%   2     10    2     19m
18:33:18 HPA: cloudforge   Deployment/cloudforge   cpu: 4%/70%   2     10    2     19m
18:33:20 HPA: cloudforge   Deployment/cloudforge   cpu: 4%/70%   2     10    2     19m
18:33:22 HPA: cloudforge   Deployment/cloudforge   cpu: 4%/70%   2     10    2     19m
18:33:24 HPA: cloudforge   Deployment/cloudforge   cpu: 4%/70%   2     10    2     19m
18:33:27 HPA: cloudforge   Deployment/cloudforge   cpu: 4%/70%   2     10    2     19m
18:33:29 HPA: cloudforge   Deployment/cloudforge   cpu: 4%/70%   2     10    2     19m
18:33:31 HPA: cloudforge   Deployment/cloudforge   cpu: 4%/70%   2     10    2     19m
18:33:33 HPA: cloudforge   Deployment/cloudforge   cpu: 4%/70%   2     10    2     19m
18:33:35 HPA: cloudforge   Deployment/cloudforge   cpu: 4%/70%   2     10    2     20m
18:33:37 HPA: cloudforge   Deployment/cloudforge   cpu: 4%/70%   2     10    2     20m
18:33:40 HPA: cloudforge   Deployment/cloudforge   cpu: 4%/70%   2     10    2     20m
18:33:42 HPA: cloudforge   Deployment/cloudforge   cpu: 4%/70%   2     10    2     20m
18:33:44 HPA: cloudforge   Deployment/cloudforge   cpu: 4%/70%   2     10    2     20m
18:33:46 HPA: cloudforge   Deployment/cloudforge   cpu: 4%/70%   2     10    2     20m
18:33:48 HPA: cloudforge   Deployment/cloudforge   cpu: 4%/70%   2     10    2     20m
18:33:50 HPA: cloudforge   Deployment/cloudforge   cpu: 4%/70%   2     10    2     20m
18:33:53 HPA: cloudforge   Deployment/cloudforge   cpu: 4%/70%   2     10    2     20m
18:33:55 HPA: cloudforge   Deployment/cloudforge   cpu: 4%/70%   2     10    2     20m
18:33:57 HPA: cloudforge   Deployment/cloudforge   cpu: 4%/70%   2     10    2     20m
18:33:59 HPA: cloudforge   Deployment/cloudforge   cpu: 4%/70%   2     10    2     20m
18:34:01 HPA: cloudforge   Deployment/cloudforge   cpu: 4%/70%   2     10    2     20m
18:34:04 HPA: cloudforge   Deployment/cloudforge   cpu: 4%/70%   2     10    2     20m
18:34:06 HPA: cloudforge   Deployment/cloudforge   cpu: 4%/70%   2     10    2     20m
18:34:08 HPA: cloudforge   Deployment/cloudforge   cpu: 4%/70%   2     10    2     20m
18:34:10 HPA: cloudforge   Deployment/cloudforge   cpu: 4%/70%   2     10    2     20m
18:34:12 HPA: cloudforge   Deployment/cloudforge   cpu: 4%/70%   2     10    2     20m
18:34:14 HPA: cloudforge   Deployment/cloudforge   cpu: 4%/70%   2     10    2     20m
18:34:17 HPA: cloudforge   Deployment/cloudforge   cpu: 4%/70%   2     10    2     20m
18:34:19 HPA: cloudforge   Deployment/cloudforge   cpu: 4%/70%   2     10    2     20m
18:34:21 HPA: cloudforge   Deployment/cloudforge   cpu: 4%/70%   2     10    2     20m
18:34:23 HPA: cloudforge   Deployment/cloudforge   cpu: 4%/70%   2     10    2     20m
18:34:25 HPA: cloudforge   Deployment/cloudforge   cpu: 4%/70%   2     10    2     20m
18:34:27 HPA: cloudforge   Deployment/cloudforge   cpu: 4%/70%   2     10    2     20m
18:34:30 HPA: cloudforge   Deployment/cloudforge   cpu: 4%/70%   2     10    2     20m
18:34:32 HPA: cloudforge   Deployment/cloudforge   cpu: 4%/70%   2     10    2     20m
18:34:34 HPA: cloudforge   Deployment/cloudforge   cpu: 4%/70%   2     10    2     20m
18:34:36 HPA: cloudforge   Deployment/cloudforge   cpu: 4%/70%   2     10    2     21m
18:34:38 HPA: cloudforge   Deployment/cloudforge   cpu: 4%/70%   2     10    2     21m
18:34:40 HPA: cloudforge   Deployment/cloudforge   cpu: 4%/70%   2     10    2     21m
18:34:43 HPA: cloudforge   Deployment/cloudforge   cpu: 4%/70%   2     10    2     21m
18:34:45 HPA: cloudforge   Deployment/cloudforge   cpu: 4%/70%   2     10    2     21m
18:34:47 HPA: cloudforge   Deployment/cloudforge   cpu: 4%/70%   2     10    2     21m
18:34:49 HPA: cloudforge   Deployment/cloudforge   cpu: 4%/70%   2     10    2     21m
18:34:51 HPA: cloudforge   Deployment/cloudforge   cpu: 4%/70%   2     10    2     21m
18:34:53 HPA: cloudforge   Deployment/cloudforge   cpu: 4%/70%   2     10    2     21m
18:34:56 HPA: cloudforge   Deployment/cloudforge   cpu: 4%/70%   2     10    2     21m
18:34:58 HPA: cloudforge   Deployment/cloudforge   cpu: 4%/70%   2     10    2     21m
18:35:00 HPA: cloudforge   Deployment/cloudforge   cpu: 4%/70%   2     10    2     21m
18:35:02 HPA: cloudforge   Deployment/cloudforge   cpu: 4%/70%   2     10    2     21m
18:35:04 HPA: cloudforge   Deployment/cloudforge   cpu: 4%/70%   2     10    2     21m
18:35:06 HPA: cloudforge   Deployment/cloudforge   cpu: 4%/70%   2     10    2     21m
18:35:09 HPA: cloudforge   Deployment/cloudforge   cpu: 4%/70%   2     10    2     21m
18:35:11 HPA: cloudforge   Deployment/cloudforge   cpu: 4%/70%   2     10    2     21m
18:35:13 HPA: cloudforge   Deployment/cloudforge   cpu: 4%/70%   2     10    2     21m
18:35:15 HPA: cloudforge   Deployment/cloudforge   cpu: 4%/70%   2     10    2     21m
18:35:17 HPA: cloudforge   Deployment/cloudforge   cpu: 4%/70%   2     10    2     21m
18:35:19 HPA: cloudforge   Deployment/cloudforge   cpu: 4%/70%   2     10    2     21m
18:35:22 HPA: cloudforge   Deployment/cloudforge   cpu: 4%/70%   2     10    2     21m
18:35:24 HPA: cloudforge   Deployment/cloudforge   cpu: 4%/70%   2     10    2     21m
18:35:26 HPA: cloudforge   Deployment/cloudforge   cpu: 4%/70%   2     10    2     21m
18:35:28 HPA: cloudforge   Deployment/cloudforge   cpu: 4%/70%   2     10    2     21m
18:35:30 HPA: cloudforge   Deployment/cloudforge   cpu: 4%/70%   2     10    2     21m
18:35:33 HPA: cloudforge   Deployment/cloudforge   cpu: 4%/70%   2     10    2     21m
18:35:35 HPA: cloudforge   Deployment/cloudforge   cpu: 4%/70%   2     10    2     22m
18:35:37 HPA: cloudforge   Deployment/cloudforge   cpu: 4%/70%   2     10    2     22m
18:35:39 HPA: cloudforge   Deployment/cloudforge   cpu: 4%/70%   2     10    2     22m
18:35:41 HPA: cloudforge   Deployment/cloudforge   cpu: 4%/70%   2     10    2     22m
18:35:43 HPA: cloudforge   Deployment/cloudforge   cpu: 4%/70%   2     10    2     22m
18:35:46 HPA: cloudforge   Deployment/cloudforge   cpu: 4%/70%   2     10    2     22m
18:35:48 HPA: cloudforge   Deployment/cloudforge   cpu: 4%/70%   2     10    2     22m
18:35:50 HPA: cloudforge   Deployment/cloudforge   cpu: 4%/70%   2     10    2     22m
18:35:52 HPA: cloudforge   Deployment/cloudforge   cpu: 4%/70%   2     10    2     22m
18:35:54 HPA: cloudforge   Deployment/cloudforge   cpu: 4%/70%   2     10    2     22m
18:35:56 HPA: cloudforge   Deployment/cloudforge   cpu: 4%/70%   2     10    2     22m
18:35:59 HPA: cloudforge   Deployment/cloudforge   cpu: 4%/70%   2     10    2     22m
18:36:01 HPA: cloudforge   Deployment/cloudforge   cpu: 4%/70%   2     10    2     22m
18:36:03 HPA: cloudforge   Deployment/cloudforge   cpu: 4%/70%   2     10    2     22m
18:36:05 HPA: cloudforge   Deployment/cloudforge   cpu: 4%/70%   2     10    2     22m
18:36:07 HPA: cloudforge   Deployment/cloudforge   cpu: 4%/70%   2     10    2     22m
18:36:09 HPA: cloudforge   Deployment/cloudforge   cpu: 4%/70%   2     10    2     22m
18:36:12 HPA: cloudforge   Deployment/cloudforge   cpu: 4%/70%   2     10    2     22m
18:36:14 HPA: cloudforge   Deployment/cloudforge   cpu: 4%/70%   2     10    2     22m
18:36:16 HPA: cloudforge   Deployment/cloudforge   cpu: 4%/70%   2     10    2     22m
18:36:18 HPA: cloudforge   Deployment/cloudforge   cpu: 4%/70%   2     10    2     22m
18:36:20 HPA: cloudforge   Deployment/cloudforge   cpu: 4%/70%   2     10    2     22m
18:36:22 HPA: cloudforge   Deployment/cloudforge   cpu: 4%/70%   2     10    2     22m
18:36:25 HPA: cloudforge   Deployment/cloudforge   cpu: 4%/70%   2     10    2     22m
18:36:27 HPA: cloudforge   Deployment/cloudforge   cpu: 4%/70%   2     10    2     22m
18:36:29 HPA: cloudforge   Deployment/cloudforge   cpu: 4%/70%   2     10    2     22m
18:36:31 HPA: cloudforge   Deployment/cloudforge   cpu: 4%/70%   2     10    2     22m
18:36:33 HPA: cloudforge   Deployment/cloudforge   cpu: 4%/70%   2     10    2     22m
18:36:35 HPA: cloudforge   Deployment/cloudforge   cpu: 4%/70%   2     10    2     23m
18:36:38 HPA: cloudforge   Deployment/cloudforge   cpu: 4%/70%   2     10    2     23m
18:36:40 HPA: cloudforge   Deployment/cloudforge   cpu: 4%/70%   2     10    2     23m
18:36:42 HPA: cloudforge   Deployment/cloudforge   cpu: 4%/70%   2     10    2     23m
18:36:44 HPA: cloudforge   Deployment/cloudforge   cpu: 4%/70%   2     10    2     23m
18:36:46 HPA: cloudforge   Deployment/cloudforge   cpu: 4%/70%   2     10    2     23m
18:36:49 HPA: cloudforge   Deployment/cloudforge   cpu: 4%/70%   2     10    2     23m
18:36:51 HPA: cloudforge   Deployment/cloudforge   cpu: 4%/70%   2     10    2     23m
18:36:53 HPA: cloudforge   Deployment/cloudforge   cpu: 4%/70%   2     10    2     23m
18:36:55 HPA: cloudforge   Deployment/cloudforge   cpu: 4%/70%   2     10    2     23m
18:36:57 HPA: cloudforge   Deployment/cloudforge   cpu: 4%/70%   2     10    2     23m
18:36:59 HPA: cloudforge   Deployment/cloudforge   cpu: 4%/70%   2     10    2     23m
18:37:02 HPA: cloudforge   Deployment/cloudforge   cpu: 4%/70%   2     10    2     23m
18:37:04 HPA: cloudforge   Deployment/cloudforge   cpu: 4%/70%   2     10    2     23m
18:37:06 HPA: cloudforge   Deployment/cloudforge   cpu: 4%/70%   2     10    2     23m
18:37:08 HPA: cloudforge   Deployment/cloudforge   cpu: 4%/70%   2     10    2     23m
18:37:10 HPA: cloudforge   Deployment/cloudforge   cpu: 4%/70%   2     10    2     23m
18:37:12 HPA: cloudforge   Deployment/cloudforge   cpu: 4%/70%   2     10    2     23m
18:37:15 HPA: cloudforge   Deployment/cloudforge   cpu: 4%/70%   2     10    2     23m
18:37:17 HPA: cloudforge   Deployment/cloudforge   cpu: 4%/70%   2     10    2     23m
18:37:19 HPA: cloudforge   Deployment/cloudforge   cpu: 4%/70%   2     10    2     23m
18:37:21 HPA: cloudforge   Deployment/cloudforge   cpu: 6%/70%   2     10    2     23m
18:37:23 HPA: cloudforge   Deployment/cloudforge   cpu: 6%/70%   2     10    2     23m
18:37:25 HPA: cloudforge   Deployment/cloudforge   cpu: 6%/70%   2     10    2     23m
18:37:28 HPA: cloudforge   Deployment/cloudforge   cpu: 6%/70%   2     10    2     23m
18:37:30 HPA: cloudforge   Deployment/cloudforge   cpu: 6%/70%   2     10    2     23m
18:37:32 HPA: cloudforge   Deployment/cloudforge   cpu: 6%/70%   2     10    2     23m
18:37:34 HPA: cloudforge   Deployment/cloudforge   cpu: 6%/70%   2     10    2     23m
18:37:36 HPA: cloudforge   Deployment/cloudforge   cpu: 4%/70%   2     10    2     24m
18:37:38 HPA: cloudforge   Deployment/cloudforge   cpu: 4%/70%   2     10    2     24m
18:37:41 HPA: cloudforge   Deployment/cloudforge   cpu: 4%/70%   2     10    2     24m
18:37:43 HPA: cloudforge   Deployment/cloudforge   cpu: 4%/70%   2     10    2     24m
18:37:45 HPA: cloudforge   Deployment/cloudforge   cpu: 4%/70%   2     10    2     24m
18:37:47 HPA: cloudforge   Deployment/cloudforge   cpu: 4%/70%   2     10    2     24m
18:37:49 HPA: cloudforge   Deployment/cloudforge   cpu: 4%/70%   2     10    2     24m
18:37:52 HPA: cloudforge   Deployment/cloudforge   cpu: 4%/70%   2     10    2     24m
18:37:54 HPA: cloudforge   Deployment/cloudforge   cpu: 4%/70%   2     10    2     24m
18:37:56 HPA: cloudforge   Deployment/cloudforge   cpu: 4%/70%   2     10    2     24m
18:37:58 HPA: cloudforge   Deployment/cloudforge   cpu: 4%/70%   2     10    2     24m
18:38:00 HPA: cloudforge   Deployment/cloudforge   cpu: 4%/70%   2     10    2     24m
18:38:02 HPA: cloudforge   Deployment/cloudforge   cpu: 4%/70%   2     10    2     24m
18:38:05 HPA: cloudforge   Deployment/cloudforge   cpu: 4%/70%   2     10    2     24m
18:38:07 HPA: cloudforge   Deployment/cloudforge   cpu: 4%/70%   2     10    2     24m
18:38:09 HPA: cloudforge   Deployment/cloudforge   cpu: 4%/70%   2     10    2     24m
18:38:11 HPA: cloudforge   Deployment/cloudforge   cpu: 4%/70%   2     10    2     24m
18:38:13 HPA: cloudforge   Deployment/cloudforge   cpu: 4%/70%   2     10    2     24m
18:38:15 HPA: cloudforge   Deployment/cloudforge   cpu: 4%/70%   2     10    2     24m
18:38:18 HPA: cloudforge   Deployment/cloudforge   cpu: 4%/70%   2     10    2     24m
18:38:20 HPA: cloudforge   Deployment/cloudforge   cpu: 4%/70%   2     10    2     24m
18:38:22 HPA: cloudforge   Deployment/cloudforge   cpu: 4%/70%   2     10    2     24m
18:38:24 HPA: cloudforge   Deployment/cloudforge   cpu: 4%/70%   2     10    2     24m
18:38:26 HPA: cloudforge   Deployment/cloudforge   cpu: 4%/70%   2     10    2     24m
18:38:28 HPA: cloudforge   Deployment/cloudforge   cpu: 4%/70%   2     10    2     24m
18:38:31 HPA: cloudforge   Deployment/cloudforge   cpu: 4%/70%   2     10    2     24m
18:38:33 HPA: cloudforge   Deployment/cloudforge   cpu: 4%/70%   2     10    2     24m
18:38:35 HPA: cloudforge   Deployment/cloudforge   cpu: 4%/70%   2     10    2     25m
18:38:37 HPA: cloudforge   Deployment/cloudforge   cpu: 4%/70%   2     10    2     25m
18:38:39 HPA: cloudforge   Deployment/cloudforge   cpu: 4%/70%   2     10    2     25m
18:38:42 HPA: cloudforge   Deployment/cloudforge   cpu: 4%/70%   2     10    2     25m
18:38:44 HPA: cloudforge   Deployment/cloudforge   cpu: 4%/70%   2     10    2     25m
18:38:46 HPA: cloudforge   Deployment/cloudforge   cpu: 4%/70%   2     10    2     25m
18:38:48 HPA: cloudforge   Deployment/cloudforge   cpu: 4%/70%   2     10    2     25m
18:38:50 HPA: cloudforge   Deployment/cloudforge   cpu: 4%/70%   2     10    2     25m
18:38:52 HPA: cloudforge   Deployment/cloudforge   cpu: 4%/70%   2     10    2     25m
18:38:55 HPA: cloudforge   Deployment/cloudforge   cpu: 4%/70%   2     10    2     25m
18:38:57 HPA: cloudforge   Deployment/cloudforge   cpu: 4%/70%   2     10    2     25m
18:38:59 HPA: cloudforge   Deployment/cloudforge   cpu: 4%/70%   2     10    2     25m
18:39:01 HPA: cloudforge   Deployment/cloudforge   cpu: 4%/70%   2     10    2     25m
18:39:03 HPA: cloudforge   Deployment/cloudforge   cpu: 4%/70%   2     10    2     25m
18:39:05 HPA: cloudforge   Deployment/cloudforge   cpu: 4%/70%   2     10    2     25m
18:39:08 HPA: cloudforge   Deployment/cloudforge   cpu: 4%/70%   2     10    2     25m
18:39:10 HPA: cloudforge   Deployment/cloudforge   cpu: 4%/70%   2     10    2     25m
18:39:12 HPA: cloudforge   Deployment/cloudforge   cpu: 4%/70%   2     10    2     25m
18:39:14 HPA: cloudforge   Deployment/cloudforge   cpu: 4%/70%   2     10    2     25m
18:39:16 HPA: cloudforge   Deployment/cloudforge   cpu: 4%/70%   2     10    2     25m
18:39:18 HPA: cloudforge   Deployment/cloudforge   cpu: 4%/70%   2     10    2     25m
18:39:21 HPA: cloudforge   Deployment/cloudforge   cpu: 4%/70%   2     10    2     25m
18:39:23 HPA: cloudforge   Deployment/cloudforge   cpu: 4%/70%   2     10    2     25m
18:39:25 HPA: cloudforge   Deployment/cloudforge   cpu: 4%/70%   2     10    2     25m
18:39:27 HPA: cloudforge   Deployment/cloudforge   cpu: 4%/70%   2     10    2     25m
18:39:29 HPA: cloudforge   Deployment/cloudforge   cpu: 4%/70%   2     10    2     25m
18:39:31 HPA: cloudforge   Deployment/cloudforge   cpu: 4%/70%   2     10    2     25m
18:39:34 HPA: cloudforge   Deployment/cloudforge   cpu: 4%/70%   2     10    2     25m
18:39:36 HPA: cloudforge   Deployment/cloudforge   cpu: 4%/70%   2     10    2     26m
18:39:38 HPA: cloudforge   Deployment/cloudforge   cpu: 4%/70%   2     10    2     26m
18:39:40 HPA: cloudforge   Deployment/cloudforge   cpu: 4%/70%   2     10    2     26m
18:39:42 HPA: cloudforge   Deployment/cloudforge   cpu: 4%/70%   2     10    2     26m
18:39:45 HPA: cloudforge   Deployment/cloudforge   cpu: 4%/70%   2     10    2     26m
18:39:47 HPA: cloudforge   Deployment/cloudforge   cpu: 4%/70%   2     10    2     26m
18:39:49 HPA: cloudforge   Deployment/cloudforge   cpu: 4%/70%   2     10    2     26m
18:39:51 HPA: cloudforge   Deployment/cloudforge   cpu: 4%/70%   2     10    2     26m
18:39:53 HPA: cloudforge   Deployment/cloudforge   cpu: 4%/70%   2     10    2     26m
18:39:55 HPA: cloudforge   Deployment/cloudforge   cpu: 4%/70%   2     10    2     26m
18:39:58 HPA: cloudforge   Deployment/cloudforge   cpu: 4%/70%   2     10    2     26m
18:40:00 HPA: cloudforge   Deployment/cloudforge   cpu: 4%/70%   2     10    2     26m
18:40:02 HPA: cloudforge   Deployment/cloudforge   cpu: 4%/70%   2     10    2     26m
18:40:04 HPA: cloudforge   Deployment/cloudforge   cpu: 4%/70%   2     10    2     26m
18:40:06 HPA: cloudforge   Deployment/cloudforge   cpu: 4%/70%   2     10    2     26m
18:40:08 HPA: cloudforge   Deployment/cloudforge   cpu: 4%/70%   2     10    2     26m
18:40:11 HPA: cloudforge   Deployment/cloudforge   cpu: 4%/70%   2     10    2     26m
18:40:13 HPA: cloudforge   Deployment/cloudforge   cpu: 4%/70%   2     10    2     26m
18:40:15 HPA: cloudforge   Deployment/cloudforge   cpu: 4%/70%   2     10    2     26m
18:40:17 HPA: cloudforge   Deployment/cloudforge   cpu: 4%/70%   2     10    2     26m
18:40:19 HPA: cloudforge   Deployment/cloudforge   cpu: 4%/70%   2     10    2     26m
18:40:21 HPA: cloudforge   Deployment/cloudforge   cpu: 4%/70%   2     10    2     26m
18:40:24 HPA: cloudforge   Deployment/cloudforge   cpu: 4%/70%   2     10    2     26m
18:40:26 HPA: cloudforge   Deployment/cloudforge   cpu: 4%/70%   2     10    2     26m
18:40:28 HPA: cloudforge   Deployment/cloudforge   cpu: 4%/70%   2     10    2     26m
18:40:30 HPA: cloudforge   Deployment/cloudforge   cpu: 4%/70%   2     10    2     26m
18:40:32 HPA: cloudforge   Deployment/cloudforge   cpu: 4%/70%   2     10    2     26m
18:40:34 HPA: cloudforge   Deployment/cloudforge   cpu: 4%/70%   2     10    2     27m
18:40:37 HPA: cloudforge   Deployment/cloudforge   cpu: 4%/70%   2     10    2     27m
18:40:39 HPA: cloudforge   Deployment/cloudforge   cpu: 4%/70%   2     10    2     27m
18:40:41 HPA: cloudforge   Deployment/cloudforge   cpu: 4%/70%   2     10    2     27m
18:40:43 HPA: cloudforge   Deployment/cloudforge   cpu: 4%/70%   2     10    2     27m
18:40:45 HPA: cloudforge   Deployment/cloudforge   cpu: 4%/70%   2     10    2     27m
18:40:47 HPA: cloudforge   Deployment/cloudforge   cpu: 4%/70%   2     10    2     27m
18:40:50 HPA: cloudforge   Deployment/cloudforge   cpu: 4%/70%   2     10    2     27m
18:40:52 HPA: cloudforge   Deployment/cloudforge   cpu: 4%/70%   2     10    2     27m
18:40:54 HPA: cloudforge   Deployment/cloudforge   cpu: 4%/70%   2     10    2     27m
18:40:56 HPA: cloudforge   Deployment/cloudforge   cpu: 4%/70%   2     10    2     27m
18:40:58 HPA: cloudforge   Deployment/cloudforge   cpu: 4%/70%   2     10    2     27m
18:41:00 HPA: cloudforge   Deployment/cloudforge   cpu: 4%/70%   2     10    2     27m
18:41:03 HPA: cloudforge   Deployment/cloudforge   cpu: 4%/70%   2     10    2     27m
18:41:05 HPA: cloudforge   Deployment/cloudforge   cpu: 4%/70%   2     10    2     27m
18:41:07 HPA: cloudforge   Deployment/cloudforge   cpu: 4%/70%   2     10    2     27m
18:41:09 HPA: cloudforge   Deployment/cloudforge   cpu: 4%/70%   2     10    2     27m
18:41:11 HPA: cloudforge   Deployment/cloudforge   cpu: 4%/70%   2     10    2     27m
18:41:14 HPA: cloudforge   Deployment/cloudforge   cpu: 4%/70%   2     10    2     27m
18:41:16 HPA: cloudforge   Deployment/cloudforge   cpu: 4%/70%   2     10    2     27m
18:41:18 HPA: cloudforge   Deployment/cloudforge   cpu: 4%/70%   2     10    2     27m
18:41:20 HPA: cloudforge   Deployment/cloudforge   cpu: 4%/70%   2     10    2     27m
18:41:22 HPA: cloudforge   Deployment/cloudforge   cpu: 4%/70%   2     10    2     27m
18:41:24 HPA: cloudforge   Deployment/cloudforge   cpu: 4%/70%   2     10    2     27m
18:41:27 HPA: cloudforge   Deployment/cloudforge   cpu: 4%/70%   2     10    2     27m
18:41:29 HPA: cloudforge   Deployment/cloudforge   cpu: 4%/70%   2     10    2     27m
18:41:31 HPA: cloudforge   Deployment/cloudforge   cpu: 4%/70%   2     10    2     27m
18:41:33 HPA: cloudforge   Deployment/cloudforge   cpu: 4%/70%   2     10    2     27m
18:41:35 HPA: cloudforge   Deployment/cloudforge   cpu: 4%/70%   2     10    2     28m
18:41:37 HPA: cloudforge   Deployment/cloudforge   cpu: 4%/70%   2     10    2     28m
18:41:40 HPA: cloudforge   Deployment/cloudforge   cpu: 4%/70%   2     10    2     28m
18:41:42 HPA: cloudforge   Deployment/cloudforge   cpu: 4%/70%   2     10    2     28m
18:41:44 HPA: cloudforge   Deployment/cloudforge   cpu: 4%/70%   2     10    2     28m
18:41:46 HPA: cloudforge   Deployment/cloudforge   cpu: 4%/70%   2     10    2     28m
18:41:48 HPA: cloudforge   Deployment/cloudforge   cpu: 4%/70%   2     10    2     28m
18:41:50 HPA: cloudforge   Deployment/cloudforge   cpu: 4%/70%   2     10    2     28m
18:41:53 HPA: cloudforge   Deployment/cloudforge   cpu: 4%/70%   2     10    2     28m
18:41:55 HPA: cloudforge   Deployment/cloudforge   cpu: 4%/70%   2     10    2     28m
18:41:57 HPA: cloudforge   Deployment/cloudforge   cpu: 4%/70%   2     10    2     28m
18:41:59 HPA: cloudforge   Deployment/cloudforge   cpu: 4%/70%   2     10    2     28m
18:42:01 HPA: cloudforge   Deployment/cloudforge   cpu: 4%/70%   2     10    2     28m
18:42:03 HPA: cloudforge   Deployment/cloudforge   cpu: 4%/70%   2     10    2     28m
18:42:06 HPA: cloudforge   Deployment/cloudforge   cpu: 4%/70%   2     10    2     28m
18:42:08 HPA: cloudforge   Deployment/cloudforge   cpu: 4%/70%   2     10    2     28m
18:42:10 HPA: cloudforge   Deployment/cloudforge   cpu: 4%/70%   2     10    2     28m
18:42:12 HPA: cloudforge   Deployment/cloudforge   cpu: 4%/70%   2     10    2     28m
18:42:14 HPA: cloudforge   Deployment/cloudforge   cpu: 4%/70%   2     10    2     28m
18:42:16 HPA: cloudforge   Deployment/cloudforge   cpu: 4%/70%   2     10    2     28m
18:42:19 HPA: cloudforge   Deployment/cloudforge   cpu: 4%/70%   2     10    2     28m
18:42:21 HPA: cloudforge   Deployment/cloudforge   cpu: 4%/70%   2     10    2     28m
18:42:23 HPA: cloudforge   Deployment/cloudforge   cpu: 4%/70%   2     10    2     28m
18:42:25 HPA: cloudforge   Deployment/cloudforge   cpu: 4%/70%   2     10    2     28m
18:42:27 HPA: cloudforge   Deployment/cloudforge   cpu: 4%/70%   2     10    2     28m
18:42:29 HPA: cloudforge   Deployment/cloudforge   cpu: 4%/70%   2     10    2     28m
18:42:32 HPA: cloudforge   Deployment/cloudforge   cpu: 4%/70%   2     10    2     28m
18:42:34 HPA: cloudforge   Deployment/cloudforge   cpu: 4%/70%   2     10    2     28m
18:42:36 HPA: cloudforge   Deployment/cloudforge   cpu: 4%/70%   2     10    2     29m
18:42:38 HPA: cloudforge   Deployment/cloudforge   cpu: 4%/70%   2     10    2     29m
18:42:40 HPA: cloudforge   Deployment/cloudforge   cpu: 4%/70%   2     10    2     29m
18:42:42 HPA: cloudforge   Deployment/cloudforge   cpu: 4%/70%   2     10    2     29m
18:42:45 HPA: cloudforge   Deployment/cloudforge   cpu: 4%/70%   2     10    2     29m
18:42:47 HPA: cloudforge   Deployment/cloudforge   cpu: 4%/70%   2     10    2     29m
18:42:49 HPA: cloudforge   Deployment/cloudforge   cpu: 4%/70%   2     10    2     29m
18:42:51 HPA: cloudforge   Deployment/cloudforge   cpu: 4%/70%   2     10    2     29m
18:42:53 HPA: cloudforge   Deployment/cloudforge   cpu: 4%/70%   2     10    2     29m
18:42:56 HPA: cloudforge   Deployment/cloudforge   cpu: 4%/70%   2     10    2     29m
18:42:58 HPA: cloudforge   Deployment/cloudforge   cpu: 4%/70%   2     10    2     29m
18:43:00 HPA: cloudforge   Deployment/cloudforge   cpu: 4%/70%   2     10    2     29m
18:43:02 HPA: cloudforge   Deployment/cloudforge   cpu: 4%/70%   2     10    2     29m
18:43:04 HPA: cloudforge   Deployment/cloudforge   cpu: 4%/70%   2     10    2     29m
18:43:06 HPA: cloudforge   Deployment/cloudforge   cpu: 4%/70%   2     10    2     29m
18:43:09 HPA: cloudforge   Deployment/cloudforge   cpu: 4%/70%   2     10    2     29m
18:43:11 HPA: cloudforge   Deployment/cloudforge   cpu: 4%/70%   2     10    2     29m
18:43:13 HPA: cloudforge   Deployment/cloudforge   cpu: 4%/70%   2     10    2     29m
18:43:15 HPA: cloudforge   Deployment/cloudforge   cpu: 4%/70%   2     10    2     29m
18:43:17 HPA: cloudforge   Deployment/cloudforge   cpu: 4%/70%   2     10    2     29m
18:43:19 HPA: cloudforge   Deployment/cloudforge   cpu: 4%/70%   2     10    2     29m
18:43:22 HPA: cloudforge   Deployment/cloudforge   cpu: 4%/70%   2     10    2     29m
18:43:24 HPA: cloudforge   Deployment/cloudforge   cpu: 4%/70%   2     10    2     29m
18:43:26 HPA: cloudforge   Deployment/cloudforge   cpu: 4%/70%   2     10    2     29m
18:43:28 HPA: cloudforge   Deployment/cloudforge   cpu: 4%/70%   2     10    2     29m
18:43:30 HPA: cloudforge   Deployment/cloudforge   cpu: 4%/70%   2     10    2     29m
18:43:32 HPA: cloudforge   Deployment/cloudforge   cpu: 4%/70%   2     10    2     29m
18:43:35 HPA: cloudforge   Deployment/cloudforge   cpu: 4%/70%   2     10    2     30m
18:43:37 HPA: cloudforge   Deployment/cloudforge   cpu: 4%/70%   2     10    2     30m
18:43:39 HPA: cloudforge   Deployment/cloudforge   cpu: 4%/70%   2     10    2     30m
18:43:41 HPA: cloudforge   Deployment/cloudforge   cpu: 4%/70%   2     10    2     30m
18:43:43 HPA: cloudforge   Deployment/cloudforge   cpu: 4%/70%   2     10    2     30m
18:43:46 HPA: cloudforge   Deployment/cloudforge   cpu: 4%/70%   2     10    2     30m
18:43:48 HPA: cloudforge   Deployment/cloudforge   cpu: 4%/70%   2     10    2     30m
18:43:50 HPA: cloudforge   Deployment/cloudforge   cpu: 4%/70%   2     10    2     30m
18:43:52 HPA: cloudforge   Deployment/cloudforge   cpu: 4%/70%   2     10    2     30m
18:43:54 HPA: cloudforge   Deployment/cloudforge   cpu: 4%/70%   2     10    2     30m
18:43:56 HPA: cloudforge   Deployment/cloudforge   cpu: 4%/70%   2     10    2     30m
18:43:59 HPA: cloudforge   Deployment/cloudforge   cpu: 4%/70%   2     10    2     30m
18:44:01 HPA: cloudforge   Deployment/cloudforge   cpu: 4%/70%   2     10    2     30m
18:44:03 HPA: cloudforge   Deployment/cloudforge   cpu: 4%/70%   2     10    2     30m
18:44:05 HPA: cloudforge   Deployment/cloudforge   cpu: 4%/70%   2     10    2     30m
18:44:07 HPA: cloudforge   Deployment/cloudforge   cpu: 4%/70%   2     10    2     30m
18:44:09 HPA: cloudforge   Deployment/cloudforge   cpu: 4%/70%   2     10    2     30m
18:44:12 HPA: cloudforge   Deployment/cloudforge   cpu: 4%/70%   2     10    2     30m
18:44:14 HPA: cloudforge   Deployment/cloudforge   cpu: 4%/70%   2     10    2     30m
18:44:16 HPA: cloudforge   Deployment/cloudforge   cpu: 4%/70%   2     10    2     30m
18:44:18 HPA: cloudforge   Deployment/cloudforge   cpu: 4%/70%   2     10    2     30m
18:44:20 HPA: cloudforge   Deployment/cloudforge   cpu: 4%/70%   2     10    2     30m
18:44:22 HPA: cloudforge   Deployment/cloudforge   cpu: 4%/70%   2     10    2     30m
18:44:25 HPA: cloudforge   Deployment/cloudforge   cpu: 4%/70%   2     10    2     30m
18:44:27 HPA: cloudforge   Deployment/cloudforge   cpu: 4%/70%   2     10    2     30m
18:44:29 HPA: cloudforge   Deployment/cloudforge   cpu: 4%/70%   2     10    2     30m
18:44:31 HPA: cloudforge   Deployment/cloudforge   cpu: 4%/70%   2     10    2     30m
18:44:33 HPA: cloudforge   Deployment/cloudforge   cpu: 4%/70%   2     10    2     30m
18:44:35 HPA: cloudforge   Deployment/cloudforge   cpu: 4%/70%   2     10    2     31m
18:44:38 HPA: cloudforge   Deployment/cloudforge   cpu: 4%/70%   2     10    2     31m
18:44:40 HPA: cloudforge   Deployment/cloudforge   cpu: 4%/70%   2     10    2     31m
18:44:42 HPA: cloudforge   Deployment/cloudforge   cpu: 4%/70%   2     10    2     31m
18:44:44 HPA: cloudforge   Deployment/cloudforge   cpu: 4%/70%   2     10    2     31m
18:44:46 HPA: cloudforge   Deployment/cloudforge   cpu: 4%/70%   2     10    2     31m
18:44:48 HPA: cloudforge   Deployment/cloudforge   cpu: 4%/70%   2     10    2     31m
18:44:51 HPA: cloudforge   Deployment/cloudforge   cpu: 4%/70%   2     10    2     31m
18:44:53 HPA: cloudforge   Deployment/cloudforge   cpu: 4%/70%   2     10    2     31m
18:44:55 HPA: cloudforge   Deployment/cloudforge   cpu: 4%/70%   2     10    2     31m
18:44:57 HPA: cloudforge   Deployment/cloudforge   cpu: 4%/70%   2     10    2     31m
18:44:59 HPA: cloudforge   Deployment/cloudforge   cpu: 4%/70%   2     10    2     31m
18:45:02 HPA: cloudforge   Deployment/cloudforge   cpu: 4%/70%   2     10    2     31m
18:45:04 HPA: cloudforge   Deployment/cloudforge   cpu: 4%/70%   2     10    2     31m
18:45:06 HPA: cloudforge   Deployment/cloudforge   cpu: 4%/70%   2     10    2     31m
18:45:08 HPA: cloudforge   Deployment/cloudforge   cpu: 4%/70%   2     10    2     31m
18:45:10 HPA: cloudforge   Deployment/cloudforge   cpu: 4%/70%   2     10    2     31m
18:45:12 HPA: cloudforge   Deployment/cloudforge   cpu: 4%/70%   2     10    2     31m
18:45:15 HPA: cloudforge   Deployment/cloudforge   cpu: 4%/70%   2     10    2     31m
18:45:17 HPA: cloudforge   Deployment/cloudforge   cpu: 4%/70%   2     10    2     31m
18:45:19 HPA: cloudforge   Deployment/cloudforge   cpu: 4%/70%   2     10    2     31m
18:45:21 HPA: cloudforge   Deployment/cloudforge   cpu: 4%/70%   2     10    2     31m
18:45:23 HPA: cloudforge   Deployment/cloudforge   cpu: 4%/70%   2     10    2     31m
18:45:25 HPA: cloudforge   Deployment/cloudforge   cpu: 4%/70%   2     10    2     31m
18:45:28 HPA: cloudforge   Deployment/cloudforge   cpu: 4%/70%   2     10    2     31m
18:45:30 HPA: cloudforge   Deployment/cloudforge   cpu: 4%/70%   2     10    2     31m
18:45:32 HPA: cloudforge   Deployment/cloudforge   cpu: 4%/70%   2     10    2     31m
18:45:34 HPA: cloudforge   Deployment/cloudforge   cpu: 4%/70%   2     10    2     31m
18:45:36 HPA: cloudforge   Deployment/cloudforge   cpu: 4%/70%   2     10    2     32m
18:45:38 HPA: cloudforge   Deployment/cloudforge   cpu: 4%/70%   2     10    2     32m
18:45:41 HPA: cloudforge   Deployment/cloudforge   cpu: 4%/70%   2     10    2     32m
18:45:43 HPA: cloudforge   Deployment/cloudforge   cpu: 4%/70%   2     10    2     32m
18:45:45 HPA: cloudforge   Deployment/cloudforge   cpu: 4%/70%   2     10    2     32m
18:45:47 HPA: cloudforge   Deployment/cloudforge   cpu: 4%/70%   2     10    2     32m
18:45:49 HPA: cloudforge   Deployment/cloudforge   cpu: 4%/70%   2     10    2     32m
18:45:51 HPA: cloudforge   Deployment/cloudforge   cpu: 4%/70%   2     10    2     32m
18:45:54 HPA: cloudforge   Deployment/cloudforge   cpu: 4%/70%   2     10    2     32m
18:45:56 HPA: cloudforge   Deployment/cloudforge   cpu: 4%/70%   2     10    2     32m
18:45:58 HPA: cloudforge   Deployment/cloudforge   cpu: 4%/70%   2     10    2     32m
18:46:00 HPA: cloudforge   Deployment/cloudforge   cpu: 4%/70%   2     10    2     32m
18:46:02 HPA: cloudforge   Deployment/cloudforge   cpu: 4%/70%   2     10    2     32m
18:46:05 HPA: cloudforge   Deployment/cloudforge   cpu: 4%/70%   2     10    2     32m
18:46:07 HPA: cloudforge   Deployment/cloudforge   cpu: 4%/70%   2     10    2     32m
18:46:09 HPA: cloudforge   Deployment/cloudforge   cpu: 4%/70%   2     10    2     32m
18:46:11 HPA: cloudforge   Deployment/cloudforge   cpu: 4%/70%   2     10    2     32m
18:46:13 HPA: cloudforge   Deployment/cloudforge   cpu: 4%/70%   2     10    2     32m
18:46:15 HPA: cloudforge   Deployment/cloudforge   cpu: 4%/70%   2     10    2     32m
18:46:18 HPA: cloudforge   Deployment/cloudforge   cpu: 4%/70%   2     10    2     32m
18:46:20 HPA: cloudforge   Deployment/cloudforge   cpu: 4%/70%   2     10    2     32m
18:46:22 HPA: cloudforge   Deployment/cloudforge   cpu: 4%/70%   2     10    2     32m
18:46:24 HPA: cloudforge   Deployment/cloudforge   cpu: 4%/70%   2     10    2     32m
18:46:26 HPA: cloudforge   Deployment/cloudforge   cpu: 4%/70%   2     10    2     32m
18:46:28 HPA: cloudforge   Deployment/cloudforge   cpu: 4%/70%   2     10    2     32m
18:46:31 HPA: cloudforge   Deployment/cloudforge   cpu: 4%/70%   2     10    2     32m
18:46:33 HPA: cloudforge   Deployment/cloudforge   cpu: 4%/70%   2     10    2     32m
18:46:35 HPA: cloudforge   Deployment/cloudforge   cpu: 4%/70%   2     10    2     33m
18:46:37 HPA: cloudforge   Deployment/cloudforge   cpu: 4%/70%   2     10    2     33m
18:46:39 HPA: cloudforge   Deployment/cloudforge   cpu: 4%/70%   2     10    2     33m
18:46:41 HPA: cloudforge   Deployment/cloudforge   cpu: 4%/70%   2     10    2     33m
18:46:44 HPA: cloudforge   Deployment/cloudforge   cpu: 4%/70%   2     10    2     33m
18:46:46 HPA: cloudforge   Deployment/cloudforge   cpu: 4%/70%   2     10    2     33m
18:46:48 HPA: cloudforge   Deployment/cloudforge   cpu: 4%/70%   2     10    2     33m
18:46:50 HPA: cloudforge   Deployment/cloudforge   cpu: 4%/70%   2     10    2     33m
18:46:52 HPA: cloudforge   Deployment/cloudforge   cpu: 4%/70%   2     10    2     33m
18:46:55 HPA: cloudforge   Deployment/cloudforge   cpu: 4%/70%   2     10    2     33m
18:46:57 HPA: cloudforge   Deployment/cloudforge   cpu: 4%/70%   2     10    2     33m
18:46:59 HPA: cloudforge   Deployment/cloudforge   cpu: 4%/70%   2     10    2     33m
18:47:01 HPA: cloudforge   Deployment/cloudforge   cpu: 4%/70%   2     10    2     33m
18:47:03 HPA: cloudforge   Deployment/cloudforge   cpu: 4%/70%   2     10    2     33m
18:47:05 HPA: cloudforge   Deployment/cloudforge   cpu: 4%/70%   2     10    2     33m
18:47:08 HPA: cloudforge   Deployment/cloudforge   cpu: 4%/70%   2     10    2     33m
18:47:10 HPA: cloudforge   Deployment/cloudforge   cpu: 4%/70%   2     10    2     33m
18:47:12 HPA: cloudforge   Deployment/cloudforge   cpu: 4%/70%   2     10    2     33m
18:47:14 HPA: cloudforge   Deployment/cloudforge   cpu: 4%/70%   2     10    2     33m
18:47:16 HPA: cloudforge   Deployment/cloudforge   cpu: 4%/70%   2     10    2     33m
18:47:18 HPA: cloudforge   Deployment/cloudforge   cpu: 4%/70%   2     10    2     33m
18:47:21 HPA: cloudforge   Deployment/cloudforge   cpu: 4%/70%   2     10    2     33m
18:47:23 HPA: cloudforge   Deployment/cloudforge   cpu: 4%/70%   2     10    2     33m
18:47:25 HPA: cloudforge   Deployment/cloudforge   cpu: 4%/70%   2     10    2     33m
18:47:27 HPA: cloudforge   Deployment/cloudforge   cpu: 4%/70%   2     10    2     33m
18:47:29 HPA: cloudforge   Deployment/cloudforge   cpu: 4%/70%   2     10    2     33m
18:47:31 HPA: cloudforge   Deployment/cloudforge   cpu: 4%/70%   2     10    2     33m
18:47:34 HPA: cloudforge   Deployment/cloudforge   cpu: 4%/70%   2     10    2     33m
18:47:36 HPA: cloudforge   Deployment/cloudforge   cpu: 4%/70%   2     10    2     34m
18:47:38 HPA: cloudforge   Deployment/cloudforge   cpu: 4%/70%   2     10    2     34m
18:47:40 HPA: cloudforge   Deployment/cloudforge   cpu: 4%/70%   2     10    2     34m
18:47:42 HPA: cloudforge   Deployment/cloudforge   cpu: 4%/70%   2     10    2     34m
18:47:44 HPA: cloudforge   Deployment/cloudforge   cpu: 4%/70%   2     10    2     34m
18:47:47 HPA: cloudforge   Deployment/cloudforge   cpu: 4%/70%   2     10    2     34m
18:47:49 HPA: cloudforge   Deployment/cloudforge   cpu: 4%/70%   2     10    2     34m
18:47:51 HPA: cloudforge   Deployment/cloudforge   cpu: 4%/70%   2     10    2     34m
18:47:53 HPA: cloudforge   Deployment/cloudforge   cpu: 4%/70%   2     10    2     34m
18:47:55 HPA: cloudforge   Deployment/cloudforge   cpu: 4%/70%   2     10    2     34m
18:47:57 HPA: cloudforge   Deployment/cloudforge   cpu: 4%/70%   2     10    2     34m
18:48:00 HPA: cloudforge   Deployment/cloudforge   cpu: 4%/70%   2     10    2     34m
18:48:02 HPA: cloudforge   Deployment/cloudforge   cpu: 4%/70%   2     10    2     34m
18:48:04 HPA: cloudforge   Deployment/cloudforge   cpu: 4%/70%   2     10    2     34m
18:48:06 HPA: cloudforge   Deployment/cloudforge   cpu: 4%/70%   2     10    2     34m
18:48:08 HPA: cloudforge   Deployment/cloudforge   cpu: 4%/70%   2     10    2     34m
18:48:11 HPA: cloudforge   Deployment/cloudforge   cpu: 4%/70%   2     10    2     34m
18:48:13 HPA: cloudforge   Deployment/cloudforge   cpu: 4%/70%   2     10    2     34m
18:48:15 HPA: cloudforge   Deployment/cloudforge   cpu: 4%/70%   2     10    2     34m
18:48:17 HPA: cloudforge   Deployment/cloudforge   cpu: 4%/70%   2     10    2     34m
18:48:19 HPA: cloudforge   Deployment/cloudforge   cpu: 4%/70%   2     10    2     34m
18:48:21 HPA: cloudforge   Deployment/cloudforge   cpu: 4%/70%   2     10    2     34m
18:48:24 HPA: cloudforge   Deployment/cloudforge   cpu: 4%/70%   2     10    2     34m
18:48:26 HPA: cloudforge   Deployment/cloudforge   cpu: 4%/70%   2     10    2     34m
18:48:28 HPA: cloudforge   Deployment/cloudforge   cpu: 4%/70%   2     10    2     34m
18:48:30 HPA: cloudforge   Deployment/cloudforge   cpu: 4%/70%   2     10    2     34m
18:48:32 HPA: cloudforge   Deployment/cloudforge   cpu: 4%/70%   2     10    2     34m
18:48:34 HPA: cloudforge   Deployment/cloudforge   cpu: 4%/70%   2     10    2     34m
18:48:37 HPA: cloudforge   Deployment/cloudforge   cpu: 4%/70%   2     10    2     35m
18:48:39 HPA: cloudforge   Deployment/cloudforge   cpu: 4%/70%   2     10    2     35m
18:48:41 HPA: cloudforge   Deployment/cloudforge   cpu: 4%/70%   2     10    2     35m
18:48:43 HPA: cloudforge   Deployment/cloudforge   cpu: 4%/70%   2     10    2     35m
18:48:45 HPA: cloudforge   Deployment/cloudforge   cpu: 4%/70%   2     10    2     35m
18:48:47 HPA: cloudforge   Deployment/cloudforge   cpu: 4%/70%   2     10    2     35m
18:48:50 HPA: cloudforge   Deployment/cloudforge   cpu: 4%/70%   2     10    2     35m
18:48:52 HPA: cloudforge   Deployment/cloudforge   cpu: 4%/70%   2     10    2     35m
18:48:54 HPA: cloudforge   Deployment/cloudforge   cpu: 4%/70%   2     10    2     35m
18:48:56 HPA: cloudforge   Deployment/cloudforge   cpu: 4%/70%   2     10    2     35m
18:48:58 HPA: cloudforge   Deployment/cloudforge   cpu: 4%/70%   2     10    2     35m
18:49:00 HPA: cloudforge   Deployment/cloudforge   cpu: 4%/70%   2     10    2     35m
18:49:03 HPA: cloudforge   Deployment/cloudforge   cpu: 4%/70%   2     10    2     35m
18:49:05 HPA: cloudforge   Deployment/cloudforge   cpu: 4%/70%   2     10    2     35m
18:49:07 HPA: cloudforge   Deployment/cloudforge   cpu: 4%/70%   2     10    2     35m
18:49:09 HPA: cloudforge   Deployment/cloudforge   cpu: 4%/70%   2     10    2     35m
18:49:11 HPA: cloudforge   Deployment/cloudforge   cpu: 4%/70%   2     10    2     35m
18:49:14 HPA: cloudforge   Deployment/cloudforge   cpu: 4%/70%   2     10    2     35m
18:49:16 HPA: cloudforge   Deployment/cloudforge   cpu: 4%/70%   2     10    2     35m
18:49:18 HPA: cloudforge   Deployment/cloudforge   cpu: 4%/70%   2     10    2     35m
18:49:20 HPA: cloudforge   Deployment/cloudforge   cpu: 4%/70%   2     10    2     35m
18:49:22 HPA: cloudforge   Deployment/cloudforge   cpu: 4%/70%   2     10    2     35m
18:49:24 HPA: cloudforge   Deployment/cloudforge   cpu: 4%/70%   2     10    2     35m
18:49:26 HPA: cloudforge   Deployment/cloudforge   cpu: 4%/70%   2     10    2     35m
18:49:29 HPA: cloudforge   Deployment/cloudforge   cpu: 4%/70%   2     10    2     35m
18:49:31 HPA: cloudforge   Deployment/cloudforge   cpu: 4%/70%   2     10    2     35m
18:49:33 HPA: cloudforge   Deployment/cloudforge   cpu: 4%/70%   2     10    2     35m
18:49:35 HPA: cloudforge   Deployment/cloudforge   cpu: 4%/70%   2     10    2     36m
18:49:37 HPA: cloudforge   Deployment/cloudforge   cpu: 4%/70%   2     10    2     36m
18:49:40 HPA: cloudforge   Deployment/cloudforge   cpu: 4%/70%   2     10    2     36m
18:49:42 HPA: cloudforge   Deployment/cloudforge   cpu: 4%/70%   2     10    2     36m
18:49:44 HPA: cloudforge   Deployment/cloudforge   cpu: 4%/70%   2     10    2     36m
18:49:46 HPA: cloudforge   Deployment/cloudforge   cpu: 4%/70%   2     10    2     36m
18:49:48 HPA: cloudforge   Deployment/cloudforge   cpu: 4%/70%   2     10    2     36m
18:49:50 HPA: cloudforge   Deployment/cloudforge   cpu: 4%/70%   2     10    2     36m
18:49:53 HPA: cloudforge   Deployment/cloudforge   cpu: 4%/70%   2     10    2     36m
18:49:55 HPA: cloudforge   Deployment/cloudforge   cpu: 4%/70%   2     10    2     36m
18:49:57 HPA: cloudforge   Deployment/cloudforge   cpu: 4%/70%   2     10    2     36m
18:49:59 HPA: cloudforge   Deployment/cloudforge   cpu: 4%/70%   2     10    2     36m
18:50:01 HPA: cloudforge   Deployment/cloudforge   cpu: 4%/70%   2     10    2     36m
18:50:03 HPA: cloudforge   Deployment/cloudforge   cpu: 4%/70%   2     10    2     36m
18:50:06 HPA: cloudforge   Deployment/cloudforge   cpu: 4%/70%   2     10    2     36m
18:50:08 HPA: cloudforge   Deployment/cloudforge   cpu: 4%/70%   2     10    2     36m
18:50:10 HPA: cloudforge   Deployment/cloudforge   cpu: 4%/70%   2     10    2     36m
18:50:12 HPA: cloudforge   Deployment/cloudforge   cpu: 4%/70%   2     10    2     36m
18:50:14 HPA: cloudforge   Deployment/cloudforge   cpu: 4%/70%   2     10    2     36m
18:50:16 HPA: cloudforge   Deployment/cloudforge   cpu: 4%/70%   2     10    2     36m
18:50:19 HPA: cloudforge   Deployment/cloudforge   cpu: 4%/70%   2     10    2     36m
18:50:21 HPA: cloudforge   Deployment/cloudforge   cpu: 4%/70%   2     10    2     36m
18:50:23 HPA: cloudforge   Deployment/cloudforge   cpu: 4%/70%   2     10    2     36m
18:50:25 HPA: cloudforge   Deployment/cloudforge   cpu: 4%/70%   2     10    2     36m
18:50:27 HPA: cloudforge   Deployment/cloudforge   cpu: 4%/70%   2     10    2     36m
18:50:30 HPA: cloudforge   Deployment/cloudforge   cpu: 4%/70%   2     10    2     36m
18:50:32 HPA: cloudforge   Deployment/cloudforge   cpu: 4%/70%   2     10    2     36m
18:50:34 HPA: cloudforge   Deployment/cloudforge   cpu: 4%/70%   2     10    2     36m
18:50:36 HPA: cloudforge   Deployment/cloudforge   cpu: 4%/70%   2     10    2     37m
18:50:38 HPA: cloudforge   Deployment/cloudforge   cpu: 4%/70%   2     10    2     37m
18:50:40 HPA: cloudforge   Deployment/cloudforge   cpu: 4%/70%   2     10    2     37m
18:50:43 HPA: cloudforge   Deployment/cloudforge   cpu: 4%/70%   2     10    2     37m
18:50:45 HPA: cloudforge   Deployment/cloudforge   cpu: 4%/70%   2     10    2     37m
18:50:47 HPA: cloudforge   Deployment/cloudforge   cpu: 4%/70%   2     10    2     37m
18:50:49 HPA: cloudforge   Deployment/cloudforge   cpu: 4%/70%   2     10    2     37m
18:50:51 HPA: cloudforge   Deployment/cloudforge   cpu: 4%/70%   2     10    2     37m
18:50:53 HPA: cloudforge   Deployment/cloudforge   cpu: 4%/70%   2     10    2     37m
18:50:56 HPA: cloudforge   Deployment/cloudforge   cpu: 4%/70%   2     10    2     37m
18:50:58 HPA: cloudforge   Deployment/cloudforge   cpu: 4%/70%   2     10    2     37m
18:51:00 HPA: cloudforge   Deployment/cloudforge   cpu: 4%/70%   2     10    2     37m
18:51:02 HPA: cloudforge   Deployment/cloudforge   cpu: 4%/70%   2     10    2     37m
18:51:04 HPA: cloudforge   Deployment/cloudforge   cpu: 4%/70%   2     10    2     37m
18:51:07 HPA: cloudforge   Deployment/cloudforge   cpu: 4%/70%   2     10    2     37m
18:51:09 HPA: cloudforge   Deployment/cloudforge   cpu: 4%/70%   2     10    2     37m
18:51:11 HPA: cloudforge   Deployment/cloudforge   cpu: 4%/70%   2     10    2     37m
18:51:13 HPA: cloudforge   Deployment/cloudforge   cpu: 4%/70%   2     10    2     37m
18:51:15 HPA: cloudforge   Deployment/cloudforge   cpu: 4%/70%   2     10    2     37m
18:51:18 HPA: cloudforge   Deployment/cloudforge   cpu: 4%/70%   2     10    2     37m
18:51:20 HPA: cloudforge   Deployment/cloudforge   cpu: 4%/70%   2     10    2     37m
18:51:22 HPA: cloudforge   Deployment/cloudforge   cpu: 4%/70%   2     10    2     37m
18:51:24 HPA: cloudforge   Deployment/cloudforge   cpu: 4%/70%   2     10    2     37m
18:51:26 HPA: cloudforge   Deployment/cloudforge   cpu: 4%/70%   2     10    2     37m
18:51:29 HPA: cloudforge   Deployment/cloudforge   cpu: 4%/70%   2     10    2     37m
18:51:31 HPA: cloudforge   Deployment/cloudforge   cpu: 4%/70%   2     10    2     37m
18:51:33 HPA: cloudforge   Deployment/cloudforge   cpu: 4%/70%   2     10    2     37m
18:51:35 HPA: cloudforge   Deployment/cloudforge   cpu: 4%/70%   2     10    2     38m
18:51:37 HPA: cloudforge   Deployment/cloudforge   cpu: 4%/70%   2     10    2     38m
18:51:39 HPA: cloudforge   Deployment/cloudforge   cpu: 4%/70%   2     10    2     38m
18:51:42 HPA: cloudforge   Deployment/cloudforge   cpu: 4%/70%   2     10    2     38m
18:51:44 HPA: cloudforge   Deployment/cloudforge   cpu: 4%/70%   2     10    2     38m
18:51:46 HPA: cloudforge   Deployment/cloudforge   cpu: 4%/70%   2     10    2     38m
18:51:48 HPA: cloudforge   Deployment/cloudforge   cpu: 4%/70%   2     10    2     38m
18:51:50 HPA: cloudforge   Deployment/cloudforge   cpu: 4%/70%   2     10    2     38m
18:51:53 HPA: cloudforge   Deployment/cloudforge   cpu: 4%/70%   2     10    2     38m
18:51:55 HPA: cloudforge   Deployment/cloudforge   cpu: 4%/70%   2     10    2     38m
18:51:57 HPA: cloudforge   Deployment/cloudforge   cpu: 4%/70%   2     10    2     38m
18:51:59 HPA: cloudforge   Deployment/cloudforge   cpu: 4%/70%   2     10    2     38m
18:52:01 HPA: cloudforge   Deployment/cloudforge   cpu: 4%/70%   2     10    2     38m
18:52:03 HPA: cloudforge   Deployment/cloudforge   cpu: 4%/70%   2     10    2     38m
18:52:06 HPA: cloudforge   Deployment/cloudforge   cpu: 4%/70%   2     10    2     38m
18:52:08 HPA: cloudforge   Deployment/cloudforge   cpu: 67%/70%   2     10    2     38m
18:52:10 HPA: cloudforge   Deployment/cloudforge   cpu: 67%/70%   2     10    2     38m
18:52:12 HPA: cloudforge   Deployment/cloudforge   cpu: 67%/70%   2     10    2     38m
18:52:14 HPA: cloudforge   Deployment/cloudforge   cpu: 67%/70%   2     10    2     38m
18:52:16 HPA: cloudforge   Deployment/cloudforge   cpu: 67%/70%   2     10    2     38m
18:52:19 HPA: cloudforge   Deployment/cloudforge   cpu: 67%/70%   2     10    2     38m
18:52:21 HPA: cloudforge   Deployment/cloudforge   cpu: 67%/70%   2     10    2     38m
18:52:23 HPA: cloudforge   Deployment/cloudforge   cpu: 168%/70%   2     10    2     38m
18:52:25 HPA: cloudforge   Deployment/cloudforge   cpu: 168%/70%   2     10    2     38m
18:52:27 HPA: cloudforge   Deployment/cloudforge   cpu: 168%/70%   2     10    2     38m
18:52:30 HPA: cloudforge   Deployment/cloudforge   cpu: 168%/70%   2     10    2     38m
18:52:32 HPA: cloudforge   Deployment/cloudforge   cpu: 168%/70%   2     10    2     38m
18:52:34 HPA: cloudforge   Deployment/cloudforge   cpu: 168%/70%   2     10    2     38m
18:52:36 HPA: cloudforge   Deployment/cloudforge   cpu: 168%/70%   2     10    2     39m
18:52:38 HPA: cloudforge   Deployment/cloudforge   cpu: 168%/70%   2     10    4     39m
18:52:41 HPA: cloudforge   Deployment/cloudforge   cpu: 168%/70%   2     10    4     39m
18:52:43 HPA: cloudforge   Deployment/cloudforge   cpu: 168%/70%   2     10    4     39m
18:52:45 HPA: cloudforge   Deployment/cloudforge   cpu: 168%/70%   2     10    4     39m
18:52:47 HPA: cloudforge   Deployment/cloudforge   cpu: 168%/70%   2     10    4     39m
18:52:49 HPA: cloudforge   Deployment/cloudforge   cpu: 168%/70%   2     10    4     39m
18:52:51 HPA: cloudforge   Deployment/cloudforge   cpu: 132%/70%   2     10    5     39m
18:52:54 HPA: cloudforge   Deployment/cloudforge   cpu: 132%/70%   2     10    5     39m
18:52:56 HPA: cloudforge   Deployment/cloudforge   cpu: 132%/70%   2     10    5     39m
18:52:58 HPA: cloudforge   Deployment/cloudforge   cpu: 132%/70%   2     10    5     39m
18:53:00 HPA: cloudforge   Deployment/cloudforge   cpu: 132%/70%   2     10    5     39m
18:53:02 HPA: cloudforge   Deployment/cloudforge   cpu: 132%/70%   2     10    5     39m
18:53:04 HPA: cloudforge   Deployment/cloudforge   cpu: 132%/70%   2     10    5     39m
18:53:07 HPA: cloudforge   Deployment/cloudforge   cpu: 97%/70%   2     10    6     39m
18:53:09 HPA: cloudforge   Deployment/cloudforge   cpu: 97%/70%   2     10    6     39m
18:53:11 HPA: cloudforge   Deployment/cloudforge   cpu: 97%/70%   2     10    6     39m
18:53:13 HPA: cloudforge   Deployment/cloudforge   cpu: 97%/70%   2     10    6     39m
18:53:15 HPA: cloudforge   Deployment/cloudforge   cpu: 97%/70%   2     10    6     39m
18:53:18 HPA: cloudforge   Deployment/cloudforge   cpu: 97%/70%   2     10    6     39m
18:53:20 HPA: cloudforge   Deployment/cloudforge   cpu: 97%/70%   2     10    6     39m
18:53:22 HPA: cloudforge   Deployment/cloudforge   cpu: 82%/70%   2     10    7     39m
18:53:24 HPA: cloudforge   Deployment/cloudforge   cpu: 82%/70%   2     10    7     39m
18:53:26 HPA: cloudforge   Deployment/cloudforge   cpu: 82%/70%   2     10    7     39m
18:53:28 HPA: cloudforge   Deployment/cloudforge   cpu: 82%/70%   2     10    7     39m
18:53:31 HPA: cloudforge   Deployment/cloudforge   cpu: 82%/70%   2     10    7     39m
18:53:33 HPA: cloudforge   Deployment/cloudforge   cpu: 82%/70%   2     10    7     39m
18:53:35 HPA: cloudforge   Deployment/cloudforge   cpu: 82%/70%   2     10    7     40m
18:53:37 HPA: cloudforge   Deployment/cloudforge   cpu: 60%/70%   2     10    7     40m
18:53:39 HPA: cloudforge   Deployment/cloudforge   cpu: 60%/70%   2     10    7     40m
18:53:42 HPA: cloudforge   Deployment/cloudforge   cpu: 60%/70%   2     10    7     40m
18:53:44 HPA: cloudforge   Deployment/cloudforge   cpu: 60%/70%   2     10    7     40m
18:53:46 HPA: cloudforge   Deployment/cloudforge   cpu: 60%/70%   2     10    7     40m
18:53:48 HPA: cloudforge   Deployment/cloudforge   cpu: 60%/70%   2     10    7     40m
18:53:50 HPA: cloudforge   Deployment/cloudforge   cpu: 60%/70%   2     10    7     40m
18:53:52 HPA: cloudforge   Deployment/cloudforge   cpu: 60%/70%   2     10    7     40m
18:53:55 HPA: cloudforge   Deployment/cloudforge   cpu: 60%/70%   2     10    7     40m
18:53:57 HPA: cloudforge   Deployment/cloudforge   cpu: 60%/70%   2     10    7     40m
18:53:59 HPA: cloudforge   Deployment/cloudforge   cpu: 60%/70%   2     10    7     40m
18:54:01 HPA: cloudforge   Deployment/cloudforge   cpu: 60%/70%   2     10    7     40m
18:54:03 HPA: cloudforge   Deployment/cloudforge   cpu: 60%/70%   2     10    7     40m
18:54:06 HPA: cloudforge   Deployment/cloudforge   cpu: 60%/70%   2     10    7     40m
18:54:08 HPA: cloudforge   Deployment/cloudforge   cpu: 60%/70%   2     10    7     40m
18:54:10 HPA: cloudforge   Deployment/cloudforge   cpu: 60%/70%   2     10    7     40m
18:54:12 HPA: cloudforge   Deployment/cloudforge   cpu: 60%/70%   2     10    7     40m
18:54:14 HPA: cloudforge   Deployment/cloudforge   cpu: 60%/70%   2     10    7     40m
18:54:16 HPA: cloudforge   Deployment/cloudforge   cpu: 60%/70%   2     10    7     40m
18:54:19 HPA: cloudforge   Deployment/cloudforge   cpu: 60%/70%   2     10    7     40m
18:54:21 HPA: cloudforge   Deployment/cloudforge   cpu: 60%/70%   2     10    7     40m
18:54:23 HPA: cloudforge   Deployment/cloudforge   cpu: 57%/70%   2     10    7     40m
18:54:25 HPA: cloudforge   Deployment/cloudforge   cpu: 57%/70%   2     10    7     40m
18:54:27 HPA: cloudforge   Deployment/cloudforge   cpu: 57%/70%   2     10    7     40m
18:54:30 HPA: cloudforge   Deployment/cloudforge   cpu: 57%/70%   2     10    7     40m
18:54:32 HPA: cloudforge   Deployment/cloudforge   cpu: 57%/70%   2     10    7     40m
18:54:34 HPA: cloudforge   Deployment/cloudforge   cpu: 57%/70%   2     10    7     40m
18:54:36 HPA: cloudforge   Deployment/cloudforge   cpu: 57%/70%   2     10    7     41m
18:54:38 HPA: cloudforge   Deployment/cloudforge   cpu: 27%/70%   2     10    7     41m
18:54:40 HPA: cloudforge   Deployment/cloudforge   cpu: 27%/70%   2     10    7     41m
18:54:43 HPA: cloudforge   Deployment/cloudforge   cpu: 27%/70%   2     10    7     41m
18:54:45 HPA: cloudforge   Deployment/cloudforge   cpu: 27%/70%   2     10    7     41m
18:54:47 HPA: cloudforge   Deployment/cloudforge   cpu: 27%/70%   2     10    7     41m
18:54:49 HPA: cloudforge   Deployment/cloudforge   cpu: 27%/70%   2     10    7     41m
18:54:51 HPA: cloudforge   Deployment/cloudforge   cpu: 3%/70%   2     10    7     41m
18:54:54 HPA: cloudforge   Deployment/cloudforge   cpu: 3%/70%   2     10    7     41m
18:54:56 HPA: cloudforge   Deployment/cloudforge   cpu: 3%/70%   2     10    7     41m
18:54:58 HPA: cloudforge   Deployment/cloudforge   cpu: 3%/70%   2     10    7     41m
18:55:00 HPA: cloudforge   Deployment/cloudforge   cpu: 3%/70%   2     10    7     41m
18:55:02 HPA: cloudforge   Deployment/cloudforge   cpu: 3%/70%   2     10    7     41m
18:55:05 HPA: cloudforge   Deployment/cloudforge   cpu: 3%/70%   2     10    7     41m
18:55:07 HPA: cloudforge   Deployment/cloudforge   cpu: 62%/70%   2     10    7     41m
18:55:09 HPA: cloudforge   Deployment/cloudforge   cpu: 62%/70%   2     10    7     41m
18:55:11 HPA: cloudforge   Deployment/cloudforge   cpu: 62%/70%   2     10    7     41m
18:55:13 HPA: cloudforge   Deployment/cloudforge   cpu: 62%/70%   2     10    7     41m
18:55:15 HPA: cloudforge   Deployment/cloudforge   cpu: 62%/70%   2     10    7     41m
18:55:18 HPA: cloudforge   Deployment/cloudforge   cpu: 62%/70%   2     10    7     41m
18:55:20 HPA: cloudforge   Deployment/cloudforge   cpu: 62%/70%   2     10    7     41m
18:55:22 HPA: cloudforge   Deployment/cloudforge   cpu: 74%/70%   2     10    7     41m
18:55:24 HPA: cloudforge   Deployment/cloudforge   cpu: 74%/70%   2     10    7     41m
18:55:26 HPA: cloudforge   Deployment/cloudforge   cpu: 74%/70%   2     10    7     41m
18:55:29 HPA: cloudforge   Deployment/cloudforge   cpu: 74%/70%   2     10    7     41m
18:55:31 HPA: cloudforge   Deployment/cloudforge   cpu: 74%/70%   2     10    7     41m
18:55:33 HPA: cloudforge   Deployment/cloudforge   cpu: 74%/70%   2     10    7     41m
18:55:35 HPA: cloudforge   Deployment/cloudforge   cpu: 74%/70%   2     10    7     42m
18:55:37 HPA: cloudforge   Deployment/cloudforge   cpu: 43%/70%   2     10    7     42m
18:55:40 HPA: cloudforge   Deployment/cloudforge   cpu: 43%/70%   2     10    7     42m
18:55:42 HPA: cloudforge   Deployment/cloudforge   cpu: 43%/70%   2     10    7     42m
18:55:44 HPA: cloudforge   Deployment/cloudforge   cpu: 43%/70%   2     10    7     42m
18:55:46 HPA: cloudforge   Deployment/cloudforge   cpu: 43%/70%   2     10    7     42m
18:55:48 HPA: cloudforge   Deployment/cloudforge   cpu: 43%/70%   2     10    7     42m
18:55:50 HPA: cloudforge   Deployment/cloudforge   cpu: 43%/70%   2     10    7     42m
18:55:53 HPA: cloudforge   Deployment/cloudforge   cpu: 12%/70%   2     10    7     42m
18:55:55 HPA: cloudforge   Deployment/cloudforge   cpu: 12%/70%   2     10    7     42m
18:55:57 HPA: cloudforge   Deployment/cloudforge   cpu: 12%/70%   2     10    7     42m
18:55:59 HPA: cloudforge   Deployment/cloudforge   cpu: 12%/70%   2     10    7     42m
18:56:01 HPA: cloudforge   Deployment/cloudforge   cpu: 12%/70%   2     10    7     42m
18:56:04 HPA: cloudforge   Deployment/cloudforge   cpu: 12%/70%   2     10    7     42m
18:56:06 HPA: cloudforge   Deployment/cloudforge   cpu: 12%/70%   2     10    7     42m
18:56:08 HPA: cloudforge   Deployment/cloudforge   cpu: 33%/70%   2     10    7     42m
18:56:10 HPA: cloudforge   Deployment/cloudforge   cpu: 33%/70%   2     10    7     42m
18:56:12 HPA: cloudforge   Deployment/cloudforge   cpu: 33%/70%   2     10    7     42m
18:56:15 HPA: cloudforge   Deployment/cloudforge   cpu: 33%/70%   2     10    7     42m
18:56:17 HPA: cloudforge   Deployment/cloudforge   cpu: 33%/70%   2     10    7     42m
18:56:19 HPA: cloudforge   Deployment/cloudforge   cpu: 33%/70%   2     10    7     42m
18:56:21 HPA: cloudforge   Deployment/cloudforge   cpu: 33%/70%   2     10    7     42m
18:56:23 HPA: cloudforge   Deployment/cloudforge   cpu: 33%/70%   2     10    7     42m
18:56:26 HPA: cloudforge   Deployment/cloudforge   cpu: 33%/70%   2     10    7     42m
18:56:28 HPA: cloudforge   Deployment/cloudforge   cpu: 33%/70%   2     10    7     42m
18:56:30 HPA: cloudforge   Deployment/cloudforge   cpu: 33%/70%   2     10    7     42m
18:56:32 HPA: cloudforge   Deployment/cloudforge   cpu: 33%/70%   2     10    7     42m
18:56:34 HPA: cloudforge   Deployment/cloudforge   cpu: 33%/70%   2     10    7     43m
18:56:37 HPA: cloudforge   Deployment/cloudforge   cpu: 12%/70%   2     10    7     43m
18:56:39 HPA: cloudforge   Deployment/cloudforge   cpu: 12%/70%   2     10    7     43m
18:56:41 HPA: cloudforge   Deployment/cloudforge   cpu: 12%/70%   2     10    7     43m
18:56:43 HPA: cloudforge   Deployment/cloudforge   cpu: 12%/70%   2     10    7     43m
18:56:45 HPA: cloudforge   Deployment/cloudforge   cpu: 12%/70%   2     10    7     43m
18:56:48 HPA: cloudforge   Deployment/cloudforge   cpu: 12%/70%   2     10    7     43m
18:56:50 HPA: cloudforge   Deployment/cloudforge   cpu: 12%/70%   2     10    7     43m
18:56:52 HPA: cloudforge   Deployment/cloudforge   cpu: 20%/70%   2     10    7     43m
18:56:54 HPA: cloudforge   Deployment/cloudforge   cpu: 20%/70%   2     10    7     43m
18:56:56 HPA: cloudforge   Deployment/cloudforge   cpu: 20%/70%   2     10    7     43m
18:56:59 HPA: cloudforge   Deployment/cloudforge   cpu: 20%/70%   2     10    7     43m
18:57:01 HPA: cloudforge   Deployment/cloudforge   cpu: 20%/70%   2     10    7     43m
18:57:03 HPA: cloudforge   Deployment/cloudforge   cpu: 20%/70%   2     10    7     43m
18:57:05 HPA: cloudforge   Deployment/cloudforge   cpu: 20%/70%   2     10    7     43m
18:57:07 HPA: cloudforge   Deployment/cloudforge   cpu: 20%/70%   2     10    7     43m
18:57:10 HPA: cloudforge   Deployment/cloudforge   cpu: 20%/70%   2     10    7     43m
18:57:12 HPA: cloudforge   Deployment/cloudforge   cpu: 20%/70%   2     10    7     43m
18:57:14 HPA: cloudforge   Deployment/cloudforge   cpu: 20%/70%   2     10    7     43m
18:57:16 HPA: cloudforge   Deployment/cloudforge   cpu: 20%/70%   2     10    7     43m
18:57:18 HPA: cloudforge   Deployment/cloudforge   cpu: 20%/70%   2     10    7     43m
18:57:20 HPA: cloudforge   Deployment/cloudforge   cpu: 20%/70%   2     10    7     43m
18:57:23 HPA: cloudforge   Deployment/cloudforge   cpu: 12%/70%   2     10    7     43m
18:57:25 HPA: cloudforge   Deployment/cloudforge   cpu: 12%/70%   2     10    7     43m
18:57:27 HPA: cloudforge   Deployment/cloudforge   cpu: 12%/70%   2     10    7     43m
18:57:29 HPA: cloudforge   Deployment/cloudforge   cpu: 12%/70%   2     10    7     43m
18:57:31 HPA: cloudforge   Deployment/cloudforge   cpu: 12%/70%   2     10    7     43m
18:57:34 HPA: cloudforge   Deployment/cloudforge   cpu: 12%/70%   2     10    7     43m
18:57:36 HPA: cloudforge   Deployment/cloudforge   cpu: 12%/70%   2     10    7     44m
18:57:38 HPA: cloudforge   Deployment/cloudforge   cpu: 12%/70%   2     10    7     44m
18:57:40 HPA: cloudforge   Deployment/cloudforge   cpu: 12%/70%   2     10    7     44m
18:57:42 HPA: cloudforge   Deployment/cloudforge   cpu: 12%/70%   2     10    7     44m
18:57:45 HPA: cloudforge   Deployment/cloudforge   cpu: 12%/70%   2     10    7     44m
18:57:47 HPA: cloudforge   Deployment/cloudforge   cpu: 12%/70%   2     10    7     44m
18:57:49 HPA: cloudforge   Deployment/cloudforge   cpu: 12%/70%   2     10    7     44m
18:57:51 HPA: cloudforge   Deployment/cloudforge   cpu: 12%/70%   2     10    7     44m
18:57:53 HPA: cloudforge   Deployment/cloudforge   cpu: 15%/70%   2     10    7     44m
18:57:56 HPA: cloudforge   Deployment/cloudforge   cpu: 15%/70%   2     10    7     44m
18:57:58 HPA: cloudforge   Deployment/cloudforge   cpu: 15%/70%   2     10    7     44m
18:58:00 HPA: cloudforge   Deployment/cloudforge   cpu: 15%/70%   2     10    7     44m
18:58:02 HPA: cloudforge   Deployment/cloudforge   cpu: 15%/70%   2     10    7     44m
18:58:04 HPA: cloudforge   Deployment/cloudforge   cpu: 15%/70%   2     10    7     44m
18:58:07 HPA: cloudforge   Deployment/cloudforge   cpu: 4%/70%   2     10    7     44m
18:58:09 HPA: cloudforge   Deployment/cloudforge   cpu: 4%/70%   2     10    7     44m
18:58:11 HPA: cloudforge   Deployment/cloudforge   cpu: 4%/70%   2     10    7     44m
18:58:13 HPA: cloudforge   Deployment/cloudforge   cpu: 4%/70%   2     10    7     44m
18:58:15 HPA: cloudforge   Deployment/cloudforge   cpu: 4%/70%   2     10    7     44m
18:58:18 HPA: cloudforge   Deployment/cloudforge   cpu: 4%/70%   2     10    7     44m
18:58:20 HPA: cloudforge   Deployment/cloudforge   cpu: 4%/70%   2     10    7     44m
18:58:22 HPA: cloudforge   Deployment/cloudforge   cpu: 4%/70%   2     10    7     44m
18:58:24 HPA: cloudforge   Deployment/cloudforge   cpu: 4%/70%   2     10    7     44m
18:58:26 HPA: cloudforge   Deployment/cloudforge   cpu: 4%/70%   2     10    7     44m
18:58:28 HPA: cloudforge   Deployment/cloudforge   cpu: 4%/70%   2     10    7     44m
18:58:31 HPA: cloudforge   Deployment/cloudforge   cpu: 4%/70%   2     10    7     44m
18:58:33 HPA: cloudforge   Deployment/cloudforge   cpu: 4%/70%   2     10    7     44m
18:58:35 HPA: cloudforge   Deployment/cloudforge   cpu: 4%/70%   2     10    7     45m
18:58:37 HPA: cloudforge   Deployment/cloudforge   cpu: 4%/70%   2     10    7     45m
18:58:40 HPA: cloudforge   Deployment/cloudforge   cpu: 4%/70%   2     10    7     45m
18:58:42 HPA: cloudforge   Deployment/cloudforge   cpu: 4%/70%   2     10    7     45m
18:58:44 HPA: cloudforge   Deployment/cloudforge   cpu: 4%/70%   2     10    7     45m
18:58:46 HPA: cloudforge   Deployment/cloudforge   cpu: 4%/70%   2     10    7     45m
18:58:48 HPA: cloudforge   Deployment/cloudforge   cpu: 4%/70%   2     10    7     45m
18:58:51 HPA: cloudforge   Deployment/cloudforge   cpu: 4%/70%   2     10    7     45m
18:58:53 HPA: cloudforge   Deployment/cloudforge   cpu: 4%/70%   2     10    7     45m
18:58:55 HPA: cloudforge   Deployment/cloudforge   cpu: 4%/70%   2     10    7     45m
18:58:58 HPA: cloudforge   Deployment/cloudforge   cpu: 4%/70%   2     10    7     45m
18:59:00 HPA: cloudforge   Deployment/cloudforge   cpu: 4%/70%   2     10    7     45m
18:59:02 HPA: cloudforge   Deployment/cloudforge   cpu: 4%/70%   2     10    7     45m
18:59:04 HPA: cloudforge   Deployment/cloudforge   cpu: 4%/70%   2     10    7     45m
18:59:07 HPA: cloudforge   Deployment/cloudforge   cpu: 4%/70%   2     10    7     45m
18:59:09 HPA: cloudforge   Deployment/cloudforge   cpu: 4%/70%   2     10    7     45m
18:59:11 HPA: cloudforge   Deployment/cloudforge   cpu: 4%/70%   2     10    7     45m
18:59:13 HPA: cloudforge   Deployment/cloudforge   cpu: 4%/70%   2     10    7     45m
18:59:16 HPA: cloudforge   Deployment/cloudforge   cpu: 4%/70%   2     10    7     45m
18:59:18 HPA: cloudforge   Deployment/cloudforge   cpu: 4%/70%   2     10    7     45m
18:59:20 HPA: cloudforge   Deployment/cloudforge   cpu: 4%/70%   2     10    7     45m
18:59:22 HPA: cloudforge   Deployment/cloudforge   cpu: 3%/70%   2     10    7     45m
18:59:24 HPA: cloudforge   Deployment/cloudforge   cpu: 3%/70%   2     10    7     45m
18:59:26 HPA: cloudforge   Deployment/cloudforge   cpu: 3%/70%   2     10    7     45m
18:59:29 HPA: cloudforge   Deployment/cloudforge   cpu: 3%/70%   2     10    7     45m
18:59:31 HPA: cloudforge   Deployment/cloudforge   cpu: 3%/70%   2     10    7     45m
18:59:33 HPA: cloudforge   Deployment/cloudforge   cpu: 3%/70%   2     10    7     45m
18:59:35 HPA: cloudforge   Deployment/cloudforge   cpu: 3%/70%   2     10    7     46m
18:59:37 HPA: cloudforge   Deployment/cloudforge   cpu: 3%/70%   2     10    7     46m
18:59:40 HPA: cloudforge   Deployment/cloudforge   cpu: 3%/70%   2     10    7     46m
18:59:42 HPA: cloudforge   Deployment/cloudforge   cpu: 3%/70%   2     10    7     46m
18:59:44 HPA: cloudforge   Deployment/cloudforge   cpu: 3%/70%   2     10    7     46m
18:59:46 HPA: cloudforge   Deployment/cloudforge   cpu: 3%/70%   2     10    7     46m
18:59:48 HPA: cloudforge   Deployment/cloudforge   cpu: 3%/70%   2     10    7     46m
18:59:51 HPA: cloudforge   Deployment/cloudforge   cpu: 3%/70%   2     10    7     46m
18:59:53 HPA: cloudforge   Deployment/cloudforge   cpu: 3%/70%   2     10    7     46m
18:59:55 HPA: cloudforge   Deployment/cloudforge   cpu: 3%/70%   2     10    7     46m
18:59:57 HPA: cloudforge   Deployment/cloudforge   cpu: 3%/70%   2     10    7     46m
18:59:59 HPA: cloudforge   Deployment/cloudforge   cpu: 3%/70%   2     10    7     46m
19:00:02 HPA: cloudforge   Deployment/cloudforge   cpu: 3%/70%   2     10    7     46m
19:00:04 HPA: cloudforge   Deployment/cloudforge   cpu: 3%/70%   2     10    7     46m
19:00:06 HPA: cloudforge   Deployment/cloudforge   cpu: 3%/70%   2     10    7     46m
19:00:08 HPA: cloudforge   Deployment/cloudforge   cpu: 3%/70%   2     10    7     46m
19:00:10 HPA: cloudforge   Deployment/cloudforge   cpu: 3%/70%   2     10    7     46m
19:00:12 HPA: cloudforge   Deployment/cloudforge   cpu: 3%/70%   2     10    7     46m
19:00:15 HPA: cloudforge   Deployment/cloudforge   cpu: 3%/70%   2     10    7     46m
19:00:17 HPA: cloudforge   Deployment/cloudforge   cpu: 3%/70%   2     10    7     46m
19:00:19 HPA: cloudforge   Deployment/cloudforge   cpu: 3%/70%   2     10    7     46m
19:00:21 HPA: cloudforge   Deployment/cloudforge   cpu: 3%/70%   2     10    7     46m
19:00:23 HPA: cloudforge   Deployment/cloudforge   cpu: 3%/70%   2     10    7     46m
19:00:26 HPA: cloudforge   Deployment/cloudforge   cpu: 3%/70%   2     10    7     46m
19:00:28 HPA: cloudforge   Deployment/cloudforge   cpu: 3%/70%   2     10    7     46m
19:00:30 HPA: cloudforge   Deployment/cloudforge   cpu: 3%/70%   2     10    7     46m
19:00:32 HPA: cloudforge   Deployment/cloudforge   cpu: 3%/70%   2     10    7     46m
19:00:34 HPA: cloudforge   Deployment/cloudforge   cpu: 3%/70%   2     10    7     47m
19:00:37 HPA: cloudforge   Deployment/cloudforge   cpu: 3%/70%   2     10    5     47m
19:00:39 HPA: cloudforge   Deployment/cloudforge   cpu: 3%/70%   2     10    5     47m
19:00:41 HPA: cloudforge   Deployment/cloudforge   cpu: 3%/70%   2     10    5     47m
19:00:43 HPA: cloudforge   Deployment/cloudforge   cpu: 3%/70%   2     10    5     47m
19:00:45 HPA: cloudforge   Deployment/cloudforge   cpu: 3%/70%   2     10    5     47m
19:00:48 HPA: cloudforge   Deployment/cloudforge   cpu: 3%/70%   2     10    5     47m
19:00:50 HPA: cloudforge   Deployment/cloudforge   cpu: 3%/70%   2     10    5     47m
19:00:52 HPA: cloudforge   Deployment/cloudforge   cpu: 4%/70%   2     10    4     47m
19:00:54 HPA: cloudforge   Deployment/cloudforge   cpu: 4%/70%   2     10    4     47m
19:00:56 HPA: cloudforge   Deployment/cloudforge   cpu: 4%/70%   2     10    4     47m
19:00:59 HPA: cloudforge   Deployment/cloudforge   cpu: 4%/70%   2     10    4     47m
19:01:01 HPA: cloudforge   Deployment/cloudforge   cpu: 4%/70%   2     10    4     47m
19:01:03 HPA: cloudforge   Deployment/cloudforge   cpu: 4%/70%   2     10    4     47m
19:01:05 HPA: cloudforge   Deployment/cloudforge   cpu: 4%/70%   2     10    4     47m
19:01:07 HPA: cloudforge   Deployment/cloudforge   cpu: 4%/70%   2     10    4     47m
19:01:10 HPA: cloudforge   Deployment/cloudforge   cpu: 4%/70%   2     10    4     47m
19:01:12 HPA: cloudforge   Deployment/cloudforge   cpu: 4%/70%   2     10    4     47m
19:01:14 HPA: cloudforge   Deployment/cloudforge   cpu: 4%/70%   2     10    4     47m
19:01:16 HPA: cloudforge   Deployment/cloudforge   cpu: 4%/70%   2     10    4     47m
19:01:19 HPA: cloudforge   Deployment/cloudforge   cpu: 4%/70%   2     10    4     47m
19:01:21 HPA: cloudforge   Deployment/cloudforge   cpu: 4%/70%   2     10    4     47m
19:01:23 HPA: cloudforge   Deployment/cloudforge   cpu: 4%/70%   2     10    4     47m
19:01:25 HPA: cloudforge   Deployment/cloudforge   cpu: 4%/70%   2     10    4     47m
19:01:27 HPA: cloudforge   Deployment/cloudforge   cpu: 4%/70%   2     10    4     47m
19:01:30 HPA: cloudforge   Deployment/cloudforge   cpu: 4%/70%   2     10    4     47m
19:01:32 HPA: cloudforge   Deployment/cloudforge   cpu: 4%/70%   2     10    4     47m
19:01:34 HPA: cloudforge   Deployment/cloudforge   cpu: 4%/70%   2     10    4     47m
19:01:36 HPA: cloudforge   Deployment/cloudforge   cpu: 4%/70%   2     10    4     48m
19:01:38 HPA: cloudforge   Deployment/cloudforge   cpu: 38%/70%   2     10    2     48m
19:01:41 HPA: cloudforge   Deployment/cloudforge   cpu: 38%/70%   2     10    2     48m
19:01:43 HPA: cloudforge   Deployment/cloudforge   cpu: 38%/70%   2     10    2     48m
19:01:45 HPA: cloudforge   Deployment/cloudforge   cpu: 38%/70%   2     10    2     48m
19:01:47 HPA: cloudforge   Deployment/cloudforge   cpu: 38%/70%   2     10    2     48m
19:01:49 HPA: cloudforge   Deployment/cloudforge   cpu: 38%/70%   2     10    2     48m
19:01:52 HPA: cloudforge   Deployment/cloudforge   cpu: 8%/70%   2     10    2     48m
19:01:54 HPA: cloudforge   Deployment/cloudforge   cpu: 8%/70%   2     10    2     48m
19:01:56 HPA: cloudforge   Deployment/cloudforge   cpu: 8%/70%   2     10    2     48m
19:01:58 HPA: cloudforge   Deployment/cloudforge   cpu: 8%/70%   2     10    2     48m
19:02:00 HPA: cloudforge   Deployment/cloudforge   cpu: 8%/70%   2     10    2     48m
19:02:03 HPA: cloudforge   Deployment/cloudforge   cpu: 8%/70%   2     10    2     48m
19:02:05 HPA: cloudforge   Deployment/cloudforge   cpu: 8%/70%   2     10    2     48m
19:02:07 HPA: cloudforge   Deployment/cloudforge   cpu: 4%/70%   2     10    2     48m
19:02:09 HPA: cloudforge   Deployment/cloudforge   cpu: 4%/70%   2     10    2     48m
19:02:11 HPA: cloudforge   Deployment/cloudforge   cpu: 4%/70%   2     10    2     48m
19:02:14 HPA: cloudforge   Deployment/cloudforge   cpu: 4%/70%   2     10    2     48m
19:02:16 HPA: cloudforge   Deployment/cloudforge   cpu: 4%/70%   2     10    2     48m
19:02:18 HPA: cloudforge   Deployment/cloudforge   cpu: 4%/70%   2     10    2     48m
19:02:20 HPA: cloudforge   Deployment/cloudforge   cpu: 4%/70%   2     10    2     48m
19:02:22 HPA: cloudforge   Deployment/cloudforge   cpu: 4%/70%   2     10    2     48m
19:02:24 HPA: cloudforge   Deployment/cloudforge   cpu: 4%/70%   2     10    2     48m
19:02:27 HPA: cloudforge   Deployment/cloudforge   cpu: 4%/70%   2     10    2     48m
19:02:29 HPA: cloudforge   Deployment/cloudforge   cpu: 4%/70%   2     10    2     48m
19:02:31 HPA: cloudforge   Deployment/cloudforge   cpu: 4%/70%   2     10    2     48m
19:02:33 HPA: cloudforge   Deployment/cloudforge   cpu: 4%/70%   2     10    2     48m
19:02:36 HPA: cloudforge   Deployment/cloudforge   cpu: 4%/70%   2     10    2     49m
19:02:38 HPA: cloudforge   Deployment/cloudforge   cpu: 4%/70%   2     10    2     49m
19:02:40 HPA: cloudforge   Deployment/cloudforge   cpu: 4%/70%   2     10    2     49m
19:02:42 HPA: cloudforge   Deployment/cloudforge   cpu: 4%/70%   2     10    2     49m
19:02:44 HPA: cloudforge   Deployment/cloudforge   cpu: 4%/70%   2     10    2     49m
19:02:47 HPA: cloudforge   Deployment/cloudforge   cpu: 4%/70%   2     10    2     49m
19:02:49 HPA: cloudforge   Deployment/cloudforge   cpu: 4%/70%   2     10    2     49m
19:02:51 HPA: cloudforge   Deployment/cloudforge   cpu: 4%/70%   2     10    2     49m
19:02:53 HPA: cloudforge   Deployment/cloudforge   cpu: 72%/70%   2     10    2     49m
19:02:55 HPA: cloudforge   Deployment/cloudforge   cpu: 72%/70%   2     10    2     49m
19:02:58 HPA: cloudforge   Deployment/cloudforge   cpu: 72%/70%   2     10    2     49m
19:03:00 HPA: cloudforge   Deployment/cloudforge   cpu: 72%/70%   2     10    2     49m
19:03:02 HPA: cloudforge   Deployment/cloudforge   cpu: 72%/70%   2     10    2     49m
19:03:04 HPA: cloudforge   Deployment/cloudforge   cpu: 72%/70%   2     10    2     49m
19:03:06 HPA: cloudforge   Deployment/cloudforge   cpu: 72%/70%   2     10    2     49m
19:03:09 HPA: cloudforge   Deployment/cloudforge   cpu: 12%/70%   2     10    2     49m
19:03:11 HPA: cloudforge   Deployment/cloudforge   cpu: 12%/70%   2     10    2     49m
19:03:13 HPA: cloudforge   Deployment/cloudforge   cpu: 12%/70%   2     10    2     49m
19:03:15 HPA: cloudforge   Deployment/cloudforge   cpu: 12%/70%   2     10    2     49m
19:03:17 HPA: cloudforge   Deployment/cloudforge   cpu: 12%/70%   2     10    2     49m
19:03:20 HPA: cloudforge   Deployment/cloudforge   cpu: 12%/70%   2     10    2     49m
19:03:22 HPA: cloudforge   Deployment/cloudforge   cpu: 48%/70%   2     10    2     49m
19:03:24 HPA: cloudforge   Deployment/cloudforge   cpu: 48%/70%   2     10    2     49m
19:03:26 HPA: cloudforge   Deployment/cloudforge   cpu: 48%/70%   2     10    2     49m
19:03:28 HPA: cloudforge   Deployment/cloudforge   cpu: 48%/70%   2     10    2     49m
19:03:31 HPA: cloudforge   Deployment/cloudforge   cpu: 48%/70%   2     10    2     49m
19:03:33 HPA: cloudforge   Deployment/cloudforge   cpu: 48%/70%   2     10    2     49m
19:03:35 HPA: cloudforge   Deployment/cloudforge   cpu: 48%/70%   2     10    2     50m
19:03:37 HPA: cloudforge   Deployment/cloudforge   cpu: 31%/70%   2     10    3     50m
19:03:39 HPA: cloudforge   Deployment/cloudforge   cpu: 31%/70%   2     10    3     50m
19:03:42 HPA: cloudforge   Deployment/cloudforge   cpu: 31%/70%   2     10    3     50m
19:03:44 HPA: cloudforge   Deployment/cloudforge   cpu: 31%/70%   2     10    3     50m
19:03:46 HPA: cloudforge   Deployment/cloudforge   cpu: 31%/70%   2     10    3     50m
19:03:48 HPA: cloudforge   Deployment/cloudforge   cpu: 31%/70%   2     10    3     50m
19:03:50 HPA: cloudforge   Deployment/cloudforge   cpu: 31%/70%   2     10    3     50m
19:03:53 HPA: cloudforge   Deployment/cloudforge   cpu: 27%/70%   2     10    3     50m
19:03:55 HPA: cloudforge   Deployment/cloudforge   cpu: 27%/70%   2     10    3     50m
19:03:57 HPA: cloudforge   Deployment/cloudforge   cpu: 27%/70%   2     10    3     50m
19:03:59 HPA: cloudforge   Deployment/cloudforge   cpu: 27%/70%   2     10    3     50m
19:04:02 HPA: cloudforge   Deployment/cloudforge   cpu: 27%/70%   2     10    3     50m
19:04:04 HPA: cloudforge   Deployment/cloudforge   cpu: 27%/70%   2     10    3     50m
19:04:06 HPA: cloudforge   Deployment/cloudforge   cpu: 27%/70%   2     10    3     50m
19:04:08 HPA: cloudforge   Deployment/cloudforge   cpu: 9%/70%   2     10    3     50m
19:04:10 HPA: cloudforge   Deployment/cloudforge   cpu: 9%/70%   2     10    3     50m
19:04:12 HPA: cloudforge   Deployment/cloudforge   cpu: 9%/70%   2     10    3     50m
19:04:15 HPA: cloudforge   Deployment/cloudforge   cpu: 9%/70%   2     10    3     50m
19:04:17 HPA: cloudforge   Deployment/cloudforge   cpu: 9%/70%   2     10    3     50m
19:04:19 HPA: cloudforge   Deployment/cloudforge   cpu: 9%/70%   2     10    3     50m
19:04:21 HPA: cloudforge   Deployment/cloudforge   cpu: 9%/70%   2     10    3     50m
19:04:23 HPA: cloudforge   Deployment/cloudforge   cpu: 13%/70%   2     10    3     50m
19:04:26 HPA: cloudforge   Deployment/cloudforge   cpu: 13%/70%   2     10    3     50m
19:04:28 HPA: cloudforge   Deployment/cloudforge   cpu: 13%/70%   2     10    3     50m
19:04:30 HPA: cloudforge   Deployment/cloudforge   cpu: 13%/70%   2     10    3     50m
19:04:32 HPA: cloudforge   Deployment/cloudforge   cpu: 13%/70%   2     10    3     50m
19:04:34 HPA: cloudforge   Deployment/cloudforge   cpu: 13%/70%   2     10    3     51m
19:04:37 HPA: cloudforge   Deployment/cloudforge   cpu: 13%/70%   2     10    3     51m
19:04:39 HPA: cloudforge   Deployment/cloudforge   cpu: 5%/70%   2     10    3     51m
19:04:41 HPA: cloudforge   Deployment/cloudforge   cpu: 5%/70%   2     10    3     51m
19:04:43 HPA: cloudforge   Deployment/cloudforge   cpu: 5%/70%   2     10    3     51m
19:04:45 HPA: cloudforge   Deployment/cloudforge   cpu: 5%/70%   2     10    3     51m
19:04:48 HPA: cloudforge   Deployment/cloudforge   cpu: 5%/70%   2     10    3     51m
19:04:50 HPA: cloudforge   Deployment/cloudforge   cpu: 5%/70%   2     10    3     51m
19:04:52 HPA: cloudforge   Deployment/cloudforge   cpu: 5%/70%   2     10    3     51m
19:04:54 HPA: cloudforge   Deployment/cloudforge   cpu: 5%/70%   2     10    3     51m
19:04:56 HPA: cloudforge   Deployment/cloudforge   cpu: 5%/70%   2     10    3     51m
19:04:59 HPA: cloudforge   Deployment/cloudforge   cpu: 5%/70%   2     10    3     51m
19:05:01 HPA: cloudforge   Deployment/cloudforge   cpu: 5%/70%   2     10    3     51m
19:05:03 HPA: cloudforge   Deployment/cloudforge   cpu: 5%/70%   2     10    3     51m
19:05:05 HPA: cloudforge   Deployment/cloudforge   cpu: 5%/70%   2     10    3     51m
19:05:07 HPA: cloudforge   Deployment/cloudforge   cpu: 4%/70%   2     10    3     51m
19:05:10 HPA: cloudforge   Deployment/cloudforge   cpu: 4%/70%   2     10    3     51m
19:05:12 HPA: cloudforge   Deployment/cloudforge   cpu: 4%/70%   2     10    3     51m
19:05:14 HPA: cloudforge   Deployment/cloudforge   cpu: 4%/70%   2     10    3     51m
19:05:16 HPA: cloudforge   Deployment/cloudforge   cpu: 4%/70%   2     10    3     51m
19:05:18 HPA: cloudforge   Deployment/cloudforge   cpu: 4%/70%   2     10    3     51m
19:05:20 HPA: cloudforge   Deployment/cloudforge   cpu: 4%/70%   2     10    3     51m
19:05:23 HPA: cloudforge   Deployment/cloudforge   cpu: 4%/70%   2     10    3     51m
19:05:25 HPA: cloudforge   Deployment/cloudforge   cpu: 4%/70%   2     10    3     51m
19:05:27 HPA: cloudforge   Deployment/cloudforge   cpu: 4%/70%   2     10    3     51m
19:05:29 HPA: cloudforge   Deployment/cloudforge   cpu: 4%/70%   2     10    3     51m
19:05:31 HPA: cloudforge   Deployment/cloudforge   cpu: 4%/70%   2     10    3     51m
19:05:34 HPA: cloudforge   Deployment/cloudforge   cpu: 4%/70%   2     10    3     51m
19:05:36 HPA: cloudforge   Deployment/cloudforge   cpu: 4%/70%   2     10    3     52m
19:05:38 HPA: cloudforge   Deployment/cloudforge   cpu: 3%/70%   2     10    3     52m
19:05:40 HPA: cloudforge   Deployment/cloudforge   cpu: 3%/70%   2     10    3     52m
19:05:42 HPA: cloudforge   Deployment/cloudforge   cpu: 3%/70%   2     10    3     52m
19:05:45 HPA: cloudforge   Deployment/cloudforge   cpu: 3%/70%   2     10    3     52m
19:05:47 HPA: cloudforge   Deployment/cloudforge   cpu: 3%/70%   2     10    3     52m
19:05:49 HPA: cloudforge   Deployment/cloudforge   cpu: 3%/70%   2     10    3     52m
19:05:51 HPA: cloudforge   Deployment/cloudforge   cpu: 3%/70%   2     10    3     52m
19:05:53 HPA: cloudforge   Deployment/cloudforge   cpu: 3%/70%   2     10    3     52m
19:05:55 HPA: cloudforge   Deployment/cloudforge   cpu: 3%/70%   2     10    3     52m
19:05:58 HPA: cloudforge   Deployment/cloudforge   cpu: 3%/70%   2     10    3     52m
19:06:00 HPA: cloudforge   Deployment/cloudforge   cpu: 3%/70%   2     10    3     52m
19:06:02 HPA: cloudforge   Deployment/cloudforge   cpu: 3%/70%   2     10    3     52m
19:06:04 HPA: cloudforge   Deployment/cloudforge   cpu: 3%/70%   2     10    3     52m
19:06:06 HPA: cloudforge   Deployment/cloudforge   cpu: 3%/70%   2     10    3     52m
19:06:09 HPA: cloudforge   Deployment/cloudforge   cpu: 4%/70%   2     10    3     52m
19:06:11 HPA: cloudforge   Deployment/cloudforge   cpu: 4%/70%   2     10    3     52m
19:06:13 HPA: cloudforge   Deployment/cloudforge   cpu: 4%/70%   2     10    3     52m
19:06:15 HPA: cloudforge   Deployment/cloudforge   cpu: 4%/70%   2     10    3     52m
19:06:17 HPA: cloudforge   Deployment/cloudforge   cpu: 4%/70%   2     10    3     52m
19:06:20 HPA: cloudforge   Deployment/cloudforge   cpu: 4%/70%   2     10    3     52m
19:06:22 HPA: cloudforge   Deployment/cloudforge   cpu: 4%/70%   2     10    3     52m
19:06:24 HPA: cloudforge   Deployment/cloudforge   cpu: 4%/70%   2     10    3     52m
19:06:26 HPA: cloudforge   Deployment/cloudforge   cpu: 4%/70%   2     10    3     52m
19:06:28 HPA: cloudforge   Deployment/cloudforge   cpu: 4%/70%   2     10    3     52m
19:06:30 HPA: cloudforge   Deployment/cloudforge   cpu: 4%/70%   2     10    3     52m
19:06:33 HPA: cloudforge   Deployment/cloudforge   cpu: 4%/70%   2     10    3     52m
19:06:35 HPA: cloudforge   Deployment/cloudforge   cpu: 4%/70%   2     10    3     53m
19:06:37 HPA: cloudforge   Deployment/cloudforge   cpu: 3%/70%   2     10    3     53m
19:06:39 HPA: cloudforge   Deployment/cloudforge   cpu: 3%/70%   2     10    3     53m
19:06:41 HPA: cloudforge   Deployment/cloudforge   cpu: 3%/70%   2     10    3     53m
19:06:44 HPA: cloudforge   Deployment/cloudforge   cpu: 3%/70%   2     10    3     53m
19:06:46 HPA: cloudforge   Deployment/cloudforge   cpu: 3%/70%   2     10    3     53m
19:06:48 HPA: cloudforge   Deployment/cloudforge   cpu: 3%/70%   2     10    3     53m
19:06:50 HPA: cloudforge   Deployment/cloudforge   cpu: 3%/70%   2     10    3     53m
19:06:52 HPA: cloudforge   Deployment/cloudforge   cpu: 3%/70%   2     10    3     53m
19:06:54 HPA: cloudforge   Deployment/cloudforge   cpu: 3%/70%   2     10    3     53m
19:06:57 HPA: cloudforge   Deployment/cloudforge   cpu: 3%/70%   2     10    3     53m
19:06:59 HPA: cloudforge   Deployment/cloudforge   cpu: 3%/70%   2     10    3     53m
19:07:01 HPA: cloudforge   Deployment/cloudforge   cpu: 3%/70%   2     10    3     53m
19:07:03 HPA: cloudforge   Deployment/cloudforge   cpu: 3%/70%   2     10    3     53m
19:07:05 HPA: cloudforge   Deployment/cloudforge   cpu: 3%/70%   2     10    3     53m
19:07:08 HPA: cloudforge   Deployment/cloudforge   cpu: 4%/70%   2     10    3     53m
19:07:10 HPA: cloudforge   Deployment/cloudforge   cpu: 4%/70%   2     10    3     53m
19:07:12 HPA: cloudforge   Deployment/cloudforge   cpu: 4%/70%   2     10    3     53m
19:07:14 HPA: cloudforge   Deployment/cloudforge   cpu: 4%/70%   2     10    3     53m
19:07:16 HPA: cloudforge   Deployment/cloudforge   cpu: 4%/70%   2     10    3     53m
19:07:19 HPA: cloudforge   Deployment/cloudforge   cpu: 4%/70%   2     10    3     53m
19:07:21 HPA: cloudforge   Deployment/cloudforge   cpu: 4%/70%   2     10    3     53m
19:07:23 HPA: cloudforge   Deployment/cloudforge   cpu: 4%/70%   2     10    3     53m
19:07:25 HPA: cloudforge   Deployment/cloudforge   cpu: 4%/70%   2     10    3     53m
19:07:27 HPA: cloudforge   Deployment/cloudforge   cpu: 4%/70%   2     10    3     53m
19:07:29 HPA: cloudforge   Deployment/cloudforge   cpu: 4%/70%   2     10    3     53m
19:07:32 HPA: cloudforge   Deployment/cloudforge   cpu: 4%/70%   2     10    3     53m
19:07:34 HPA: cloudforge   Deployment/cloudforge   cpu: 4%/70%   2     10    3     53m
19:07:36 HPA: cloudforge   Deployment/cloudforge   cpu: 4%/70%   2     10    3     54m
19:07:38 HPA: cloudforge   Deployment/cloudforge   cpu: 4%/70%   2     10    3     54m
19:07:40 HPA: cloudforge   Deployment/cloudforge   cpu: 4%/70%   2     10    3     54m
19:07:43 HPA: cloudforge   Deployment/cloudforge   cpu: 4%/70%   2     10    3     54m
19:07:45 HPA: cloudforge   Deployment/cloudforge   cpu: 4%/70%   2     10    3     54m
19:07:47 HPA: cloudforge   Deployment/cloudforge   cpu: 4%/70%   2     10    3     54m
19:07:49 HPA: cloudforge   Deployment/cloudforge   cpu: 4%/70%   2     10    3     54m
19:07:51 HPA: cloudforge   Deployment/cloudforge   cpu: 4%/70%   2     10    3     54m
19:07:54 HPA: cloudforge   Deployment/cloudforge   cpu: 4%/70%   2     10    3     54m
19:07:56 HPA: cloudforge   Deployment/cloudforge   cpu: 4%/70%   2     10    3     54m
19:07:58 HPA: cloudforge   Deployment/cloudforge   cpu: 4%/70%   2     10    3     54m
19:08:00 HPA: cloudforge   Deployment/cloudforge   cpu: 4%/70%   2     10    3     54m
19:08:02 HPA: cloudforge   Deployment/cloudforge   cpu: 4%/70%   2     10    3     54m
19:08:05 HPA: cloudforge   Deployment/cloudforge   cpu: 4%/70%   2     10    3     54m
19:08:07 HPA: cloudforge   Deployment/cloudforge   cpu: 4%/70%   2     10    3     54m
19:08:09 HPA: cloudforge   Deployment/cloudforge   cpu: 3%/70%   2     10    3     54m
19:08:11 HPA: cloudforge   Deployment/cloudforge   cpu: 3%/70%   2     10    3     54m
19:08:13 HPA: cloudforge   Deployment/cloudforge   cpu: 3%/70%   2     10    3     54m
19:08:15 HPA: cloudforge   Deployment/cloudforge   cpu: 3%/70%   2     10    3     54m
19:08:18 HPA: cloudforge   Deployment/cloudforge   cpu: 3%/70%   2     10    3     54m
19:08:20 HPA: cloudforge   Deployment/cloudforge   cpu: 3%/70%   2     10    3     54m
19:08:22 HPA: cloudforge   Deployment/cloudforge   cpu: 4%/70%   2     10    3     54m
19:08:24 HPA: cloudforge   Deployment/cloudforge   cpu: 4%/70%   2     10    3     54m
19:08:26 HPA: cloudforge   Deployment/cloudforge   cpu: 4%/70%   2     10    3     54m
19:08:29 HPA: cloudforge   Deployment/cloudforge   cpu: 4%/70%   2     10    3     54m
19:08:31 HPA: cloudforge   Deployment/cloudforge   cpu: 4%/70%   2     10    3     54m
19:08:33 HPA: cloudforge   Deployment/cloudforge   cpu: 4%/70%   2     10    3     54m
19:08:35 HPA: cloudforge   Deployment/cloudforge   cpu: 4%/70%   2     10    3     55m
19:08:37 HPA: cloudforge   Deployment/cloudforge   cpu: 4%/70%   2     10    2     55m
19:08:39 HPA: cloudforge   Deployment/cloudforge   cpu: 4%/70%   2     10    2     55m
19:08:42 HPA: cloudforge   Deployment/cloudforge   cpu: 4%/70%   2     10    2     55m
19:08:44 HPA: cloudforge   Deployment/cloudforge   cpu: 4%/70%   2     10    2     55m
19:08:46 HPA: cloudforge   Deployment/cloudforge   cpu: 4%/70%   2     10    2     55m
19:08:48 HPA: cloudforge   Deployment/cloudforge   cpu: 4%/70%   2     10    2     55m
19:08:50 HPA: cloudforge   Deployment/cloudforge   cpu: 4%/70%   2     10    2     55m
19:08:53 HPA: cloudforge   Deployment/cloudforge   cpu: 4%/70%   2     10    2     55m
19:08:55 HPA: cloudforge   Deployment/cloudforge   cpu: 4%/70%   2     10    2     55m
19:08:57 HPA: cloudforge   Deployment/cloudforge   cpu: 4%/70%   2     10    2     55m
19:08:59 HPA: cloudforge   Deployment/cloudforge   cpu: 4%/70%   2     10    2     55m
19:09:01 HPA: cloudforge   Deployment/cloudforge   cpu: 4%/70%   2     10    2     55m
19:09:04 HPA: cloudforge   Deployment/cloudforge   cpu: 4%/70%   2     10    2     55m
19:09:06 HPA: cloudforge   Deployment/cloudforge   cpu: 4%/70%   2     10    2     55m
19:09:08 HPA: cloudforge   Deployment/cloudforge   cpu: 4%/70%   2     10    2     55m
19:09:10 HPA: cloudforge   Deployment/cloudforge   cpu: 4%/70%   2     10    2     55m
19:09:12 HPA: cloudforge   Deployment/cloudforge   cpu: 4%/70%   2     10    2     55m
19:09:14 HPA: cloudforge   Deployment/cloudforge   cpu: 4%/70%   2     10    2     55m
19:09:17 HPA: cloudforge   Deployment/cloudforge   cpu: 4%/70%   2     10    2     55m
19:09:19 HPA: cloudforge   Deployment/cloudforge   cpu: 4%/70%   2     10    2     55m
19:09:21 HPA: cloudforge   Deployment/cloudforge   cpu: 4%/70%   2     10    2     55m
19:09:23 HPA: cloudforge   Deployment/cloudforge   cpu: 3%/70%   2     10    2     55m
19:09:25 HPA: cloudforge   Deployment/cloudforge   cpu: 3%/70%   2     10    2     55m
19:09:28 HPA: cloudforge   Deployment/cloudforge   cpu: 3%/70%   2     10    2     55m
19:09:30 HPA: cloudforge   Deployment/cloudforge   cpu: 3%/70%   2     10    2     55m
19:09:32 HPA: cloudforge   Deployment/cloudforge   cpu: 3%/70%   2     10    2     55m
19:09:34 HPA: cloudforge   Deployment/cloudforge   cpu: 3%/70%   2     10    2     55m
19:09:36 HPA: cloudforge   Deployment/cloudforge   cpu: 3%/70%   2     10    2     56m
19:09:38 HPA: cloudforge   Deployment/cloudforge   cpu: 4%/70%   2     10    2     56m
19:09:41 HPA: cloudforge   Deployment/cloudforge   cpu: 4%/70%   2     10    2     56m
19:09:43 HPA: cloudforge   Deployment/cloudforge   cpu: 4%/70%   2     10    2     56m
19:09:45 HPA: cloudforge   Deployment/cloudforge   cpu: 4%/70%   2     10    2     56m
19:09:47 HPA: cloudforge   Deployment/cloudforge   cpu: 4%/70%   2     10    2     56m
19:09:49 HPA: cloudforge   Deployment/cloudforge   cpu: 4%/70%   2     10    2     56m
19:09:52 HPA: cloudforge   Deployment/cloudforge   cpu: 4%/70%   2     10    2     56m
19:09:54 HPA: cloudforge   Deployment/cloudforge   cpu: 4%/70%   2     10    2     56m
19:09:56 HPA: cloudforge   Deployment/cloudforge   cpu: 4%/70%   2     10    2     56m
19:09:58 HPA: cloudforge   Deployment/cloudforge   cpu: 4%/70%   2     10    2     56m
19:10:00 HPA: cloudforge   Deployment/cloudforge   cpu: 4%/70%   2     10    2     56m
19:10:03 HPA: cloudforge   Deployment/cloudforge   cpu: 4%/70%   2     10    2     56m
19:10:05 HPA: cloudforge   Deployment/cloudforge   cpu: 4%/70%   2     10    2     56m
19:10:07 HPA: cloudforge   Deployment/cloudforge   cpu: 4%/70%   2     10    2     56m
19:10:09 HPA: cloudforge   Deployment/cloudforge   cpu: 4%/70%   2     10    2     56m
19:10:11 HPA: cloudforge   Deployment/cloudforge   cpu: 4%/70%   2     10    2     56m
19:10:14 HPA: cloudforge   Deployment/cloudforge   cpu: 4%/70%   2     10    2     56m
19:10:16 HPA: cloudforge   Deployment/cloudforge   cpu: 4%/70%   2     10    2     56m
19:10:18 HPA: cloudforge   Deployment/cloudforge   cpu: 4%/70%   2     10    2     56m
19:10:20 HPA: cloudforge   Deployment/cloudforge   cpu: 4%/70%   2     10    2     56m
19:10:22 HPA: cloudforge   Deployment/cloudforge   cpu: 3%/70%   2     10    2     56m
19:10:24 HPA: cloudforge   Deployment/cloudforge   cpu: 3%/70%   2     10    2     56m
19:10:27 HPA: cloudforge   Deployment/cloudforge   cpu: 3%/70%   2     10    2     56m
19:10:29 HPA: cloudforge   Deployment/cloudforge   cpu: 3%/70%   2     10    2     56m
19:10:31 HPA: cloudforge   Deployment/cloudforge   cpu: 3%/70%   2     10    2     56m
19:10:33 HPA: cloudforge   Deployment/cloudforge   cpu: 3%/70%   2     10    2     56m
19:10:35 HPA: cloudforge   Deployment/cloudforge   cpu: 3%/70%   2     10    2     57m
19:10:38 HPA: cloudforge   Deployment/cloudforge   cpu: 4%/70%   2     10    2     57m
19:10:40 HPA: cloudforge   Deployment/cloudforge   cpu: 4%/70%   2     10    2     57m
19:10:42 HPA: cloudforge   Deployment/cloudforge   cpu: 4%/70%   2     10    2     57m
19:10:44 HPA: cloudforge   Deployment/cloudforge   cpu: 4%/70%   2     10    2     57m
19:10:46 HPA: cloudforge   Deployment/cloudforge   cpu: 4%/70%   2     10    2     57m
19:10:48 HPA: cloudforge   Deployment/cloudforge   cpu: 4%/70%   2     10    2     57m
19:10:51 HPA: cloudforge   Deployment/cloudforge   cpu: 4%/70%   2     10    2     57m
19:10:53 HPA: cloudforge   Deployment/cloudforge   cpu: 3%/70%   2     10    2     57m
19:10:55 HPA: cloudforge   Deployment/cloudforge   cpu: 3%/70%   2     10    2     57m
19:10:57 HPA: cloudforge   Deployment/cloudforge   cpu: 3%/70%   2     10    2     57m
19:10:59 HPA: cloudforge   Deployment/cloudforge   cpu: 3%/70%   2     10    2     57m
19:11:02 HPA: cloudforge   Deployment/cloudforge   cpu: 3%/70%   2     10    2     57m
19:11:04 HPA: cloudforge   Deployment/cloudforge   cpu: 3%/70%   2     10    2     57m
19:11:06 HPA: cloudforge   Deployment/cloudforge   cpu: 3%/70%   2     10    2     57m
19:11:08 HPA: cloudforge   Deployment/cloudforge   cpu: 4%/70%   2     10    2     57m
19:11:10 HPA: cloudforge   Deployment/cloudforge   cpu: 4%/70%   2     10    2     57m
19:11:12 HPA: cloudforge   Deployment/cloudforge   cpu: 4%/70%   2     10    2     57m
19:11:15 HPA: cloudforge   Deployment/cloudforge   cpu: 4%/70%   2     10    2     57m
19:11:17 HPA: cloudforge   Deployment/cloudforge   cpu: 4%/70%   2     10    2     57m
19:11:19 HPA: cloudforge   Deployment/cloudforge   cpu: 4%/70%   2     10    2     57m
19:11:21 HPA: cloudforge   Deployment/cloudforge   cpu: 4%/70%   2     10    2     57m
19:11:23 HPA: cloudforge   Deployment/cloudforge   cpu: 3%/70%   2     10    2     57m
19:11:26 HPA: cloudforge   Deployment/cloudforge   cpu: 3%/70%   2     10    2     57m
19:11:28 HPA: cloudforge   Deployment/cloudforge   cpu: 3%/70%   2     10    2     57m
19:11:30 HPA: cloudforge   Deployment/cloudforge   cpu: 3%/70%   2     10    2     57m
19:11:32 HPA: cloudforge   Deployment/cloudforge   cpu: 3%/70%   2     10    2     57m
19:11:34 HPA: cloudforge   Deployment/cloudforge   cpu: 3%/70%   2     10    2     57m
19:11:36 HPA: cloudforge   Deployment/cloudforge   cpu: 3%/70%   2     10    2     58m
19:11:39 HPA: cloudforge   Deployment/cloudforge   cpu: 3%/70%   2     10    2     58m
19:11:41 HPA: cloudforge   Deployment/cloudforge   cpu: 3%/70%   2     10    2     58m
19:11:43 HPA: cloudforge   Deployment/cloudforge   cpu: 3%/70%   2     10    2     58m
19:11:45 HPA: cloudforge   Deployment/cloudforge   cpu: 3%/70%   2     10    2     58m
19:11:47 HPA: cloudforge   Deployment/cloudforge   cpu: 3%/70%   2     10    2     58m
19:11:50 HPA: cloudforge   Deployment/cloudforge   cpu: 3%/70%   2     10    2     58m
19:11:52 HPA: cloudforge   Deployment/cloudforge   cpu: 3%/70%   2     10    2     58m
19:11:54 HPA: cloudforge   Deployment/cloudforge   cpu: 3%/70%   2     10    2     58m
19:11:56 HPA: cloudforge   Deployment/cloudforge   cpu: 3%/70%   2     10    2     58m
19:11:58 HPA: cloudforge   Deployment/cloudforge   cpu: 3%/70%   2     10    2     58m
19:12:01 HPA: cloudforge   Deployment/cloudforge   cpu: 3%/70%   2     10    2     58m
19:12:03 HPA: cloudforge   Deployment/cloudforge   cpu: 3%/70%   2     10    2     58m
19:12:05 HPA: cloudforge   Deployment/cloudforge   cpu: 3%/70%   2     10    2     58m
19:12:07 HPA: cloudforge   Deployment/cloudforge   cpu: 4%/70%   2     10    2     58m
19:12:09 HPA: cloudforge   Deployment/cloudforge   cpu: 4%/70%   2     10    2     58m
19:12:12 HPA: cloudforge   Deployment/cloudforge   cpu: 4%/70%   2     10    2     58m
19:12:14 HPA: cloudforge   Deployment/cloudforge   cpu: 4%/70%   2     10    2     58m
19:12:16 HPA: cloudforge   Deployment/cloudforge   cpu: 4%/70%   2     10    2     58m
19:12:18 HPA: cloudforge   Deployment/cloudforge   cpu: 4%/70%   2     10    2     58m
19:12:20 HPA: cloudforge   Deployment/cloudforge   cpu: 4%/70%   2     10    2     58m
19:12:22 HPA: cloudforge   Deployment/cloudforge   cpu: 4%/70%   2     10    2     58m
19:12:25 HPA: cloudforge   Deployment/cloudforge   cpu: 4%/70%   2     10    2     58m
19:12:27 HPA: cloudforge   Deployment/cloudforge   cpu: 4%/70%   2     10    2     58m
19:12:29 HPA: cloudforge   Deployment/cloudforge   cpu: 4%/70%   2     10    2     58m
19:12:31 HPA: cloudforge   Deployment/cloudforge   cpu: 4%/70%   2     10    2     58m
19:12:33 HPA: cloudforge   Deployment/cloudforge   cpu: 4%/70%   2     10    2     58m
19:12:35 HPA: cloudforge   Deployment/cloudforge   cpu: 4%/70%   2     10    2     59m
19:12:38 HPA: cloudforge   Deployment/cloudforge   cpu: 3%/70%   2     10    2     59m
19:12:40 HPA: cloudforge   Deployment/cloudforge   cpu: 3%/70%   2     10    2     59m
19:12:42 HPA: cloudforge   Deployment/cloudforge   cpu: 3%/70%   2     10    2     59m
19:12:44 HPA: cloudforge   Deployment/cloudforge   cpu: 3%/70%   2     10    2     59m
19:12:46 HPA: cloudforge   Deployment/cloudforge   cpu: 3%/70%   2     10    2     59m
19:12:49 HPA: cloudforge   Deployment/cloudforge   cpu: 3%/70%   2     10    2     59m
19:12:51 HPA: cloudforge   Deployment/cloudforge   cpu: 3%/70%   2     10    2     59m
19:12:53 HPA: cloudforge   Deployment/cloudforge   cpu: 4%/70%   2     10    2     59m
19:12:55 HPA: cloudforge   Deployment/cloudforge   cpu: 4%/70%   2     10    2     59m
19:12:57 HPA: cloudforge   Deployment/cloudforge   cpu: 4%/70%   2     10    2     59m
19:12:59 HPA: cloudforge   Deployment/cloudforge   cpu: 4%/70%   2     10    2     59m
19:13:02 HPA: cloudforge   Deployment/cloudforge   cpu: 4%/70%   2     10    2     59m
19:13:04 HPA: cloudforge   Deployment/cloudforge   cpu: 4%/70%   2     10    2     59m
19:13:06 HPA: cloudforge   Deployment/cloudforge   cpu: 4%/70%   2     10    2     59m
19:13:08 HPA: cloudforge   Deployment/cloudforge   cpu: 4%/70%   2     10    2     59m
19:13:10 HPA: cloudforge   Deployment/cloudforge   cpu: 4%/70%   2     10    2     59m
19:13:13 HPA: cloudforge   Deployment/cloudforge   cpu: 4%/70%   2     10    2     59m
19:13:15 HPA: cloudforge   Deployment/cloudforge   cpu: 4%/70%   2     10    2     59m
19:13:17 HPA: cloudforge   Deployment/cloudforge   cpu: 4%/70%   2     10    2     59m
19:13:19 HPA: cloudforge   Deployment/cloudforge   cpu: 4%/70%   2     10    2     59m
19:13:21 HPA: cloudforge   Deployment/cloudforge   cpu: 4%/70%   2     10    2     59m
19:13:24 HPA: cloudforge   Deployment/cloudforge   cpu: 3%/70%   2     10    2     59m
19:13:26 HPA: cloudforge   Deployment/cloudforge   cpu: 3%/70%   2     10    2     59m
19:13:28 HPA: cloudforge   Deployment/cloudforge   cpu: 3%/70%   2     10    2     59m
19:13:30 HPA: cloudforge   Deployment/cloudforge   cpu: 3%/70%   2     10    2     59m
19:13:32 HPA: cloudforge   Deployment/cloudforge   cpu: 3%/70%   2     10    2     59m
19:13:35 HPA: cloudforge   Deployment/cloudforge   cpu: 3%/70%   2     10    2     60m
19:13:37 HPA: cloudforge   Deployment/cloudforge   cpu: 3%/70%   2     10    2     60m
19:13:39 HPA: cloudforge   Deployment/cloudforge   cpu: 3%/70%   2     10    2     60m
19:13:41 HPA: cloudforge   Deployment/cloudforge   cpu: 3%/70%   2     10    2     60m
19:13:43 HPA: cloudforge   Deployment/cloudforge   cpu: 3%/70%   2     10    2     60m
19:13:46 HPA: cloudforge   Deployment/cloudforge   cpu: 3%/70%   2     10    2     60m
19:13:48 HPA: cloudforge   Deployment/cloudforge   cpu: 3%/70%   2     10    2     60m
19:13:50 HPA: cloudforge   Deployment/cloudforge   cpu: 3%/70%   2     10    2     60m
19:13:52 HPA: cloudforge   Deployment/cloudforge   cpu: 4%/70%   2     10    2     60m
19:13:54 HPA: cloudforge   Deployment/cloudforge   cpu: 4%/70%   2     10    2     60m
19:13:56 HPA: cloudforge   Deployment/cloudforge   cpu: 4%/70%   2     10    2     60m
19:13:59 HPA: cloudforge   Deployment/cloudforge   cpu: 4%/70%   2     10    2     60m
19:14:01 HPA: cloudforge   Deployment/cloudforge   cpu: 4%/70%   2     10    2     60m
19:14:03 HPA: cloudforge   Deployment/cloudforge   cpu: 4%/70%   2     10    2     60m
19:14:05 HPA: cloudforge   Deployment/cloudforge   cpu: 4%/70%   2     10    2     60m
19:14:07 HPA: cloudforge   Deployment/cloudforge   cpu: 4%/70%   2     10    2     60m
19:14:10 HPA: cloudforge   Deployment/cloudforge   cpu: 4%/70%   2     10    2     60m
19:14:12 HPA: cloudforge   Deployment/cloudforge   cpu: 4%/70%   2     10    2     60m
19:14:14 HPA: cloudforge   Deployment/cloudforge   cpu: 4%/70%   2     10    2     60m
19:14:16 HPA: cloudforge   Deployment/cloudforge   cpu: 4%/70%   2     10    2     60m
19:14:18 HPA: cloudforge   Deployment/cloudforge   cpu: 4%/70%   2     10    2     60m
19:14:20 HPA: cloudforge   Deployment/cloudforge   cpu: 4%/70%   2     10    2     60m
19:14:23 HPA: cloudforge   Deployment/cloudforge   cpu: 4%/70%   2     10    2     60m
19:14:25 HPA: cloudforge   Deployment/cloudforge   cpu: 4%/70%   2     10    2     60m
19:14:27 HPA: cloudforge   Deployment/cloudforge   cpu: 4%/70%   2     10    2     60m
19:14:29 HPA: cloudforge   Deployment/cloudforge   cpu: 4%/70%   2     10    2     60m
19:14:31 HPA: cloudforge   Deployment/cloudforge   cpu: 4%/70%   2     10    2     60m
19:14:34 HPA: cloudforge   Deployment/cloudforge   cpu: 4%/70%   2     10    2     60m
19:14:36 HPA: cloudforge   Deployment/cloudforge   cpu: 4%/70%   2     10    2     61m
19:14:38 HPA: cloudforge   Deployment/cloudforge   cpu: 3%/70%   2     10    2     61m
19:14:40 HPA: cloudforge   Deployment/cloudforge   cpu: 3%/70%   2     10    2     61m
19:14:42 HPA: cloudforge   Deployment/cloudforge   cpu: 3%/70%   2     10    2     61m
19:14:45 HPA: cloudforge   Deployment/cloudforge   cpu: 3%/70%   2     10    2     61m
19:14:47 HPA: cloudforge   Deployment/cloudforge   cpu: 3%/70%   2     10    2     61m
19:14:49 HPA: cloudforge   Deployment/cloudforge   cpu: 3%/70%   2     10    2     61m
19:14:51 HPA: cloudforge   Deployment/cloudforge   cpu: 3%/70%   2     10    2     61m
19:14:53 HPA: cloudforge   Deployment/cloudforge   cpu: 4%/70%   2     10    2     61m
19:14:56 HPA: cloudforge   Deployment/cloudforge   cpu: 4%/70%   2     10    2     61m
19:14:58 HPA: cloudforge   Deployment/cloudforge   cpu: 4%/70%   2     10    2     61m
19:15:00 HPA: cloudforge   Deployment/cloudforge   cpu: 4%/70%   2     10    2     61m
19:15:02 HPA: cloudforge   Deployment/cloudforge   cpu: 4%/70%   2     10    2     61m
19:15:04 HPA: cloudforge   Deployment/cloudforge   cpu: 4%/70%   2     10    2     61m
19:15:06 HPA: cloudforge   Deployment/cloudforge   cpu: 4%/70%   2     10    2     61m
19:15:09 HPA: cloudforge   Deployment/cloudforge   cpu: 3%/70%   2     10    2     61m
19:15:11 HPA: cloudforge   Deployment/cloudforge   cpu: 3%/70%   2     10    2     61m
19:15:13 HPA: cloudforge   Deployment/cloudforge   cpu: 3%/70%   2     10    2     61m
19:15:15 HPA: cloudforge   Deployment/cloudforge   cpu: 3%/70%   2     10    2     61m
19:15:17 HPA: cloudforge   Deployment/cloudforge   cpu: 3%/70%   2     10    2     61m
19:15:20 HPA: cloudforge   Deployment/cloudforge   cpu: 3%/70%   2     10    2     61m
19:15:22 HPA: cloudforge   Deployment/cloudforge   cpu: 3%/70%   2     10    2     61m
19:15:24 HPA: cloudforge   Deployment/cloudforge   cpu: 4%/70%   2     10    2     61m
19:15:26 HPA: cloudforge   Deployment/cloudforge   cpu: 4%/70%   2     10    2     61m
19:15:28 HPA: cloudforge   Deployment/cloudforge   cpu: 4%/70%   2     10    2     61m
19:15:30 HPA: cloudforge   Deployment/cloudforge   cpu: 4%/70%   2     10    2     61m
19:15:33 HPA: cloudforge   Deployment/cloudforge   cpu: 4%/70%   2     10    2     61m
19:15:35 HPA: cloudforge   Deployment/cloudforge   cpu: 4%/70%   2     10    2     62m
19:15:37 HPA: cloudforge   Deployment/cloudforge   cpu: 4%/70%   2     10    2     62m
19:15:39 HPA: cloudforge   Deployment/cloudforge   cpu: 3%/70%   2     10    2     62m
19:15:41 HPA: cloudforge   Deployment/cloudforge   cpu: 3%/70%   2     10    2     62m
19:15:44 HPA: cloudforge   Deployment/cloudforge   cpu: 3%/70%   2     10    2     62m
19:15:46 HPA: cloudforge   Deployment/cloudforge   cpu: 3%/70%   2     10    2     62m
19:15:48 HPA: cloudforge   Deployment/cloudforge   cpu: 3%/70%   2     10    2     62m
19:15:50 HPA: cloudforge   Deployment/cloudforge   cpu: 3%/70%   2     10    2     62m
19:15:52 HPA: cloudforge   Deployment/cloudforge   cpu: 4%/70%   2     10    2     62m
19:15:54 HPA: cloudforge   Deployment/cloudforge   cpu: 4%/70%   2     10    2     62m
19:15:57 HPA: cloudforge   Deployment/cloudforge   cpu: 4%/70%   2     10    2     62m
19:15:59 HPA: cloudforge   Deployment/cloudforge   cpu: 4%/70%   2     10    2     62m
19:16:01 HPA: cloudforge   Deployment/cloudforge   cpu: 4%/70%   2     10    2     62m
19:16:03 HPA: cloudforge   Deployment/cloudforge   cpu: 4%/70%   2     10    2     62m
19:16:05 HPA: cloudforge   Deployment/cloudforge   cpu: 4%/70%   2     10    2     62m
19:16:08 HPA: cloudforge   Deployment/cloudforge   cpu: 4%/70%   2     10    2     62m
19:16:10 HPA: cloudforge   Deployment/cloudforge   cpu: 4%/70%   2     10    2     62m
19:16:12 HPA: cloudforge   Deployment/cloudforge   cpu: 4%/70%   2     10    2     62m
19:16:14 HPA: cloudforge   Deployment/cloudforge   cpu: 4%/70%   2     10    2     62m
19:16:16 HPA: cloudforge   Deployment/cloudforge   cpu: 4%/70%   2     10    2     62m
19:16:18 HPA: cloudforge   Deployment/cloudforge   cpu: 4%/70%   2     10    2     62m
19:16:21 HPA: cloudforge   Deployment/cloudforge   cpu: 4%/70%   2     10    2     62m
19:16:23 HPA: cloudforge   Deployment/cloudforge   cpu: 3%/70%   2     10    2     62m
19:16:25 HPA: cloudforge   Deployment/cloudforge   cpu: 3%/70%   2     10    2     62m
19:16:27 HPA: cloudforge   Deployment/cloudforge   cpu: 3%/70%   2     10    2     62m
19:16:29 HPA: cloudforge   Deployment/cloudforge   cpu: 3%/70%   2     10    2     62m
19:16:32 HPA: cloudforge   Deployment/cloudforge   cpu: 3%/70%   2     10    2     62m
19:16:34 HPA: cloudforge   Deployment/cloudforge   cpu: 3%/70%   2     10    2     62m
19:16:36 HPA: cloudforge   Deployment/cloudforge   cpu: 3%/70%   2     10    2     63m
19:16:38 HPA: cloudforge   Deployment/cloudforge   cpu: 4%/70%   2     10    2     63m
19:16:40 HPA: cloudforge   Deployment/cloudforge   cpu: 4%/70%   2     10    2     63m
19:16:43 HPA: cloudforge   Deployment/cloudforge   cpu: 4%/70%   2     10    2     63m
19:16:45 HPA: cloudforge   Deployment/cloudforge   cpu: 4%/70%   2     10    2     63m
19:16:47 HPA: cloudforge   Deployment/cloudforge   cpu: 4%/70%   2     10    2     63m
19:16:49 HPA: cloudforge   Deployment/cloudforge   cpu: 4%/70%   2     10    2     63m
19:16:51 HPA: cloudforge   Deployment/cloudforge   cpu: 4%/70%   2     10    2     63m
19:16:54 HPA: cloudforge   Deployment/cloudforge   cpu: 3%/70%   2     10    2     63m
19:16:56 HPA: cloudforge   Deployment/cloudforge   cpu: 3%/70%   2     10    2     63m
19:16:58 HPA: cloudforge   Deployment/cloudforge   cpu: 3%/70%   2     10    2     63m
19:17:00 HPA: cloudforge   Deployment/cloudforge   cpu: 3%/70%   2     10    2     63m
19:17:02 HPA: cloudforge   Deployment/cloudforge   cpu: 3%/70%   2     10    2     63m
19:17:05 HPA: cloudforge   Deployment/cloudforge   cpu: 3%/70%   2     10    2     63m
19:17:07 HPA: cloudforge   Deployment/cloudforge   cpu: 3%/70%   2     10    2     63m
19:17:09 HPA: cloudforge   Deployment/cloudforge   cpu: 3%/70%   2     10    2     63m
19:17:11 HPA: cloudforge   Deployment/cloudforge   cpu: 3%/70%   2     10    2     63m
19:17:13 HPA: cloudforge   Deployment/cloudforge   cpu: 3%/70%   2     10    2     63m
19:17:15 HPA: cloudforge   Deployment/cloudforge   cpu: 3%/70%   2     10    2     63m
19:17:18 HPA: cloudforge   Deployment/cloudforge   cpu: 3%/70%   2     10    2     63m
19:17:20 HPA: cloudforge   Deployment/cloudforge   cpu: 3%/70%   2     10    2     63m
19:17:22 HPA: cloudforge   Deployment/cloudforge   cpu: 3%/70%   2     10    2     63m
19:17:24 HPA: cloudforge   Deployment/cloudforge   cpu: 3%/70%   2     10    2     63m
19:17:26 HPA: cloudforge   Deployment/cloudforge   cpu: 3%/70%   2     10    2     63m
19:17:28 HPA: cloudforge   Deployment/cloudforge   cpu: 3%/70%   2     10    2     63m
19:17:31 HPA: cloudforge   Deployment/cloudforge   cpu: 3%/70%   2     10    2     63m
19:17:33 HPA: cloudforge   Deployment/cloudforge   cpu: 3%/70%   2     10    2     63m
19:17:35 HPA: cloudforge   Deployment/cloudforge   cpu: 3%/70%   2     10    2     64m
19:17:37 HPA: cloudforge   Deployment/cloudforge   cpu: 3%/70%   2     10    2     64m
19:17:39 HPA: cloudforge   Deployment/cloudforge   cpu: 3%/70%   2     10    2     64m
19:17:42 HPA: cloudforge   Deployment/cloudforge   cpu: 3%/70%   2     10    2     64m
19:17:44 HPA: cloudforge   Deployment/cloudforge   cpu: 3%/70%   2     10    2     64m
19:17:46 HPA: cloudforge   Deployment/cloudforge   cpu: 3%/70%   2     10    2     64m
19:17:48 HPA: cloudforge   Deployment/cloudforge   cpu: 3%/70%   2     10    2     64m
19:17:50 HPA: cloudforge   Deployment/cloudforge   cpu: 3%/70%   2     10    2     64m
19:17:52 HPA: cloudforge   Deployment/cloudforge   cpu: 4%/70%   2     10    2     64m
19:17:55 HPA: cloudforge   Deployment/cloudforge   cpu: 4%/70%   2     10    2     64m
19:17:57 HPA: cloudforge   Deployment/cloudforge   cpu: 4%/70%   2     10    2     64m
19:17:59 HPA: cloudforge   Deployment/cloudforge   cpu: 4%/70%   2     10    2     64m
19:18:01 HPA: cloudforge   Deployment/cloudforge   cpu: 4%/70%   2     10    2     64m
19:18:03 HPA: cloudforge   Deployment/cloudforge   cpu: 4%/70%   2     10    2     64m
19:18:06 HPA: cloudforge   Deployment/cloudforge   cpu: 4%/70%   2     10    2     64m
19:18:08 HPA: cloudforge   Deployment/cloudforge   cpu: 3%/70%   2     10    2     64m
19:18:10 HPA: cloudforge   Deployment/cloudforge   cpu: 3%/70%   2     10    2     64m
19:18:12 HPA: cloudforge   Deployment/cloudforge   cpu: 3%/70%   2     10    2     64m
19:18:14 HPA: cloudforge   Deployment/cloudforge   cpu: 3%/70%   2     10    2     64m
19:18:17 HPA: cloudforge   Deployment/cloudforge   cpu: 3%/70%   2     10    2     64m
19:18:19 HPA: cloudforge   Deployment/cloudforge   cpu: 3%/70%   2     10    2     64m
19:18:21 HPA: cloudforge   Deployment/cloudforge   cpu: 3%/70%   2     10    2     64m
19:18:23 HPA: cloudforge   Deployment/cloudforge   cpu: 3%/70%   2     10    2     64m
19:18:25 HPA: cloudforge   Deployment/cloudforge   cpu: 3%/70%   2     10    2     64m
19:18:28 HPA: cloudforge   Deployment/cloudforge   cpu: 3%/70%   2     10    2     64m
19:18:30 HPA: cloudforge   Deployment/cloudforge   cpu: 3%/70%   2     10    2     64m
19:18:32 HPA: cloudforge   Deployment/cloudforge   cpu: 3%/70%   2     10    2     64m
19:18:34 HPA: cloudforge   Deployment/cloudforge   cpu: 3%/70%   2     10    2     64m
19:18:36 HPA: cloudforge   Deployment/cloudforge   cpu: 3%/70%   2     10    2     65m
19:18:39 HPA: cloudforge   Deployment/cloudforge   cpu: 4%/70%   2     10    2     65m
19:18:41 HPA: cloudforge   Deployment/cloudforge   cpu: 4%/70%   2     10    2     65m
19:18:43 HPA: cloudforge   Deployment/cloudforge   cpu: 4%/70%   2     10    2     65m
19:18:45 HPA: cloudforge   Deployment/cloudforge   cpu: 4%/70%   2     10    2     65m
19:18:47 HPA: cloudforge   Deployment/cloudforge   cpu: 4%/70%   2     10    2     65m
19:18:50 HPA: cloudforge   Deployment/cloudforge   cpu: 4%/70%   2     10    2     65m
19:18:52 HPA: cloudforge   Deployment/cloudforge   cpu: 4%/70%   2     10    2     65m
19:18:54 HPA: cloudforge   Deployment/cloudforge   cpu: 4%/70%   2     10    2     65m
19:18:56 HPA: cloudforge   Deployment/cloudforge   cpu: 4%/70%   2     10    2     65m
19:18:58 HPA: cloudforge   Deployment/cloudforge   cpu: 4%/70%   2     10    2     65m
19:19:00 HPA: cloudforge   Deployment/cloudforge   cpu: 4%/70%   2     10    2     65m
19:19:03 HPA: cloudforge   Deployment/cloudforge   cpu: 4%/70%   2     10    2     65m
19:19:05 HPA: cloudforge   Deployment/cloudforge   cpu: 4%/70%   2     10    2     65m
19:19:07 HPA: cloudforge   Deployment/cloudforge   cpu: 4%/70%   2     10    2     65m
19:19:09 HPA: cloudforge   Deployment/cloudforge   cpu: 4%/70%   2     10    2     65m
19:19:11 HPA: cloudforge   Deployment/cloudforge   cpu: 4%/70%   2     10    2     65m
19:19:14 HPA: cloudforge   Deployment/cloudforge   cpu: 4%/70%   2     10    2     65m
19:19:16 HPA: cloudforge   Deployment/cloudforge   cpu: 4%/70%   2     10    2     65m
19:19:18 HPA: cloudforge   Deployment/cloudforge   cpu: 4%/70%   2     10    2     65m
19:19:20 HPA: cloudforge   Deployment/cloudforge   cpu: 4%/70%   2     10    2     65m
19:19:22 HPA: cloudforge   Deployment/cloudforge   cpu: 4%/70%   2     10    2     65m
19:19:24 HPA: cloudforge   Deployment/cloudforge   cpu: 4%/70%   2     10    2     65m
19:19:27 HPA: cloudforge   Deployment/cloudforge   cpu: 4%/70%   2     10    2     65m
19:19:29 HPA: cloudforge   Deployment/cloudforge   cpu: 4%/70%   2     10    2     65m
19:19:31 HPA: cloudforge   Deployment/cloudforge   cpu: 4%/70%   2     10    2     65m
19:19:33 HPA: cloudforge   Deployment/cloudforge   cpu: 4%/70%   2     10    2     65m
19:19:35 HPA: cloudforge   Deployment/cloudforge   cpu: 4%/70%   2     10    2     66m
19:19:38 HPA: cloudforge   Deployment/cloudforge   cpu: 4%/70%   2     10    2     66m
19:19:40 HPA: cloudforge   Deployment/cloudforge   cpu: 4%/70%   2     10    2     66m
19:19:42 HPA: cloudforge   Deployment/cloudforge   cpu: 4%/70%   2     10    2     66m
19:19:44 HPA: cloudforge   Deployment/cloudforge   cpu: 4%/70%   2     10    2     66m
19:19:46 HPA: cloudforge   Deployment/cloudforge   cpu: 4%/70%   2     10    2     66m
19:19:48 HPA: cloudforge   Deployment/cloudforge   cpu: 4%/70%   2     10    2     66m
19:19:51 HPA: cloudforge   Deployment/cloudforge   cpu: 4%/70%   2     10    2     66m
19:19:53 HPA: cloudforge   Deployment/cloudforge   cpu: 4%/70%   2     10    2     66m
19:19:55 HPA: cloudforge   Deployment/cloudforge   cpu: 4%/70%   2     10    2     66m
19:19:57 HPA: cloudforge   Deployment/cloudforge   cpu: 4%/70%   2     10    2     66m
19:19:59 HPA: cloudforge   Deployment/cloudforge   cpu: 4%/70%   2     10    2     66m
19:20:01 HPA: cloudforge   Deployment/cloudforge   cpu: 4%/70%   2     10    2     66m
19:20:04 HPA: cloudforge   Deployment/cloudforge   cpu: 4%/70%   2     10    2     66m
19:20:06 HPA: cloudforge   Deployment/cloudforge   cpu: 4%/70%   2     10    2     66m
19:20:08 HPA: cloudforge   Deployment/cloudforge   cpu: 4%/70%   2     10    2     66m
19:20:10 HPA: cloudforge   Deployment/cloudforge   cpu: 4%/70%   2     10    2     66m
19:20:12 HPA: cloudforge   Deployment/cloudforge   cpu: 4%/70%   2     10    2     66m
19:20:15 HPA: cloudforge   Deployment/cloudforge   cpu: 4%/70%   2     10    2     66m
19:20:17 HPA: cloudforge   Deployment/cloudforge   cpu: 4%/70%   2     10    2     66m
19:20:19 HPA: cloudforge   Deployment/cloudforge   cpu: 4%/70%   2     10    2     66m
19:20:21 HPA: cloudforge   Deployment/cloudforge   cpu: 4%/70%   2     10    2     66m
19:20:23 HPA: cloudforge   Deployment/cloudforge   cpu: 3%/70%   2     10    2     66m
19:20:25 HPA: cloudforge   Deployment/cloudforge   cpu: 3%/70%   2     10    2     66m
19:20:28 HPA: cloudforge   Deployment/cloudforge   cpu: 3%/70%   2     10    2     66m
19:20:30 HPA: cloudforge   Deployment/cloudforge   cpu: 3%/70%   2     10    2     66m
19:20:32 HPA: cloudforge   Deployment/cloudforge   cpu: 3%/70%   2     10    2     66m
19:20:34 HPA: cloudforge   Deployment/cloudforge   cpu: 3%/70%   2     10    2     66m
19:20:36 HPA: cloudforge   Deployment/cloudforge   cpu: 3%/70%   2     10    2     67m
19:20:38 HPA: cloudforge   Deployment/cloudforge   cpu: 4%/70%   2     10    2     67m
19:20:41 HPA: cloudforge   Deployment/cloudforge   cpu: 4%/70%   2     10    2     67m
19:20:43 HPA: cloudforge   Deployment/cloudforge   cpu: 4%/70%   2     10    2     67m
19:20:45 HPA: cloudforge   Deployment/cloudforge   cpu: 4%/70%   2     10    2     67m
19:20:47 HPA: cloudforge   Deployment/cloudforge   cpu: 4%/70%   2     10    2     67m
19:20:49 HPA: cloudforge   Deployment/cloudforge   cpu: 4%/70%   2     10    2     67m
19:20:51 HPA: cloudforge   Deployment/cloudforge   cpu: 4%/70%   2     10    2     67m
19:20:54 HPA: cloudforge   Deployment/cloudforge   cpu: 4%/70%   2     10    2     67m
19:20:56 HPA: cloudforge   Deployment/cloudforge   cpu: 4%/70%   2     10    2     67m
19:20:58 HPA: cloudforge   Deployment/cloudforge   cpu: 4%/70%   2     10    2     67m
19:21:00 HPA: cloudforge   Deployment/cloudforge   cpu: 4%/70%   2     10    2     67m
19:21:02 HPA: cloudforge   Deployment/cloudforge   cpu: 4%/70%   2     10    2     67m
19:21:05 HPA: cloudforge   Deployment/cloudforge   cpu: 4%/70%   2     10    2     67m
19:21:07 HPA: cloudforge   Deployment/cloudforge   cpu: 4%/70%   2     10    2     67m
19:21:09 HPA: cloudforge   Deployment/cloudforge   cpu: 4%/70%   2     10    2     67m
19:21:11 HPA: cloudforge   Deployment/cloudforge   cpu: 4%/70%   2     10    2     67m
19:21:13 HPA: cloudforge   Deployment/cloudforge   cpu: 4%/70%   2     10    2     67m
19:21:15 HPA: cloudforge   Deployment/cloudforge   cpu: 4%/70%   2     10    2     67m
19:21:18 HPA: cloudforge   Deployment/cloudforge   cpu: 4%/70%   2     10    2     67m
19:21:20 HPA: cloudforge   Deployment/cloudforge   cpu: 4%/70%   2     10    2     67m
19:21:22 HPA: cloudforge   Deployment/cloudforge   cpu: 4%/70%   2     10    2     67m
19:21:24 HPA: cloudforge   Deployment/cloudforge   cpu: 4%/70%   2     10    2     67m
19:21:26 HPA: cloudforge   Deployment/cloudforge   cpu: 4%/70%   2     10    2     67m
19:21:28 HPA: cloudforge   Deployment/cloudforge   cpu: 4%/70%   2     10    2     67m
19:21:31 HPA: cloudforge   Deployment/cloudforge   cpu: 4%/70%   2     10    2     67m
19:21:33 HPA: cloudforge   Deployment/cloudforge   cpu: 4%/70%   2     10    2     67m
19:21:35 HPA: cloudforge   Deployment/cloudforge   cpu: 4%/70%   2     10    2     68m
19:21:37 HPA: cloudforge   Deployment/cloudforge   cpu: 4%/70%   2     10    2     68m
19:21:39 HPA: cloudforge   Deployment/cloudforge   cpu: 4%/70%   2     10    2     68m
19:21:42 HPA: cloudforge   Deployment/cloudforge   cpu: 4%/70%   2     10    2     68m
19:21:44 HPA: cloudforge   Deployment/cloudforge   cpu: 4%/70%   2     10    2     68m
19:21:46 HPA: cloudforge   Deployment/cloudforge   cpu: 4%/70%   2     10    2     68m
19:21:48 HPA: cloudforge   Deployment/cloudforge   cpu: 4%/70%   2     10    2     68m
19:21:50 HPA: cloudforge   Deployment/cloudforge   cpu: 4%/70%   2     10    2     68m
19:21:52 HPA: cloudforge   Deployment/cloudforge   cpu: 3%/70%   2     10    2     68m
19:21:55 HPA: cloudforge   Deployment/cloudforge   cpu: 3%/70%   2     10    2     68m
19:21:57 HPA: cloudforge   Deployment/cloudforge   cpu: 3%/70%   2     10    2     68m
19:21:59 HPA: cloudforge   Deployment/cloudforge   cpu: 3%/70%   2     10    2     68m
19:22:01 HPA: cloudforge   Deployment/cloudforge   cpu: 3%/70%   2     10    2     68m
19:22:03 HPA: cloudforge   Deployment/cloudforge   cpu: 3%/70%   2     10    2     68m
19:22:05 HPA: cloudforge   Deployment/cloudforge   cpu: 3%/70%   2     10    2     68m
19:22:08 HPA: cloudforge   Deployment/cloudforge   cpu: 3%/70%   2     10    2     68m
19:22:10 HPA: cloudforge   Deployment/cloudforge   cpu: 3%/70%   2     10    2     68m
19:22:12 HPA: cloudforge   Deployment/cloudforge   cpu: 3%/70%   2     10    2     68m
19:22:14 HPA: cloudforge   Deployment/cloudforge   cpu: 3%/70%   2     10    2     68m
19:22:16 HPA: cloudforge   Deployment/cloudforge   cpu: 3%/70%   2     10    2     68m
19:22:19 HPA: cloudforge   Deployment/cloudforge   cpu: 3%/70%   2     10    2     68m
19:22:21 HPA: cloudforge   Deployment/cloudforge   cpu: 3%/70%   2     10    2     68m
19:22:23 HPA: cloudforge   Deployment/cloudforge   cpu: 4%/70%   2     10    2     68m
19:22:25 HPA: cloudforge   Deployment/cloudforge   cpu: 4%/70%   2     10    2     68m
19:22:27 HPA: cloudforge   Deployment/cloudforge   cpu: 4%/70%   2     10    2     68m
19:22:29 HPA: cloudforge   Deployment/cloudforge   cpu: 4%/70%   2     10    2     68m
19:22:32 HPA: cloudforge   Deployment/cloudforge   cpu: 4%/70%   2     10    2     68m
19:22:34 HPA: cloudforge   Deployment/cloudforge   cpu: 4%/70%   2     10    2     68m
19:22:36 HPA: cloudforge   Deployment/cloudforge   cpu: 4%/70%   2     10    2     69m
19:22:38 HPA: cloudforge   Deployment/cloudforge   cpu: 4%/70%   2     10    2     69m
19:22:40 HPA: cloudforge   Deployment/cloudforge   cpu: 4%/70%   2     10    2     69m
19:22:42 HPA: cloudforge   Deployment/cloudforge   cpu: 4%/70%   2     10    2     69m
19:22:45 HPA: cloudforge   Deployment/cloudforge   cpu: 4%/70%   2     10    2     69m
19:22:47 HPA: cloudforge   Deployment/cloudforge   cpu: 4%/70%   2     10    2     69m
19:22:49 HPA: cloudforge   Deployment/cloudforge   cpu: 4%/70%   2     10    2     69m
19:22:51 HPA: cloudforge   Deployment/cloudforge   cpu: 4%/70%   2     10    2     69m
19:22:53 HPA: cloudforge   Deployment/cloudforge   cpu: 3%/70%   2     10    2     69m
19:22:56 HPA: cloudforge   Deployment/cloudforge   cpu: 3%/70%   2     10    2     69m
19:22:58 HPA: cloudforge   Deployment/cloudforge   cpu: 3%/70%   2     10    2     69m
19:23:00 HPA: cloudforge   Deployment/cloudforge   cpu: 3%/70%   2     10    2     69m
19:23:02 HPA: cloudforge   Deployment/cloudforge   cpu: 3%/70%   2     10    2     69m
19:23:04 HPA: cloudforge   Deployment/cloudforge   cpu: 3%/70%   2     10    2     69m
19:23:06 HPA: cloudforge   Deployment/cloudforge   cpu: 3%/70%   2     10    2     69m
19:23:09 HPA: cloudforge   Deployment/cloudforge   cpu: 4%/70%   2     10    2     69m
19:23:11 HPA: cloudforge   Deployment/cloudforge   cpu: 4%/70%   2     10    2     69m
19:23:13 HPA: cloudforge   Deployment/cloudforge   cpu: 4%/70%   2     10    2     69m
19:23:15 HPA: cloudforge   Deployment/cloudforge   cpu: 4%/70%   2     10    2     69m
19:23:17 HPA: cloudforge   Deployment/cloudforge   cpu: 4%/70%   2     10    2     69m
19:23:20 HPA: cloudforge   Deployment/cloudforge   cpu: 4%/70%   2     10    2     69m
19:23:22 HPA: cloudforge   Deployment/cloudforge   cpu: 4%/70%   2     10    2     69m
19:23:24 HPA: cloudforge   Deployment/cloudforge   cpu: 3%/70%   2     10    2     69m
19:23:26 HPA: cloudforge   Deployment/cloudforge   cpu: 3%/70%   2     10    2     69m
19:23:28 HPA: cloudforge   Deployment/cloudforge   cpu: 3%/70%   2     10    2     69m
19:23:30 HPA: cloudforge   Deployment/cloudforge   cpu: 3%/70%   2     10    2     69m
19:23:33 HPA: cloudforge   Deployment/cloudforge   cpu: 3%/70%   2     10    2     69m
19:23:35 HPA: cloudforge   Deployment/cloudforge   cpu: 3%/70%   2     10    2     70m
19:23:37 HPA: cloudforge   Deployment/cloudforge   cpu: 3%/70%   2     10    2     70m
19:23:39 HPA: cloudforge   Deployment/cloudforge   cpu: 4%/70%   2     10    2     70m
19:23:41 HPA: cloudforge   Deployment/cloudforge   cpu: 4%/70%   2     10    2     70m
19:23:44 HPA: cloudforge   Deployment/cloudforge   cpu: 4%/70%   2     10    2     70m
19:23:46 HPA: cloudforge   Deployment/cloudforge   cpu: 4%/70%   2     10    2     70m
19:23:48 HPA: cloudforge   Deployment/cloudforge   cpu: 4%/70%   2     10    2     70m
19:23:50 HPA: cloudforge   Deployment/cloudforge   cpu: 4%/70%   2     10    2     70m
19:23:52 HPA: cloudforge   Deployment/cloudforge   cpu: 3%/70%   2     10    2     70m
19:23:54 HPA: cloudforge   Deployment/cloudforge   cpu: 3%/70%   2     10    2     70m
19:23:57 HPA: cloudforge   Deployment/cloudforge   cpu: 3%/70%   2     10    2     70m
19:23:59 HPA: cloudforge   Deployment/cloudforge   cpu: 3%/70%   2     10    2     70m
19:24:01 HPA: cloudforge   Deployment/cloudforge   cpu: 3%/70%   2     10    2     70m
19:24:03 HPA: cloudforge   Deployment/cloudforge   cpu: 3%/70%   2     10    2     70m
19:24:05 HPA: cloudforge   Deployment/cloudforge   cpu: 3%/70%   2     10    2     70m
19:24:08 HPA: cloudforge   Deployment/cloudforge   cpu: 4%/70%   2     10    2     70m
19:24:10 HPA: cloudforge   Deployment/cloudforge   cpu: 4%/70%   2     10    2     70m
19:24:12 HPA: cloudforge   Deployment/cloudforge   cpu: 4%/70%   2     10    2     70m
19:24:14 HPA: cloudforge   Deployment/cloudforge   cpu: 4%/70%   2     10    2     70m
19:24:16 HPA: cloudforge   Deployment/cloudforge   cpu: 4%/70%   2     10    2     70m
19:24:18 HPA: cloudforge   Deployment/cloudforge   cpu: 4%/70%   2     10    2     70m
19:24:21 HPA: cloudforge   Deployment/cloudforge   cpu: 4%/70%   2     10    2     70m
19:24:23 HPA: cloudforge   Deployment/cloudforge   cpu: 3%/70%   2     10    2     70m
19:24:25 HPA: cloudforge   Deployment/cloudforge   cpu: 3%/70%   2     10    2     70m
19:24:27 HPA: cloudforge   Deployment/cloudforge   cpu: 3%/70%   2     10    2     70m
19:24:29 HPA: cloudforge   Deployment/cloudforge   cpu: 3%/70%   2     10    2     70m
19:24:31 HPA: cloudforge   Deployment/cloudforge   cpu: 3%/70%   2     10    2     70m
19:24:34 HPA: cloudforge   Deployment/cloudforge   cpu: 3%/70%   2     10    2     70m
19:24:36 HPA: cloudforge   Deployment/cloudforge   cpu: 3%/70%   2     10    2     71m
19:24:38 HPA: cloudforge   Deployment/cloudforge   cpu: 4%/70%   2     10    2     71m
19:24:40 HPA: cloudforge   Deployment/cloudforge   cpu: 4%/70%   2     10    2     71m
19:24:42 HPA: cloudforge   Deployment/cloudforge   cpu: 4%/70%   2     10    2     71m
19:24:45 HPA: cloudforge   Deployment/cloudforge   cpu: 4%/70%   2     10    2     71m
19:24:47 HPA: cloudforge   Deployment/cloudforge   cpu: 4%/70%   2     10    2     71m
19:24:49 HPA: cloudforge   Deployment/cloudforge   cpu: 4%/70%   2     10    2     71m
19:24:51 HPA: cloudforge   Deployment/cloudforge   cpu: 4%/70%   2     10    2     71m
19:24:53 HPA: cloudforge   Deployment/cloudforge   cpu: 4%/70%   2     10    2     71m
19:24:56 HPA: cloudforge   Deployment/cloudforge   cpu: 4%/70%   2     10    2     71m
19:24:58 HPA: cloudforge   Deployment/cloudforge   cpu: 4%/70%   2     10    2     71m
19:25:00 HPA: cloudforge   Deployment/cloudforge   cpu: 4%/70%   2     10    2     71m
19:25:02 HPA: cloudforge   Deployment/cloudforge   cpu: 4%/70%   2     10    2     71m
19:25:04 HPA: cloudforge   Deployment/cloudforge   cpu: 4%/70%   2     10    2     71m
19:25:06 HPA: cloudforge   Deployment/cloudforge   cpu: 4%/70%   2     10    2     71m
19:25:09 HPA: cloudforge   Deployment/cloudforge   cpu: 4%/70%   2     10    2     71m
19:25:11 HPA: cloudforge   Deployment/cloudforge   cpu: 4%/70%   2     10    2     71m
19:25:13 HPA: cloudforge   Deployment/cloudforge   cpu: 4%/70%   2     10    2     71m
19:25:15 HPA: cloudforge   Deployment/cloudforge   cpu: 4%/70%   2     10    2     71m
19:25:17 HPA: cloudforge   Deployment/cloudforge   cpu: 4%/70%   2     10    2     71m
19:25:20 HPA: cloudforge   Deployment/cloudforge   cpu: 4%/70%   2     10    2     71m
19:25:22 HPA: cloudforge   Deployment/cloudforge   cpu: 4%/70%   2     10    2     71m
19:25:24 HPA: cloudforge   Deployment/cloudforge   cpu: 4%/70%   2     10    2     71m
19:25:26 HPA: cloudforge   Deployment/cloudforge   cpu: 4%/70%   2     10    2     71m
19:25:28 HPA: cloudforge   Deployment/cloudforge   cpu: 4%/70%   2     10    2     71m
19:25:30 HPA: cloudforge   Deployment/cloudforge   cpu: 4%/70%   2     10    2     71m
19:25:33 HPA: cloudforge   Deployment/cloudforge   cpu: 4%/70%   2     10    2     71m
19:25:35 HPA: cloudforge   Deployment/cloudforge   cpu: 4%/70%   2     10    2     72m
19:25:37 HPA: cloudforge   Deployment/cloudforge   cpu: 4%/70%   2     10    2     72m
19:25:39 HPA: cloudforge   Deployment/cloudforge   cpu: 3%/70%   2     10    2     72m
19:25:41 HPA: cloudforge   Deployment/cloudforge   cpu: 3%/70%   2     10    2     72m
19:25:44 HPA: cloudforge   Deployment/cloudforge   cpu: 3%/70%   2     10    2     72m
19:25:46 HPA: cloudforge   Deployment/cloudforge   cpu: 3%/70%   2     10    2     72m
19:25:48 HPA: cloudforge   Deployment/cloudforge   cpu: 3%/70%   2     10    2     72m
19:25:50 HPA: cloudforge   Deployment/cloudforge   cpu: 3%/70%   2     10    2     72m
19:25:52 HPA: cloudforge   Deployment/cloudforge   cpu: 3%/70%   2     10    2     72m
19:25:55 HPA: cloudforge   Deployment/cloudforge   cpu: 3%/70%   2     10    2     72m
19:25:57 HPA: cloudforge   Deployment/cloudforge   cpu: 3%/70%   2     10    2     72m
19:25:59 HPA: cloudforge   Deployment/cloudforge   cpu: 3%/70%   2     10    2     72m
19:26:01 HPA: cloudforge   Deployment/cloudforge   cpu: 3%/70%   2     10    2     72m
19:26:03 HPA: cloudforge   Deployment/cloudforge   cpu: 3%/70%   2     10    2     72m
19:26:05 HPA: cloudforge   Deployment/cloudforge   cpu: 3%/70%   2     10    2     72m
19:26:08 HPA: cloudforge   Deployment/cloudforge   cpu: 3%/70%   2     10    2     72m
19:26:10 HPA: cloudforge   Deployment/cloudforge   cpu: 3%/70%   2     10    2     72m
19:26:12 HPA: cloudforge   Deployment/cloudforge   cpu: 3%/70%   2     10    2     72m
19:26:14 HPA: cloudforge   Deployment/cloudforge   cpu: 3%/70%   2     10    2     72m
19:26:16 HPA: cloudforge   Deployment/cloudforge   cpu: 3%/70%   2     10    2     72m
19:26:19 HPA: cloudforge   Deployment/cloudforge   cpu: 3%/70%   2     10    2     72m
19:26:21 HPA: cloudforge   Deployment/cloudforge   cpu: 3%/70%   2     10    2     72m
19:26:23 HPA: cloudforge   Deployment/cloudforge   cpu: 4%/70%   2     10    2     72m
19:26:25 HPA: cloudforge   Deployment/cloudforge   cpu: 4%/70%   2     10    2     72m
19:26:27 HPA: cloudforge   Deployment/cloudforge   cpu: 4%/70%   2     10    2     72m
