18:14:15 PODS: cloudforge-646bd794b4-9ng4r/1/1 cloudforge-646bd794b4-m82dg/1/1 
18:14:17 PODS: cloudforge-646bd794b4-9ng4r/1/1 cloudforge-646bd794b4-m82dg/1/1 
18:14:20 PODS: cloudforge-646bd794b4-9ng4r/1/1 cloudforge-646bd794b4-m82dg/1/1 
18:14:22 PODS: cloudforge-646bd794b4-9ng4r/1/1 cloudforge-646bd794b4-m82dg/1/1 
18:14:25 PODS: cloudforge-646bd794b4-9ng4r/1/1 cloudforge-646bd794b4-m82dg/1/1 
18:14:27 PODS: cloudforge-646bd794b4-9ng4r/1/1 cloudforge-646bd794b4-m82dg/1/1 
18:14:29 PODS: cloudforge-646bd794b4-9ng4r/1/1 cloudforge-646bd794b4-m82dg/1/1 
18:14:31 PODS: cloudforge-646bd794b4-9ng4r/1/1 cloudforge-646bd794b4-m82dg/1/1 
18:14:33 PODS: cloudforge-646bd794b4-9ng4r/1/1 cloudforge-646bd794b4-m82dg/1/1 
18:14:36 PODS: cloudforge-646bd794b4-9ng4r/1/1 cloudforge-646bd794b4-m82dg/1/1 
18:14:38 PODS: cloudforge-646bd794b4-9ng4r/1/1 cloudforge-646bd794b4-m82dg/1/1 
18:14:40 PODS: cloudforge-646bd794b4-9ng4r/1/1 cloudforge-646bd794b4-m82dg/1/1 
18:14:42 PODS: cloudforge-646bd794b4-9ng4r/1/1 cloudforge-646bd794b4-m82dg/1/1 
18:14:45 PODS: cloudforge-646bd794b4-9ng4r/1/1 cloudforge-646bd794b4-m82dg/1/1 
18:14:47 PODS: cloudforge-646bd794b4-9ng4r/1/1 cloudforge-646bd794b4-m82dg/1/1 
18:14:49 PODS: cloudforge-646bd794b4-9ng4r/1/1 cloudforge-646bd794b4-m82dg/1/1 
18:14:51 PODS: cloudforge-646bd794b4-9ng4r/1/1 cloudforge-646bd794b4-m82dg/1/1 
18:14:53 PODS: cloudforge-646bd794b4-9ng4r/1/1 cloudforge-646bd794b4-m82dg/1/1 
18:14:56 PODS: cloudforge-646bd794b4-9ng4r/1/1 cloudforge-646bd794b4-m82dg/1/1 
18:14:58 PODS: cloudforge-646bd794b4-9ng4r/1/1 cloudforge-646bd794b4-m82dg/1/1 
18:15:00 PODS: cloudforge-646bd794b4-9ng4r/1/1 cloudforge-646bd794b4-m82dg/1/1 
18:15:02 PODS: cloudforge-646bd794b4-9ng4r/1/1 cloudforge-646bd794b4-m82dg/1/1 
18:15:05 PODS: cloudforge-646bd794b4-9ng4r/1/1 cloudforge-646bd794b4-m82dg/1/1 
18:15:07 PODS: cloudforge-646bd794b4-9ng4r/1/1 cloudforge-646bd794b4-bs958/0/1 cloudforge-646bd794b4-m82dg/1/1 
18:15:09 PODS: cloudforge-646bd794b4-9ng4r/1/1 cloudforge-646bd794b4-bs958/0/1 cloudforge-646bd794b4-m82dg/1/1 
18:15:12 PODS: cloudforge-646bd794b4-9ng4r/1/1 cloudforge-646bd794b4-bs958/0/1 cloudforge-646bd794b4-m82dg/1/1 
18:15:14 PODS: cloudforge-646bd794b4-9ng4r/1/1 cloudforge-646bd794b4-bs958/1/1 cloudforge-646bd794b4-m82dg/1/1 
18:15:16 PODS: cloudforge-646bd794b4-9ng4r/1/1 cloudforge-646bd794b4-bs958/1/1 cloudforge-646bd794b4-m82dg/1/1 
18:15:19 PODS: cloudforge-646bd794b4-9ng4r/1/1 cloudforge-646bd794b4-bs958/1/1 cloudforge-646bd794b4-m82dg/1/1 
18:15:21 PODS: cloudforge-646bd794b4-9ng4r/1/1 cloudforge-646bd794b4-bs958/1/1 cloudforge-646bd794b4-g6vbk/0/1 cloudforge-646bd794b4-jm7n2/0/1 cloudforge-646bd794b4-m82dg/1/1 
18:15:23 PODS: cloudforge-646bd794b4-9ng4r/1/1 cloudforge-646bd794b4-bs958/1/1 cloudforge-646bd794b4-g6vbk/0/1 cloudforge-646bd794b4-jm7n2/0/1 cloudforge-646bd794b4-m82dg/1/1 
18:15:25 PODS: cloudforge-646bd794b4-9ng4r/1/1 cloudforge-646bd794b4-bs958/1/1 cloudforge-646bd794b4-g6vbk/0/1 cloudforge-646bd794b4-jm7n2/0/1 cloudforge-646bd794b4-m82dg/1/1 
18:15:28 PODS: cloudforge-646bd794b4-9ng4r/1/1 cloudforge-646bd794b4-bs958/1/1 cloudforge-646bd794b4-g6vbk/1/1 cloudforge-646bd794b4-jm7n2/1/1 cloudforge-646bd794b4-m82dg/1/1 
18:15:30 PODS: cloudforge-646bd794b4-9ng4r/1/1 cloudforge-646bd794b4-bs958/1/1 cloudforge-646bd794b4-g6vbk/1/1 cloudforge-646bd794b4-jm7n2/1/1 cloudforge-646bd794b4-m82dg/1/1 
18:15:32 PODS: cloudforge-646bd794b4-9ng4r/1/1 cloudforge-646bd794b4-bs958/1/1 cloudforge-646bd794b4-g6vbk/1/1 cloudforge-646bd794b4-jm7n2/1/1 cloudforge-646bd794b4-m82dg/1/1 
18:15:34 PODS: cloudforge-646bd794b4-9ng4r/1/1 cloudforge-646bd794b4-bs958/1/1 cloudforge-646bd794b4-g6vbk/1/1 cloudforge-646bd794b4-jm7n2/1/1 cloudforge-646bd794b4-m82dg/1/1 
18:15:37 PODS: cloudforge-646bd794b4-9ng4r/1/1 cloudforge-646bd794b4-bs958/1/1 cloudforge-646bd794b4-g6vbk/1/1 cloudforge-646bd794b4-jm7n2/1/1 cloudforge-646bd794b4-m82dg/1/1 cloudforge-646bd794b4-sf5fb/0/1 
18:15:39 PODS: cloudforge-646bd794b4-9ng4r/1/1 cloudforge-646bd794b4-bs958/1/1 cloudforge-646bd794b4-g6vbk/1/1 cloudforge-646bd794b4-jm7n2/1/1 cloudforge-646bd794b4-m82dg/1/1 cloudforge-646bd794b4-sf5fb/0/1 
18:15:42 PODS: cloudforge-646bd794b4-9ng4r/1/1 cloudforge-646bd794b4-bs958/1/1 cloudforge-646bd794b4-g6vbk/1/1 cloudforge-646bd794b4-jm7n2/1/1 cloudforge-646bd794b4-m82dg/1/1 cloudforge-646bd794b4-sf5fb/0/1 
18:15:44 PODS: cloudforge-646bd794b4-9ng4r/1/1 cloudforge-646bd794b4-bs958/1/1 cloudforge-646bd794b4-g6vbk/1/1 cloudforge-646bd794b4-jm7n2/1/1 cloudforge-646bd794b4-m82dg/1/1 cloudforge-646bd794b4-sf5fb/1/1 
18:15:46 PODS: cloudforge-646bd794b4-9ng4r/1/1 cloudforge-646bd794b4-bs958/1/1 cloudforge-646bd794b4-g6vbk/1/1 cloudforge-646bd794b4-jm7n2/1/1 cloudforge-646bd794b4-m82dg/1/1 cloudforge-646bd794b4-sf5fb/1/1 
18:15:48 PODS: cloudforge-646bd794b4-9ng4r/1/1 cloudforge-646bd794b4-bs958/1/1 cloudforge-646bd794b4-g6vbk/1/1 cloudforge-646bd794b4-jm7n2/1/1 cloudforge-646bd794b4-m82dg/1/1 cloudforge-646bd794b4-sf5fb/1/1 
18:15:50 PODS: cloudforge-646bd794b4-9ng4r/1/1 cloudforge-646bd794b4-bs958/1/1 cloudforge-646bd794b4-g6vbk/1/1 cloudforge-646bd794b4-jm7n2/1/1 cloudforge-646bd794b4-m82dg/1/1 cloudforge-646bd794b4-sf5fb/1/1 
18:15:53 PODS: cloudforge-646bd794b4-9ng4r/1/1 cloudforge-646bd794b4-bs958/1/1 cloudforge-646bd794b4-g6vbk/1/1 cloudforge-646bd794b4-jm7n2/1/1 cloudforge-646bd794b4-m82dg/1/1 cloudforge-646bd794b4-sf5fb/1/1 
18:15:55 PODS: cloudforge-646bd794b4-9ng4r/1/1 cloudforge-646bd794b4-bs958/1/1 cloudforge-646bd794b4-g6vbk/1/1 cloudforge-646bd794b4-jm7n2/1/1 cloudforge-646bd794b4-m82dg/1/1 cloudforge-646bd794b4-sf5fb/1/1 
18:15:58 PODS: cloudforge-646bd794b4-9ng4r/1/1 cloudforge-646bd794b4-bs958/1/1 cloudforge-646bd794b4-g6vbk/1/1 cloudforge-646bd794b4-jm7n2/1/1 cloudforge-646bd794b4-m82dg/1/1 cloudforge-646bd794b4-sf5fb/1/1 
18:16:00 PODS: cloudforge-646bd794b4-9ng4r/1/1 cloudforge-646bd794b4-bs958/1/1 cloudforge-646bd794b4-g6vbk/1/1 cloudforge-646bd794b4-jm7n2/1/1 cloudforge-646bd794b4-m82dg/1/1 cloudforge-646bd794b4-sf5fb/1/1 
18:16:02 PODS: cloudforge-646bd794b4-9ng4r/1/1 cloudforge-646bd794b4-bs958/1/1 cloudforge-646bd794b4-g6vbk/1/1 cloudforge-646bd794b4-jm7n2/1/1 cloudforge-646bd794b4-m82dg/1/1 cloudforge-646bd794b4-sf5fb/1/1 
18:16:04 PODS: cloudforge-646bd794b4-9ng4r/1/1 cloudforge-646bd794b4-bs958/1/1 cloudforge-646bd794b4-g6vbk/1/1 cloudforge-646bd794b4-jm7n2/1/1 cloudforge-646bd794b4-m82dg/1/1 cloudforge-646bd794b4-sf5fb/1/1 
18:16:07 PODS: cloudforge-646bd794b4-9ng4r/1/1 cloudforge-646bd794b4-bs958/1/1 cloudforge-646bd794b4-g6vbk/1/1 cloudforge-646bd794b4-jm7n2/1/1 cloudforge-646bd794b4-m82dg/1/1 cloudforge-646bd794b4-sf5fb/1/1 
18:16:10 PODS: cloudforge-646bd794b4-9ng4r/1/1 cloudforge-646bd794b4-bs958/1/1 cloudforge-646bd794b4-g6vbk/1/1 cloudforge-646bd794b4-jm7n2/1/1 cloudforge-646bd794b4-m82dg/1/1 cloudforge-646bd794b4-sf5fb/1/1 
18:16:12 PODS: cloudforge-646bd794b4-9ng4r/1/1 cloudforge-646bd794b4-bs958/1/1 cloudforge-646bd794b4-g6vbk/1/1 cloudforge-646bd794b4-jm7n2/1/1 cloudforge-646bd794b4-m82dg/1/1 cloudforge-646bd794b4-sf5fb/1/1 
18:16:14 PODS: cloudforge-646bd794b4-9ng4r/1/1 cloudforge-646bd794b4-bs958/1/1 cloudforge-646bd794b4-g6vbk/1/1 cloudforge-646bd794b4-jm7n2/1/1 cloudforge-646bd794b4-m82dg/1/1 cloudforge-646bd794b4-sf5fb/1/1 
18:16:17 PODS: cloudforge-646bd794b4-9ng4r/1/1 cloudforge-646bd794b4-bs958/1/1 cloudforge-646bd794b4-g6vbk/1/1 cloudforge-646bd794b4-jm7n2/1/1 cloudforge-646bd794b4-m82dg/1/1 cloudforge-646bd794b4-sf5fb/1/1 
18:16:19 PODS: cloudforge-646bd794b4-9ng4r/1/1 cloudforge-646bd794b4-bs958/1/1 cloudforge-646bd794b4-g6vbk/1/1 cloudforge-646bd794b4-jm7n2/1/1 cloudforge-646bd794b4-m82dg/1/1 cloudforge-646bd794b4-sf5fb/1/1 
18:16:21 PODS: cloudforge-646bd794b4-9ng4r/1/1 cloudforge-646bd794b4-bs958/1/1 cloudforge-646bd794b4-g6vbk/1/1 cloudforge-646bd794b4-jm7n2/1/1 cloudforge-646bd794b4-m82dg/1/1 cloudforge-646bd794b4-sf5fb/1/1 
18:16:23 PODS: cloudforge-646bd794b4-9ng4r/1/1 cloudforge-646bd794b4-bs958/1/1 cloudforge-646bd794b4-g6vbk/1/1 cloudforge-646bd794b4-jm7n2/1/1 cloudforge-646bd794b4-m82dg/1/1 cloudforge-646bd794b4-sf5fb/1/1 
18:16:26 PODS: cloudforge-646bd794b4-9ng4r/1/1 cloudforge-646bd794b4-bs958/1/1 cloudforge-646bd794b4-g6vbk/1/1 cloudforge-646bd794b4-jm7n2/1/1 cloudforge-646bd794b4-m82dg/1/1 cloudforge-646bd794b4-sf5fb/1/1 
18:16:28 PODS: cloudforge-646bd794b4-9ng4r/1/1 cloudforge-646bd794b4-bs958/1/1 cloudforge-646bd794b4-g6vbk/1/1 cloudforge-646bd794b4-jm7n2/1/1 cloudforge-646bd794b4-m82dg/1/1 cloudforge-646bd794b4-sf5fb/1/1 
18:16:30 PODS: cloudforge-646bd794b4-9ng4r/1/1 cloudforge-646bd794b4-bs958/1/1 cloudforge-646bd794b4-g6vbk/1/1 cloudforge-646bd794b4-jm7n2/1/1 cloudforge-646bd794b4-m82dg/1/1 cloudforge-646bd794b4-sf5fb/1/1 
18:16:32 PODS: cloudforge-646bd794b4-9ng4r/1/1 cloudforge-646bd794b4-bs958/1/1 cloudforge-646bd794b4-g6vbk/1/1 cloudforge-646bd794b4-jm7n2/1/1 cloudforge-646bd794b4-m82dg/1/1 cloudforge-646bd794b4-sf5fb/1/1 
18:16:35 PODS: cloudforge-646bd794b4-9ng4r/1/1 cloudforge-646bd794b4-bs958/1/1 cloudforge-646bd794b4-g6vbk/1/1 cloudforge-646bd794b4-jm7n2/1/1 cloudforge-646bd794b4-m82dg/1/1 cloudforge-646bd794b4-sf5fb/1/1 
18:16:37 PODS: cloudforge-646bd794b4-9ng4r/1/1 cloudforge-646bd794b4-bs958/1/1 cloudforge-646bd794b4-g6vbk/1/1 cloudforge-646bd794b4-jm7n2/1/1 cloudforge-646bd794b4-m82dg/1/1 cloudforge-646bd794b4-sf5fb/1/1 
18:16:39 PODS: cloudforge-646bd794b4-9ng4r/1/1 cloudforge-646bd794b4-bs958/1/1 cloudforge-646bd794b4-g6vbk/1/1 cloudforge-646bd794b4-jm7n2/1/1 cloudforge-646bd794b4-m82dg/1/1 cloudforge-646bd794b4-sf5fb/1/1 
18:16:41 PODS: cloudforge-646bd794b4-9ng4r/1/1 cloudforge-646bd794b4-bs958/1/1 cloudforge-646bd794b4-g6vbk/1/1 cloudforge-646bd794b4-jm7n2/1/1 cloudforge-646bd794b4-m82dg/1/1 cloudforge-646bd794b4-sf5fb/1/1 
18:16:43 PODS: cloudforge-646bd794b4-9ng4r/1/1 cloudforge-646bd794b4-bs958/1/1 cloudforge-646bd794b4-g6vbk/1/1 cloudforge-646bd794b4-jm7n2/1/1 cloudforge-646bd794b4-m82dg/1/1 cloudforge-646bd794b4-sf5fb/1/1 
18:16:46 PODS: cloudforge-646bd794b4-9ng4r/1/1 cloudforge-646bd794b4-bs958/1/1 cloudforge-646bd794b4-g6vbk/1/1 cloudforge-646bd794b4-jm7n2/1/1 cloudforge-646bd794b4-m82dg/1/1 cloudforge-646bd794b4-sf5fb/1/1 
18:16:49 PODS: cloudforge-646bd794b4-9ng4r/1/1 cloudforge-646bd794b4-bs958/1/1 cloudforge-646bd794b4-g6vbk/1/1 cloudforge-646bd794b4-jm7n2/1/1 cloudforge-646bd794b4-m82dg/1/1 cloudforge-646bd794b4-sf5fb/1/1 
18:16:51 PODS: cloudforge-646bd794b4-9ng4r/1/1 cloudforge-646bd794b4-bs958/1/1 cloudforge-646bd794b4-g6vbk/1/1 cloudforge-646bd794b4-jm7n2/1/1 cloudforge-646bd794b4-m82dg/1/1 cloudforge-646bd794b4-sf5fb/1/1 
18:16:53 PODS: cloudforge-646bd794b4-9ng4r/1/1 cloudforge-646bd794b4-bs958/1/1 cloudforge-646bd794b4-g6vbk/1/1 cloudforge-646bd794b4-jm7n2/1/1 cloudforge-646bd794b4-m82dg/1/1 cloudforge-646bd794b4-sf5fb/1/1 
18:16:56 PODS: cloudforge-646bd794b4-9ng4r/1/1 cloudforge-646bd794b4-bs958/1/1 cloudforge-646bd794b4-g6vbk/1/1 cloudforge-646bd794b4-jm7n2/1/1 cloudforge-646bd794b4-m82dg/1/1 cloudforge-646bd794b4-sf5fb/1/1 
18:16:58 PODS: cloudforge-646bd794b4-9ng4r/1/1 cloudforge-646bd794b4-bs958/1/1 cloudforge-646bd794b4-g6vbk/1/1 cloudforge-646bd794b4-jm7n2/1/1 cloudforge-646bd794b4-m82dg/1/1 cloudforge-646bd794b4-sf5fb/1/1 
18:17:00 PODS: cloudforge-646bd794b4-9ng4r/1/1 cloudforge-646bd794b4-bs958/1/1 cloudforge-646bd794b4-g6vbk/1/1 cloudforge-646bd794b4-jm7n2/1/1 cloudforge-646bd794b4-m82dg/1/1 cloudforge-646bd794b4-sf5fb/1/1 
18:17:02 PODS: cloudforge-646bd794b4-9ng4r/1/1 cloudforge-646bd794b4-bs958/1/1 cloudforge-646bd794b4-g6vbk/1/1 cloudforge-646bd794b4-jm7n2/1/1 cloudforge-646bd794b4-m82dg/1/1 cloudforge-646bd794b4-sf5fb/1/1 
18:17:04 PODS: cloudforge-646bd794b4-9ng4r/1/1 cloudforge-646bd794b4-bs958/1/1 cloudforge-646bd794b4-g6vbk/1/1 cloudforge-646bd794b4-jm7n2/1/1 cloudforge-646bd794b4-m82dg/1/1 cloudforge-646bd794b4-sf5fb/1/1 
18:17:07 PODS: cloudforge-646bd794b4-9ng4r/1/1 cloudforge-646bd794b4-bs958/1/1 cloudforge-646bd794b4-g6vbk/1/1 cloudforge-646bd794b4-jm7n2/1/1 cloudforge-646bd794b4-m82dg/1/1 cloudforge-646bd794b4-sf5fb/1/1 
18:17:09 PODS: cloudforge-646bd794b4-9ng4r/1/1 cloudforge-646bd794b4-bs958/1/1 cloudforge-646bd794b4-g6vbk/1/1 cloudforge-646bd794b4-jm7n2/1/1 cloudforge-646bd794b4-m82dg/1/1 cloudforge-646bd794b4-sf5fb/1/1 
18:17:11 PODS: cloudforge-646bd794b4-9ng4r/1/1 cloudforge-646bd794b4-bs958/1/1 cloudforge-646bd794b4-g6vbk/1/1 cloudforge-646bd794b4-jm7n2/1/1 cloudforge-646bd794b4-m82dg/1/1 cloudforge-646bd794b4-sf5fb/1/1 
18:17:13 PODS: cloudforge-646bd794b4-9ng4r/1/1 cloudforge-646bd794b4-bs958/1/1 cloudforge-646bd794b4-g6vbk/1/1 cloudforge-646bd794b4-jm7n2/1/1 cloudforge-646bd794b4-m82dg/1/1 cloudforge-646bd794b4-sf5fb/1/1 
18:17:16 PODS: cloudforge-646bd794b4-9ng4r/1/1 cloudforge-646bd794b4-bs958/1/1 cloudforge-646bd794b4-g6vbk/1/1 cloudforge-646bd794b4-jm7n2/1/1 cloudforge-646bd794b4-m82dg/1/1 cloudforge-646bd794b4-sf5fb/1/1 
18:17:18 PODS: cloudforge-646bd794b4-9ng4r/1/1 cloudforge-646bd794b4-bs958/1/1 cloudforge-646bd794b4-g6vbk/1/1 cloudforge-646bd794b4-jm7n2/1/1 cloudforge-646bd794b4-m82dg/1/1 cloudforge-646bd794b4-sf5fb/1/1 
18:17:20 PODS: cloudforge-646bd794b4-9ng4r/1/1 cloudforge-646bd794b4-bs958/1/1 cloudforge-646bd794b4-g6vbk/1/1 cloudforge-646bd794b4-jm7n2/1/1 cloudforge-646bd794b4-m82dg/1/1 cloudforge-646bd794b4-sf5fb/1/1 
18:17:22 PODS: cloudforge-646bd794b4-9ng4r/1/1 cloudforge-646bd794b4-bs958/1/1 cloudforge-646bd794b4-g6vbk/1/1 cloudforge-646bd794b4-jm7n2/1/1 cloudforge-646bd794b4-m82dg/1/1 cloudforge-646bd794b4-sf5fb/1/1 
18:17:24 PODS: cloudforge-646bd794b4-9ng4r/1/1 cloudforge-646bd794b4-bs958/1/1 cloudforge-646bd794b4-g6vbk/1/1 cloudforge-646bd794b4-jm7n2/1/1 cloudforge-646bd794b4-m82dg/1/1 cloudforge-646bd794b4-sf5fb/1/1 
18:17:27 PODS: cloudforge-646bd794b4-9ng4r/1/1 cloudforge-646bd794b4-bs958/1/1 cloudforge-646bd794b4-g6vbk/1/1 cloudforge-646bd794b4-jm7n2/1/1 cloudforge-646bd794b4-m82dg/1/1 cloudforge-646bd794b4-sf5fb/1/1 
18:17:30 PODS: cloudforge-646bd794b4-9ng4r/1/1 cloudforge-646bd794b4-bs958/1/1 cloudforge-646bd794b4-g6vbk/1/1 cloudforge-646bd794b4-jm7n2/1/1 cloudforge-646bd794b4-m82dg/1/1 cloudforge-646bd794b4-sf5fb/1/1 
18:17:32 PODS: cloudforge-646bd794b4-9ng4r/1/1 cloudforge-646bd794b4-bs958/1/1 cloudforge-646bd794b4-g6vbk/1/1 cloudforge-646bd794b4-jm7n2/1/1 cloudforge-646bd794b4-m82dg/1/1 cloudforge-646bd794b4-sf5fb/1/1 
18:17:34 PODS: cloudforge-646bd794b4-9ng4r/1/1 cloudforge-646bd794b4-bs958/1/1 cloudforge-646bd794b4-g6vbk/1/1 cloudforge-646bd794b4-jm7n2/1/1 cloudforge-646bd794b4-m82dg/1/1 cloudforge-646bd794b4-sf5fb/1/1 
18:17:36 PODS: cloudforge-646bd794b4-9ng4r/1/1 cloudforge-646bd794b4-bs958/1/1 cloudforge-646bd794b4-g6vbk/1/1 cloudforge-646bd794b4-jm7n2/1/1 cloudforge-646bd794b4-m82dg/1/1 cloudforge-646bd794b4-sf5fb/1/1 
18:17:39 PODS: cloudforge-646bd794b4-9ng4r/1/1 cloudforge-646bd794b4-bs958/1/1 cloudforge-646bd794b4-g6vbk/1/1 cloudforge-646bd794b4-jm7n2/1/1 cloudforge-646bd794b4-m82dg/1/1 cloudforge-646bd794b4-sf5fb/1/1 
18:17:41 PODS: cloudforge-646bd794b4-9ng4r/1/1 cloudforge-646bd794b4-bs958/1/1 cloudforge-646bd794b4-g6vbk/1/1 cloudforge-646bd794b4-jm7n2/1/1 cloudforge-646bd794b4-m82dg/1/1 cloudforge-646bd794b4-sf5fb/1/1 
18:17:43 PODS: cloudforge-646bd794b4-9ng4r/1/1 cloudforge-646bd794b4-bs958/1/1 cloudforge-646bd794b4-g6vbk/1/1 cloudforge-646bd794b4-jm7n2/1/1 cloudforge-646bd794b4-m82dg/1/1 cloudforge-646bd794b4-sf5fb/1/1 
18:17:46 PODS: cloudforge-646bd794b4-9ng4r/1/1 cloudforge-646bd794b4-bs958/1/1 cloudforge-646bd794b4-g6vbk/1/1 cloudforge-646bd794b4-jm7n2/1/1 cloudforge-646bd794b4-m82dg/1/1 cloudforge-646bd794b4-sf5fb/1/1 
18:17:48 PODS: cloudforge-646bd794b4-9ng4r/1/1 cloudforge-646bd794b4-bs958/1/1 cloudforge-646bd794b4-g6vbk/1/1 cloudforge-646bd794b4-jm7n2/1/1 cloudforge-646bd794b4-m82dg/1/1 cloudforge-646bd794b4-sf5fb/1/1 
18:17:50 PODS: cloudforge-646bd794b4-9ng4r/1/1 cloudforge-646bd794b4-bs958/1/1 cloudforge-646bd794b4-g6vbk/1/1 cloudforge-646bd794b4-jm7n2/1/1 cloudforge-646bd794b4-m82dg/1/1 cloudforge-646bd794b4-sf5fb/1/1 
18:17:52 PODS: cloudforge-646bd794b4-9ng4r/1/1 cloudforge-646bd794b4-bs958/1/1 cloudforge-646bd794b4-g6vbk/1/1 cloudforge-646bd794b4-jm7n2/1/1 cloudforge-646bd794b4-m82dg/1/1 cloudforge-646bd794b4-sf5fb/1/1 
18:17:54 PODS: cloudforge-646bd794b4-9ng4r/1/1 cloudforge-646bd794b4-bs958/1/1 cloudforge-646bd794b4-g6vbk/1/1 cloudforge-646bd794b4-jm7n2/1/1 cloudforge-646bd794b4-m82dg/1/1 cloudforge-646bd794b4-sf5fb/1/1 
18:17:57 PODS: cloudforge-646bd794b4-9ng4r/1/1 cloudforge-646bd794b4-bs958/1/1 cloudforge-646bd794b4-g6vbk/1/1 cloudforge-646bd794b4-jm7n2/1/1 cloudforge-646bd794b4-m82dg/1/1 cloudforge-646bd794b4-sf5fb/1/1 
18:17:59 PODS: cloudforge-646bd794b4-9ng4r/1/1 cloudforge-646bd794b4-bs958/1/1 cloudforge-646bd794b4-g6vbk/1/1 cloudforge-646bd794b4-jm7n2/1/1 cloudforge-646bd794b4-m82dg/1/1 cloudforge-646bd794b4-sf5fb/1/1 
18:18:01 PODS: cloudforge-646bd794b4-9ng4r/1/1 cloudforge-646bd794b4-bs958/1/1 cloudforge-646bd794b4-g6vbk/1/1 cloudforge-646bd794b4-jm7n2/1/1 cloudforge-646bd794b4-m82dg/1/1 cloudforge-646bd794b4-sf5fb/1/1 
18:18:03 PODS: cloudforge-646bd794b4-9ng4r/1/1 cloudforge-646bd794b4-bs958/1/1 cloudforge-646bd794b4-g6vbk/1/1 cloudforge-646bd794b4-jm7n2/1/1 cloudforge-646bd794b4-m82dg/1/1 cloudforge-646bd794b4-sf5fb/1/1 
18:18:06 PODS: cloudforge-646bd794b4-9ng4r/1/1 cloudforge-646bd794b4-bs958/1/1 cloudforge-646bd794b4-g6vbk/1/1 cloudforge-646bd794b4-jm7n2/1/1 cloudforge-646bd794b4-m82dg/1/1 cloudforge-646bd794b4-sf5fb/1/1 
18:18:08 PODS: cloudforge-646bd794b4-9ng4r/1/1 cloudforge-646bd794b4-bs958/1/1 cloudforge-646bd794b4-g6vbk/1/1 cloudforge-646bd794b4-jm7n2/1/1 cloudforge-646bd794b4-m82dg/1/1 cloudforge-646bd794b4-sf5fb/1/1 
18:18:11 PODS: cloudforge-646bd794b4-9ng4r/1/1 cloudforge-646bd794b4-bs958/1/1 cloudforge-646bd794b4-g6vbk/1/1 cloudforge-646bd794b4-jm7n2/1/1 cloudforge-646bd794b4-m82dg/1/1 cloudforge-646bd794b4-sf5fb/1/1 
18:18:13 PODS: cloudforge-646bd794b4-9ng4r/1/1 cloudforge-646bd794b4-bs958/1/1 cloudforge-646bd794b4-g6vbk/1/1 cloudforge-646bd794b4-jm7n2/1/1 cloudforge-646bd794b4-m82dg/1/1 cloudforge-646bd794b4-sf5fb/1/1 
18:18:15 PODS: cloudforge-646bd794b4-9ng4r/1/1 cloudforge-646bd794b4-bs958/1/1 cloudforge-646bd794b4-g6vbk/1/1 cloudforge-646bd794b4-jm7n2/1/1 cloudforge-646bd794b4-m82dg/1/1 cloudforge-646bd794b4-sf5fb/1/1 
18:18:17 PODS: cloudforge-646bd794b4-9ng4r/1/1 cloudforge-646bd794b4-bs958/1/1 cloudforge-646bd794b4-g6vbk/1/1 cloudforge-646bd794b4-jm7n2/1/1 cloudforge-646bd794b4-m82dg/1/1 cloudforge-646bd794b4-sf5fb/1/1 
18:18:20 PODS: cloudforge-646bd794b4-9ng4r/1/1 cloudforge-646bd794b4-bs958/1/1 cloudforge-646bd794b4-g6vbk/1/1 cloudforge-646bd794b4-jm7n2/1/1 cloudforge-646bd794b4-m82dg/1/1 cloudforge-646bd794b4-sf5fb/1/1 
18:18:22 PODS: cloudforge-646bd794b4-9ng4r/1/1 cloudforge-646bd794b4-bs958/1/1 cloudforge-646bd794b4-g6vbk/1/1 cloudforge-646bd794b4-jm7n2/1/1 cloudforge-646bd794b4-m82dg/1/1 cloudforge-646bd794b4-sf5fb/1/1 
18:18:24 PODS: cloudforge-646bd794b4-9ng4r/1/1 cloudforge-646bd794b4-bs958/1/1 cloudforge-646bd794b4-g6vbk/1/1 cloudforge-646bd794b4-jm7n2/1/1 cloudforge-646bd794b4-m82dg/1/1 cloudforge-646bd794b4-sf5fb/1/1 
18:18:27 PODS: cloudforge-646bd794b4-9ng4r/1/1 cloudforge-646bd794b4-bs958/1/1 cloudforge-646bd794b4-g6vbk/1/1 cloudforge-646bd794b4-jm7n2/1/1 cloudforge-646bd794b4-m82dg/1/1 cloudforge-646bd794b4-sf5fb/1/1 
18:18:29 PODS: cloudforge-646bd794b4-9ng4r/1/1 cloudforge-646bd794b4-bs958/1/1 cloudforge-646bd794b4-g6vbk/1/1 cloudforge-646bd794b4-jm7n2/1/1 cloudforge-646bd794b4-m82dg/1/1 cloudforge-646bd794b4-sf5fb/1/1 
18:18:32 PODS: cloudforge-646bd794b4-9ng4r/1/1 cloudforge-646bd794b4-bs958/1/1 cloudforge-646bd794b4-g6vbk/1/1 cloudforge-646bd794b4-jm7n2/1/1 cloudforge-646bd794b4-m82dg/1/1 cloudforge-646bd794b4-sf5fb/1/1 
18:18:34 PODS: cloudforge-646bd794b4-9ng4r/1/1 cloudforge-646bd794b4-bs958/1/1 cloudforge-646bd794b4-g6vbk/1/1 cloudforge-646bd794b4-jm7n2/1/1 cloudforge-646bd794b4-m82dg/1/1 cloudforge-646bd794b4-sf5fb/1/1 
18:18:36 PODS: cloudforge-646bd794b4-9ng4r/1/1 cloudforge-646bd794b4-bs958/1/1 cloudforge-646bd794b4-g6vbk/1/1 cloudforge-646bd794b4-jm7n2/1/1 cloudforge-646bd794b4-m82dg/1/1 cloudforge-646bd794b4-sf5fb/1/1 
18:18:38 PODS: cloudforge-646bd794b4-9ng4r/1/1 cloudforge-646bd794b4-bs958/1/1 cloudforge-646bd794b4-g6vbk/1/1 cloudforge-646bd794b4-jm7n2/1/1 cloudforge-646bd794b4-m82dg/1/1 cloudforge-646bd794b4-sf5fb/1/1 
18:18:41 PODS: cloudforge-646bd794b4-9ng4r/1/1 cloudforge-646bd794b4-bs958/1/1 cloudforge-646bd794b4-g6vbk/1/1 cloudforge-646bd794b4-jm7n2/1/1 cloudforge-646bd794b4-m82dg/1/1 cloudforge-646bd794b4-sf5fb/1/1 
18:18:43 PODS: cloudforge-646bd794b4-9ng4r/1/1 cloudforge-646bd794b4-bs958/1/1 cloudforge-646bd794b4-g6vbk/1/1 cloudforge-646bd794b4-jm7n2/1/1 cloudforge-646bd794b4-m82dg/1/1 cloudforge-646bd794b4-sf5fb/1/1 
18:18:45 PODS: cloudforge-646bd794b4-9ng4r/1/1 cloudforge-646bd794b4-bs958/1/1 cloudforge-646bd794b4-g6vbk/1/1 cloudforge-646bd794b4-jm7n2/1/1 cloudforge-646bd794b4-m82dg/1/1 cloudforge-646bd794b4-sf5fb/1/1 
18:18:47 PODS: cloudforge-646bd794b4-9ng4r/1/1 cloudforge-646bd794b4-bs958/1/1 cloudforge-646bd794b4-g6vbk/1/1 cloudforge-646bd794b4-jm7n2/1/1 cloudforge-646bd794b4-m82dg/1/1 cloudforge-646bd794b4-sf5fb/1/1 
18:18:50 PODS: cloudforge-646bd794b4-9ng4r/1/1 cloudforge-646bd794b4-bs958/1/1 cloudforge-646bd794b4-g6vbk/1/1 cloudforge-646bd794b4-jm7n2/1/1 cloudforge-646bd794b4-m82dg/1/1 cloudforge-646bd794b4-sf5fb/1/1 
18:18:52 PODS: cloudforge-646bd794b4-9ng4r/1/1 cloudforge-646bd794b4-bs958/1/1 cloudforge-646bd794b4-g6vbk/1/1 cloudforge-646bd794b4-jm7n2/1/1 cloudforge-646bd794b4-m82dg/1/1 cloudforge-646bd794b4-sf5fb/1/1 
18:18:54 PODS: cloudforge-646bd794b4-9ng4r/1/1 cloudforge-646bd794b4-bs958/1/1 cloudforge-646bd794b4-g6vbk/1/1 cloudforge-646bd794b4-jm7n2/1/1 cloudforge-646bd794b4-m82dg/1/1 cloudforge-646bd794b4-sf5fb/1/1 
18:18:56 PODS: cloudforge-646bd794b4-9ng4r/1/1 cloudforge-646bd794b4-bs958/1/1 cloudforge-646bd794b4-g6vbk/1/1 cloudforge-646bd794b4-jm7n2/1/1 cloudforge-646bd794b4-m82dg/1/1 cloudforge-646bd794b4-sf5fb/1/1 
18:18:58 PODS: cloudforge-646bd794b4-9ng4r/1/1 cloudforge-646bd794b4-bs958/1/1 cloudforge-646bd794b4-g6vbk/1/1 cloudforge-646bd794b4-jm7n2/1/1 cloudforge-646bd794b4-m82dg/1/1 cloudforge-646bd794b4-sf5fb/1/1 
18:19:01 PODS: cloudforge-646bd794b4-9ng4r/1/1 cloudforge-646bd794b4-bs958/1/1 cloudforge-646bd794b4-g6vbk/1/1 cloudforge-646bd794b4-jm7n2/1/1 cloudforge-646bd794b4-m82dg/1/1 cloudforge-646bd794b4-sf5fb/1/1 
18:19:03 PODS: cloudforge-646bd794b4-9ng4r/1/1 cloudforge-646bd794b4-bs958/1/1 cloudforge-646bd794b4-g6vbk/1/1 cloudforge-646bd794b4-jm7n2/1/1 cloudforge-646bd794b4-m82dg/1/1 cloudforge-646bd794b4-sf5fb/1/1 
18:19:05 PODS: cloudforge-646bd794b4-9ng4r/1/1 cloudforge-646bd794b4-bs958/1/1 cloudforge-646bd794b4-g6vbk/1/1 cloudforge-646bd794b4-jm7n2/1/1 cloudforge-646bd794b4-m82dg/1/1 cloudforge-646bd794b4-sf5fb/1/1 
18:19:07 PODS: cloudforge-646bd794b4-9ng4r/1/1 cloudforge-646bd794b4-bs958/1/1 cloudforge-646bd794b4-g6vbk/1/1 cloudforge-646bd794b4-jm7n2/1/1 cloudforge-646bd794b4-m82dg/1/1 cloudforge-646bd794b4-sf5fb/1/1 
18:19:10 PODS: cloudforge-646bd794b4-9ng4r/1/1 cloudforge-646bd794b4-bs958/1/1 cloudforge-646bd794b4-g6vbk/1/1 cloudforge-646bd794b4-jm7n2/1/1 cloudforge-646bd794b4-m82dg/1/1 cloudforge-646bd794b4-sf5fb/1/1 
18:19:12 PODS: cloudforge-646bd794b4-9ng4r/1/1 cloudforge-646bd794b4-bs958/1/1 cloudforge-646bd794b4-g6vbk/1/1 cloudforge-646bd794b4-jm7n2/1/1 cloudforge-646bd794b4-m82dg/1/1 cloudforge-646bd794b4-sf5fb/1/1 
18:19:14 PODS: cloudforge-646bd794b4-9ng4r/1/1 cloudforge-646bd794b4-bs958/1/1 cloudforge-646bd794b4-g6vbk/1/1 cloudforge-646bd794b4-jm7n2/1/1 cloudforge-646bd794b4-m82dg/1/1 cloudforge-646bd794b4-sf5fb/1/1 
18:19:16 PODS: cloudforge-646bd794b4-9ng4r/1/1 cloudforge-646bd794b4-bs958/1/1 cloudforge-646bd794b4-g6vbk/1/1 cloudforge-646bd794b4-jm7n2/1/1 cloudforge-646bd794b4-m82dg/1/1 cloudforge-646bd794b4-sf5fb/1/1 
18:19:18 PODS: cloudforge-646bd794b4-9ng4r/1/1 cloudforge-646bd794b4-bs958/1/1 cloudforge-646bd794b4-g6vbk/1/1 cloudforge-646bd794b4-jm7n2/1/1 cloudforge-646bd794b4-m82dg/1/1 cloudforge-646bd794b4-sf5fb/1/1 
18:19:21 PODS: cloudforge-646bd794b4-9ng4r/1/1 cloudforge-646bd794b4-bs958/1/1 cloudforge-646bd794b4-g6vbk/1/1 cloudforge-646bd794b4-jm7n2/1/1 cloudforge-646bd794b4-m82dg/1/1 cloudforge-646bd794b4-sf5fb/1/1 
18:19:23 PODS: cloudforge-646bd794b4-9ng4r/1/1 cloudforge-646bd794b4-bs958/1/1 cloudforge-646bd794b4-g6vbk/1/1 cloudforge-646bd794b4-jm7n2/1/1 cloudforge-646bd794b4-m82dg/1/1 cloudforge-646bd794b4-sf5fb/1/1 
18:19:26 PODS: cloudforge-646bd794b4-9ng4r/1/1 cloudforge-646bd794b4-bs958/1/1 cloudforge-646bd794b4-g6vbk/1/1 cloudforge-646bd794b4-jm7n2/1/1 cloudforge-646bd794b4-m82dg/1/1 cloudforge-646bd794b4-sf5fb/1/1 
18:19:28 PODS: cloudforge-646bd794b4-9ng4r/1/1 cloudforge-646bd794b4-bs958/1/1 cloudforge-646bd794b4-g6vbk/1/1 cloudforge-646bd794b4-jm7n2/1/1 cloudforge-646bd794b4-m82dg/1/1 cloudforge-646bd794b4-sf5fb/1/1 
18:19:30 PODS: cloudforge-646bd794b4-9ng4r/1/1 cloudforge-646bd794b4-bs958/1/1 cloudforge-646bd794b4-g6vbk/1/1 cloudforge-646bd794b4-jm7n2/1/1 cloudforge-646bd794b4-m82dg/1/1 cloudforge-646bd794b4-sf5fb/1/1 
18:19:32 PODS: cloudforge-646bd794b4-9ng4r/1/1 cloudforge-646bd794b4-bs958/1/1 cloudforge-646bd794b4-g6vbk/1/1 cloudforge-646bd794b4-jm7n2/1/1 cloudforge-646bd794b4-m82dg/1/1 cloudforge-646bd794b4-sf5fb/1/1 
18:19:34 PODS: cloudforge-646bd794b4-9ng4r/1/1 cloudforge-646bd794b4-bs958/1/1 cloudforge-646bd794b4-g6vbk/1/1 cloudforge-646bd794b4-jm7n2/1/1 cloudforge-646bd794b4-m82dg/1/1 cloudforge-646bd794b4-sf5fb/1/1 
18:19:37 PODS: cloudforge-646bd794b4-9ng4r/1/1 cloudforge-646bd794b4-bs958/1/1 cloudforge-646bd794b4-g6vbk/1/1 cloudforge-646bd794b4-jm7n2/1/1 cloudforge-646bd794b4-m82dg/1/1 cloudforge-646bd794b4-sf5fb/1/1 
18:19:39 PODS: cloudforge-646bd794b4-9ng4r/1/1 cloudforge-646bd794b4-bs958/1/1 cloudforge-646bd794b4-g6vbk/1/1 cloudforge-646bd794b4-jm7n2/1/1 cloudforge-646bd794b4-m82dg/1/1 cloudforge-646bd794b4-sf5fb/1/1 
18:19:41 PODS: cloudforge-646bd794b4-9ng4r/1/1 cloudforge-646bd794b4-bs958/1/1 cloudforge-646bd794b4-g6vbk/1/1 cloudforge-646bd794b4-jm7n2/1/1 cloudforge-646bd794b4-m82dg/1/1 cloudforge-646bd794b4-sf5fb/1/1 
18:19:43 PODS: cloudforge-646bd794b4-9ng4r/1/1 cloudforge-646bd794b4-bs958/1/1 cloudforge-646bd794b4-g6vbk/1/1 cloudforge-646bd794b4-jm7n2/1/1 cloudforge-646bd794b4-m82dg/1/1 cloudforge-646bd794b4-sf5fb/1/1 
18:19:46 PODS: cloudforge-646bd794b4-9ng4r/1/1 cloudforge-646bd794b4-bs958/1/1 cloudforge-646bd794b4-g6vbk/1/1 cloudforge-646bd794b4-jm7n2/1/1 cloudforge-646bd794b4-m82dg/1/1 cloudforge-646bd794b4-sf5fb/1/1 
18:19:48 PODS: cloudforge-646bd794b4-9ng4r/1/1 cloudforge-646bd794b4-bs958/1/1 cloudforge-646bd794b4-g6vbk/1/1 cloudforge-646bd794b4-jm7n2/1/1 cloudforge-646bd794b4-m82dg/1/1 cloudforge-646bd794b4-sf5fb/1/1 
18:19:51 PODS: cloudforge-646bd794b4-9ng4r/1/1 cloudforge-646bd794b4-bs958/1/1 cloudforge-646bd794b4-g6vbk/1/1 cloudforge-646bd794b4-jm7n2/1/1 cloudforge-646bd794b4-m82dg/1/1 cloudforge-646bd794b4-sf5fb/1/1 
18:19:53 PODS: cloudforge-646bd794b4-9ng4r/1/1 cloudforge-646bd794b4-bs958/1/1 cloudforge-646bd794b4-g6vbk/1/1 cloudforge-646bd794b4-jm7n2/1/1 cloudforge-646bd794b4-m82dg/1/1 cloudforge-646bd794b4-sf5fb/1/1 
18:19:55 PODS: cloudforge-646bd794b4-9ng4r/1/1 cloudforge-646bd794b4-bs958/1/1 cloudforge-646bd794b4-g6vbk/1/1 cloudforge-646bd794b4-jm7n2/1/1 cloudforge-646bd794b4-m82dg/1/1 cloudforge-646bd794b4-sf5fb/1/1 
18:19:57 PODS: cloudforge-646bd794b4-9ng4r/1/1 cloudforge-646bd794b4-bs958/1/1 cloudforge-646bd794b4-g6vbk/1/1 cloudforge-646bd794b4-jm7n2/1/1 cloudforge-646bd794b4-m82dg/1/1 cloudforge-646bd794b4-sf5fb/1/1 
18:19:59 PODS: cloudforge-646bd794b4-9ng4r/1/1 cloudforge-646bd794b4-bs958/1/1 cloudforge-646bd794b4-g6vbk/1/1 cloudforge-646bd794b4-jm7n2/1/1 cloudforge-646bd794b4-m82dg/1/1 cloudforge-646bd794b4-sf5fb/1/1 
18:20:02 PODS: cloudforge-646bd794b4-9ng4r/1/1 cloudforge-646bd794b4-bs958/1/1 cloudforge-646bd794b4-g6vbk/1/1 cloudforge-646bd794b4-jm7n2/1/1 cloudforge-646bd794b4-m82dg/1/1 cloudforge-646bd794b4-sf5fb/1/1 
18:20:04 PODS: cloudforge-646bd794b4-9ng4r/1/1 cloudforge-646bd794b4-bs958/1/1 cloudforge-646bd794b4-g6vbk/1/1 cloudforge-646bd794b4-jm7n2/1/1 cloudforge-646bd794b4-m82dg/1/1 cloudforge-646bd794b4-sf5fb/0/1 cloudforge-b6697494-9thcp/0/1 cloudforge-b6697494-jmj49/0/1 cloudforge-b6697494-qr7t6/0/1 
18:20:06 PODS: cloudforge-646bd794b4-9ng4r/1/1 cloudforge-646bd794b4-bs958/1/1 cloudforge-646bd794b4-g6vbk/1/1 cloudforge-646bd794b4-jm7n2/1/1 cloudforge-646bd794b4-m82dg/1/1 cloudforge-b6697494-9thcp/0/1 cloudforge-b6697494-jmj49/0/1 cloudforge-b6697494-qr7t6/0/1 
18:20:09 PODS: cloudforge-646bd794b4-9ng4r/1/1 cloudforge-646bd794b4-bs958/1/1 cloudforge-646bd794b4-g6vbk/1/1 cloudforge-646bd794b4-jm7n2/1/1 cloudforge-646bd794b4-m82dg/1/1 cloudforge-b6697494-9thcp/0/1 cloudforge-b6697494-jmj49/0/1 cloudforge-b6697494-qr7t6/0/1 
18:20:11 PODS: cloudforge-646bd794b4-9ng4r/1/1 cloudforge-646bd794b4-bs958/1/1 cloudforge-646bd794b4-g6vbk/1/1 cloudforge-646bd794b4-jm7n2/1/1 cloudforge-646bd794b4-m82dg/1/1 cloudforge-b6697494-9thcp/1/1 cloudforge-b6697494-cft2r/0/1 cloudforge-b6697494-jmj49/1/1 cloudforge-b6697494-q6h6t/0/1 cloudforge-b6697494-qr7t6/1/1 cloudforge-b6697494-rf29b/0/1 
18:20:13 PODS: cloudforge-646bd794b4-bs958/1/1 cloudforge-646bd794b4-g6vbk/1/1 cloudforge-646bd794b4-jm7n2/0/1 cloudforge-b6697494-9thcp/1/1 cloudforge-b6697494-cft2r/0/1 cloudforge-b6697494-jmj49/1/1 cloudforge-b6697494-q6h6t/0/1 cloudforge-b6697494-qr7t6/1/1 cloudforge-b6697494-rf29b/0/1 
18:20:16 PODS: cloudforge-646bd794b4-bs958/1/1 cloudforge-646bd794b4-g6vbk/1/1 cloudforge-b6697494-9thcp/1/1 cloudforge-b6697494-cft2r/0/1 cloudforge-b6697494-jmj49/1/1 cloudforge-b6697494-q6h6t/0/1 cloudforge-b6697494-qr7t6/1/1 cloudforge-b6697494-rf29b/0/1 
18:20:18 PODS: cloudforge-646bd794b4-bs958/0/1 cloudforge-646bd794b4-g6vbk/0/1 cloudforge-b6697494-9thcp/1/1 cloudforge-b6697494-cft2r/1/1 cloudforge-b6697494-jmj49/1/1 cloudforge-b6697494-q6h6t/1/1 cloudforge-b6697494-qr7t6/1/1 cloudforge-b6697494-rf29b/1/1 
18:20:21 PODS: cloudforge-b6697494-9thcp/1/1 cloudforge-b6697494-cft2r/1/1 cloudforge-b6697494-jmj49/1/1 cloudforge-b6697494-q6h6t/1/1 cloudforge-b6697494-qr7t6/1/1 cloudforge-b6697494-rf29b/1/1 
18:20:23 PODS: cloudforge-b6697494-9thcp/1/1 cloudforge-b6697494-cft2r/1/1 cloudforge-b6697494-jmj49/1/1 cloudforge-b6697494-q6h6t/1/1 cloudforge-b6697494-qr7t6/1/1 cloudforge-b6697494-rf29b/1/1 
18:20:26 PODS: cloudforge-b6697494-9thcp/1/1 cloudforge-b6697494-cft2r/1/1 cloudforge-b6697494-jmj49/1/1 cloudforge-b6697494-q6h6t/1/1 cloudforge-b6697494-qr7t6/1/1 cloudforge-b6697494-rf29b/1/1 
18:20:28 PODS: cloudforge-b6697494-9thcp/1/1 cloudforge-b6697494-cft2r/1/1 cloudforge-b6697494-jmj49/1/1 cloudforge-b6697494-q6h6t/1/1 cloudforge-b6697494-qr7t6/1/1 cloudforge-b6697494-rf29b/1/1 
18:20:30 PODS: cloudforge-b6697494-9thcp/1/1 cloudforge-b6697494-cft2r/1/1 cloudforge-b6697494-jmj49/1/1 cloudforge-b6697494-q6h6t/1/1 cloudforge-b6697494-qr7t6/1/1 cloudforge-b6697494-rf29b/1/1 
18:20:32 PODS: cloudforge-b6697494-9thcp/1/1 cloudforge-b6697494-cft2r/1/1 cloudforge-b6697494-jmj49/1/1 cloudforge-b6697494-q6h6t/1/1 cloudforge-b6697494-qr7t6/1/1 cloudforge-b6697494-rf29b/1/1 
18:20:35 PODS: cloudforge-b6697494-9thcp/1/1 cloudforge-b6697494-cft2r/1/1 cloudforge-b6697494-jmj49/1/1 cloudforge-b6697494-q6h6t/1/1 cloudforge-b6697494-qr7t6/1/1 cloudforge-b6697494-rf29b/1/1 
18:20:37 PODS: cloudforge-b6697494-9thcp/1/1 cloudforge-b6697494-cft2r/1/1 cloudforge-b6697494-jmj49/1/1 cloudforge-b6697494-q6h6t/1/1 cloudforge-b6697494-qr7t6/1/1 cloudforge-b6697494-rf29b/1/1 
18:20:39 PODS: cloudforge-b6697494-9thcp/1/1 cloudforge-b6697494-cft2r/1/1 cloudforge-b6697494-jmj49/1/1 cloudforge-b6697494-q6h6t/1/1 cloudforge-b6697494-qr7t6/1/1 cloudforge-b6697494-rf29b/1/1 
18:20:41 PODS: cloudforge-b6697494-9thcp/1/1 cloudforge-b6697494-cft2r/1/1 cloudforge-b6697494-jmj49/1/1 cloudforge-b6697494-q6h6t/1/1 cloudforge-b6697494-qr7t6/1/1 cloudforge-b6697494-rf29b/1/1 
18:20:44 PODS: cloudforge-b6697494-9thcp/1/1 cloudforge-b6697494-cft2r/1/1 cloudforge-b6697494-jmj49/1/1 cloudforge-b6697494-q6h6t/1/1 cloudforge-b6697494-qr7t6/1/1 cloudforge-b6697494-rf29b/1/1 
18:20:46 PODS: cloudforge-b6697494-9thcp/1/1 cloudforge-b6697494-cft2r/1/1 cloudforge-b6697494-jmj49/1/1 cloudforge-b6697494-q6h6t/1/1 cloudforge-b6697494-qr7t6/1/1 cloudforge-b6697494-rf29b/1/1 
18:20:48 PODS: cloudforge-b6697494-9thcp/1/1 cloudforge-b6697494-cft2r/1/1 cloudforge-b6697494-jmj49/1/1 cloudforge-b6697494-q6h6t/1/1 cloudforge-b6697494-qr7t6/1/1 cloudforge-b6697494-rf29b/1/1 
18:20:50 PODS: cloudforge-b6697494-9thcp/1/1 cloudforge-b6697494-cft2r/1/1 cloudforge-b6697494-jmj49/1/1 cloudforge-b6697494-q6h6t/1/1 cloudforge-b6697494-qr7t6/1/1 cloudforge-b6697494-rf29b/1/1 
18:20:53 PODS: cloudforge-b6697494-9thcp/1/1 cloudforge-b6697494-cft2r/1/1 cloudforge-b6697494-jmj49/1/1 cloudforge-b6697494-qr7t6/1/1 cloudforge-b6697494-rf29b/1/1 
18:20:55 PODS: cloudforge-b6697494-9thcp/1/1 cloudforge-b6697494-cft2r/1/1 cloudforge-b6697494-jmj49/1/1 cloudforge-b6697494-qr7t6/1/1 cloudforge-b6697494-rf29b/1/1 
18:20:57 PODS: cloudforge-b6697494-9thcp/1/1 cloudforge-b6697494-cft2r/1/1 cloudforge-b6697494-jmj49/1/1 cloudforge-b6697494-qr7t6/1/1 cloudforge-b6697494-rf29b/1/1 
18:20:59 PODS: cloudforge-b6697494-9thcp/1/1 cloudforge-b6697494-cft2r/1/1 cloudforge-b6697494-jmj49/1/1 cloudforge-b6697494-qr7t6/1/1 cloudforge-b6697494-rf29b/1/1 
18:21:02 PODS: cloudforge-b6697494-9thcp/1/1 cloudforge-b6697494-cft2r/1/1 cloudforge-b6697494-jmj49/1/1 cloudforge-b6697494-qr7t6/1/1 cloudforge-b6697494-rf29b/1/1 
18:21:04 PODS: cloudforge-b6697494-9thcp/1/1 cloudforge-b6697494-cft2r/1/1 cloudforge-b6697494-jmj49/1/1 cloudforge-b6697494-qr7t6/1/1 cloudforge-b6697494-rf29b/1/1 
18:21:06 PODS: cloudforge-b6697494-9thcp/1/1 cloudforge-b6697494-cft2r/1/1 cloudforge-b6697494-jmj49/1/1 cloudforge-b6697494-qr7t6/1/1 cloudforge-b6697494-rf29b/1/1 
18:21:08 PODS: cloudforge-b6697494-9thcp/1/1 cloudforge-b6697494-cft2r/1/1 cloudforge-b6697494-jmj49/1/1 cloudforge-b6697494-qr7t6/1/1 cloudforge-b6697494-rf29b/1/1 
18:21:11 PODS: cloudforge-b6697494-9thcp/1/1 cloudforge-b6697494-cft2r/1/1 cloudforge-b6697494-jmj49/1/1 cloudforge-b6697494-qr7t6/1/1 cloudforge-b6697494-rf29b/1/1 
18:21:13 PODS: cloudforge-b6697494-9thcp/1/1 cloudforge-b6697494-cft2r/1/1 cloudforge-b6697494-jmj49/1/1 cloudforge-b6697494-qr7t6/1/1 cloudforge-b6697494-rf29b/1/1 
18:21:15 PODS: cloudforge-b6697494-9thcp/1/1 cloudforge-b6697494-cft2r/1/1 cloudforge-b6697494-jmj49/1/1 cloudforge-b6697494-qr7t6/1/1 cloudforge-b6697494-rf29b/1/1 
18:21:17 PODS: cloudforge-b6697494-9thcp/1/1 cloudforge-b6697494-cft2r/1/1 cloudforge-b6697494-jmj49/1/1 cloudforge-b6697494-qr7t6/1/1 cloudforge-b6697494-rf29b/1/1 
18:21:19 PODS: cloudforge-b6697494-9thcp/1/1 cloudforge-b6697494-cft2r/1/1 cloudforge-b6697494-jmj49/1/1 cloudforge-b6697494-qr7t6/1/1 cloudforge-b6697494-rf29b/1/1 
18:21:22 PODS: cloudforge-b6697494-9thcp/1/1 cloudforge-b6697494-cft2r/1/1 cloudforge-b6697494-jmj49/1/1 cloudforge-b6697494-qr7t6/1/1 cloudforge-b6697494-rf29b/1/1 
18:21:24 PODS: cloudforge-b6697494-9thcp/1/1 cloudforge-b6697494-cft2r/1/1 cloudforge-b6697494-jmj49/1/1 cloudforge-b6697494-qr7t6/1/1 cloudforge-b6697494-rf29b/1/1 
18:21:26 PODS: cloudforge-b6697494-9thcp/1/1 cloudforge-b6697494-cft2r/1/1 cloudforge-b6697494-jmj49/1/1 cloudforge-b6697494-qr7t6/1/1 cloudforge-b6697494-rf29b/1/1 
18:21:28 PODS: cloudforge-b6697494-9thcp/1/1 cloudforge-b6697494-cft2r/1/1 cloudforge-b6697494-jmj49/1/1 cloudforge-b6697494-qr7t6/1/1 cloudforge-b6697494-rf29b/1/1 
18:21:30 PODS: cloudforge-b6697494-9thcp/1/1 cloudforge-b6697494-cft2r/1/1 cloudforge-b6697494-jmj49/1/1 cloudforge-b6697494-qr7t6/1/1 cloudforge-b6697494-rf29b/1/1 
18:21:33 PODS: cloudforge-b6697494-9thcp/1/1 cloudforge-b6697494-cft2r/1/1 cloudforge-b6697494-jmj49/1/1 cloudforge-b6697494-qr7t6/1/1 cloudforge-b6697494-rf29b/1/1 
18:21:35 PODS: cloudforge-b6697494-9thcp/1/1 cloudforge-b6697494-cft2r/1/1 cloudforge-b6697494-jmj49/1/1 cloudforge-b6697494-qr7t6/1/1 cloudforge-b6697494-rf29b/1/1 
18:21:37 PODS: cloudforge-b6697494-9thcp/1/1 cloudforge-b6697494-cft2r/1/1 cloudforge-b6697494-jmj49/1/1 cloudforge-b6697494-qr7t6/1/1 cloudforge-b6697494-rf29b/1/1 
18:21:39 PODS: cloudforge-b6697494-9thcp/1/1 cloudforge-b6697494-cft2r/1/1 cloudforge-b6697494-jmj49/1/1 cloudforge-b6697494-qr7t6/1/1 cloudforge-b6697494-rf29b/1/1 
18:21:41 PODS: cloudforge-b6697494-9thcp/1/1 cloudforge-b6697494-cft2r/1/1 cloudforge-b6697494-jmj49/1/1 cloudforge-b6697494-qr7t6/1/1 cloudforge-b6697494-rf29b/1/1 
18:21:44 PODS: cloudforge-b6697494-9thcp/1/1 cloudforge-b6697494-cft2r/1/1 cloudforge-b6697494-jmj49/1/1 cloudforge-b6697494-qr7t6/1/1 cloudforge-b6697494-rf29b/1/1 
18:21:46 PODS: cloudforge-b6697494-9thcp/1/1 cloudforge-b6697494-cft2r/1/1 cloudforge-b6697494-jmj49/1/1 cloudforge-b6697494-qr7t6/1/1 cloudforge-b6697494-rf29b/1/1 
18:21:48 PODS: cloudforge-b6697494-9thcp/1/1 cloudforge-b6697494-cft2r/1/1 cloudforge-b6697494-jmj49/1/1 cloudforge-b6697494-qr7t6/1/1 cloudforge-b6697494-rf29b/1/1 
18:21:50 PODS: cloudforge-b6697494-9thcp/1/1 cloudforge-b6697494-cft2r/1/1 cloudforge-b6697494-jmj49/1/1 cloudforge-b6697494-qr7t6/1/1 cloudforge-b6697494-rf29b/1/1 
18:21:53 PODS: cloudforge-b6697494-9thcp/1/1 cloudforge-b6697494-cft2r/1/1 cloudforge-b6697494-jmj49/1/1 cloudforge-b6697494-qr7t6/1/1 cloudforge-b6697494-rf29b/1/1 
18:21:55 PODS: cloudforge-b6697494-9thcp/1/1 cloudforge-b6697494-cft2r/1/1 cloudforge-b6697494-jmj49/1/1 cloudforge-b6697494-qr7t6/1/1 cloudforge-b6697494-rf29b/1/1 
18:21:57 PODS: cloudforge-b6697494-9thcp/1/1 cloudforge-b6697494-cft2r/1/1 cloudforge-b6697494-jmj49/1/1 cloudforge-b6697494-qr7t6/1/1 cloudforge-b6697494-rf29b/1/1 
18:21:59 PODS: cloudforge-b6697494-9thcp/1/1 cloudforge-b6697494-cft2r/1/1 cloudforge-b6697494-jmj49/1/1 cloudforge-b6697494-qr7t6/1/1 cloudforge-b6697494-rf29b/1/1 
18:22:01 PODS: cloudforge-b6697494-9thcp/1/1 cloudforge-b6697494-cft2r/1/1 cloudforge-b6697494-jmj49/1/1 cloudforge-b6697494-qr7t6/1/1 cloudforge-b6697494-rf29b/1/1 
18:22:04 PODS: cloudforge-b6697494-9thcp/1/1 cloudforge-b6697494-cft2r/1/1 cloudforge-b6697494-jmj49/1/1 cloudforge-b6697494-qr7t6/1/1 cloudforge-b6697494-rf29b/1/1 
18:22:06 PODS: cloudforge-b6697494-9thcp/1/1 cloudforge-b6697494-cft2r/1/1 cloudforge-b6697494-jmj49/1/1 cloudforge-b6697494-qr7t6/1/1 cloudforge-b6697494-rf29b/1/1 
18:22:08 PODS: cloudforge-b6697494-9thcp/1/1 cloudforge-b6697494-cft2r/1/1 cloudforge-b6697494-jmj49/1/1 cloudforge-b6697494-qr7t6/1/1 cloudforge-b6697494-rf29b/1/1 
18:22:10 PODS: cloudforge-b6697494-9thcp/1/1 cloudforge-b6697494-cft2r/1/1 cloudforge-b6697494-jmj49/1/1 cloudforge-b6697494-qr7t6/1/1 cloudforge-b6697494-rf29b/1/1 
18:22:13 PODS: cloudforge-b6697494-9thcp/1/1 cloudforge-b6697494-cft2r/1/1 cloudforge-b6697494-jmj49/1/1 cloudforge-b6697494-qr7t6/1/1 cloudforge-b6697494-rf29b/1/1 
18:22:15 PODS: cloudforge-b6697494-9thcp/1/1 cloudforge-b6697494-cft2r/1/1 cloudforge-b6697494-jmj49/1/1 cloudforge-b6697494-qr7t6/1/1 cloudforge-b6697494-rf29b/1/1 
18:22:17 PODS: cloudforge-b6697494-9thcp/1/1 cloudforge-b6697494-cft2r/1/1 cloudforge-b6697494-jmj49/1/1 cloudforge-b6697494-qr7t6/1/1 cloudforge-b6697494-rf29b/1/1 
18:22:19 PODS: cloudforge-b6697494-9thcp/1/1 cloudforge-b6697494-cft2r/1/1 cloudforge-b6697494-jmj49/1/1 cloudforge-b6697494-qr7t6/1/1 cloudforge-b6697494-rf29b/1/1 
18:22:22 PODS: cloudforge-b6697494-9thcp/1/1 cloudforge-b6697494-cft2r/1/1 cloudforge-b6697494-jmj49/1/1 cloudforge-b6697494-qr7t6/1/1 cloudforge-b6697494-rf29b/1/1 
18:22:24 PODS: cloudforge-b6697494-9thcp/1/1 cloudforge-b6697494-cft2r/1/1 cloudforge-b6697494-jmj49/1/1 cloudforge-b6697494-qr7t6/1/1 cloudforge-b6697494-rf29b/1/1 
18:22:27 PODS: cloudforge-b6697494-9thcp/1/1 cloudforge-b6697494-cft2r/1/1 cloudforge-b6697494-jmj49/1/1 cloudforge-b6697494-qr7t6/1/1 cloudforge-b6697494-rf29b/1/1 
18:22:29 PODS: cloudforge-b6697494-9thcp/1/1 cloudforge-b6697494-cft2r/1/1 cloudforge-b6697494-jmj49/1/1 cloudforge-b6697494-qr7t6/1/1 cloudforge-b6697494-rf29b/1/1 
18:22:31 PODS: cloudforge-b6697494-9thcp/1/1 cloudforge-b6697494-cft2r/1/1 cloudforge-b6697494-jmj49/1/1 cloudforge-b6697494-qr7t6/1/1 cloudforge-b6697494-rf29b/1/1 
18:22:33 PODS: cloudforge-b6697494-9thcp/1/1 cloudforge-b6697494-cft2r/1/1 cloudforge-b6697494-jmj49/1/1 cloudforge-b6697494-qr7t6/1/1 cloudforge-b6697494-rf29b/1/1 
18:22:36 PODS: cloudforge-b6697494-9thcp/1/1 cloudforge-b6697494-cft2r/1/1 cloudforge-b6697494-jmj49/1/1 cloudforge-b6697494-qr7t6/1/1 cloudforge-b6697494-rf29b/1/1 
18:22:38 PODS: cloudforge-b6697494-9thcp/1/1 cloudforge-b6697494-cft2r/1/1 cloudforge-b6697494-jmj49/1/1 cloudforge-b6697494-qr7t6/1/1 cloudforge-b6697494-rf29b/1/1 
18:22:40 PODS: cloudforge-b6697494-9thcp/1/1 cloudforge-b6697494-cft2r/1/1 cloudforge-b6697494-jmj49/1/1 cloudforge-b6697494-qr7t6/1/1 cloudforge-b6697494-rf29b/1/1 
18:22:42 PODS: cloudforge-b6697494-9thcp/1/1 cloudforge-b6697494-cft2r/1/1 cloudforge-b6697494-jmj49/1/1 cloudforge-b6697494-qr7t6/1/1 cloudforge-b6697494-rf29b/1/1 
18:22:45 PODS: cloudforge-b6697494-9thcp/1/1 cloudforge-b6697494-cft2r/1/1 cloudforge-b6697494-jmj49/1/1 cloudforge-b6697494-qr7t6/1/1 cloudforge-b6697494-rf29b/1/1 
18:22:47 PODS: cloudforge-b6697494-9thcp/1/1 cloudforge-b6697494-cft2r/1/1 cloudforge-b6697494-jmj49/1/1 cloudforge-b6697494-qr7t6/1/1 cloudforge-b6697494-rf29b/1/1 
18:22:49 PODS: cloudforge-b6697494-9thcp/1/1 cloudforge-b6697494-cft2r/1/1 cloudforge-b6697494-jmj49/1/1 cloudforge-b6697494-qr7t6/1/1 cloudforge-b6697494-rf29b/1/1 
18:22:51 PODS: cloudforge-b6697494-9thcp/1/1 cloudforge-b6697494-cft2r/1/1 cloudforge-b6697494-jmj49/1/1 cloudforge-b6697494-qr7t6/1/1 cloudforge-b6697494-rf29b/1/1 
18:22:53 PODS: cloudforge-b6697494-9thcp/1/1 cloudforge-b6697494-cft2r/1/1 cloudforge-b6697494-jmj49/1/1 cloudforge-b6697494-qr7t6/1/1 cloudforge-b6697494-rf29b/1/1 
18:22:56 PODS: cloudforge-b6697494-9thcp/1/1 cloudforge-b6697494-cft2r/1/1 cloudforge-b6697494-jmj49/1/1 cloudforge-b6697494-qr7t6/1/1 cloudforge-b6697494-rf29b/1/1 
18:22:58 PODS: cloudforge-b6697494-9thcp/1/1 cloudforge-b6697494-cft2r/1/1 cloudforge-b6697494-jmj49/1/1 cloudforge-b6697494-qr7t6/1/1 cloudforge-b6697494-rf29b/1/1 
18:23:00 PODS: cloudforge-b6697494-9thcp/1/1 cloudforge-b6697494-cft2r/1/1 cloudforge-b6697494-jmj49/1/1 cloudforge-b6697494-qr7t6/1/1 cloudforge-b6697494-rf29b/1/1 
18:23:02 PODS: cloudforge-b6697494-9thcp/1/1 cloudforge-b6697494-cft2r/1/1 cloudforge-b6697494-jmj49/1/1 cloudforge-b6697494-qr7t6/1/1 cloudforge-b6697494-rf29b/1/1 
18:23:05 PODS: cloudforge-b6697494-9thcp/1/1 cloudforge-b6697494-cft2r/1/1 cloudforge-b6697494-jmj49/1/1 cloudforge-b6697494-qr7t6/1/1 cloudforge-b6697494-rf29b/1/1 
18:23:07 PODS: cloudforge-b6697494-9thcp/1/1 cloudforge-b6697494-cft2r/1/1 cloudforge-b6697494-jmj49/1/1 cloudforge-b6697494-qr7t6/1/1 cloudforge-b6697494-rf29b/1/1 
18:23:09 PODS: cloudforge-b6697494-9thcp/1/1 cloudforge-b6697494-cft2r/1/1 cloudforge-b6697494-jmj49/1/1 cloudforge-b6697494-qr7t6/1/1 cloudforge-b6697494-rf29b/1/1 
18:23:11 PODS: cloudforge-b6697494-9thcp/1/1 cloudforge-b6697494-cft2r/1/1 cloudforge-b6697494-jmj49/1/1 cloudforge-b6697494-qr7t6/1/1 cloudforge-b6697494-rf29b/1/1 
18:23:14 PODS: cloudforge-b6697494-9thcp/1/1 cloudforge-b6697494-cft2r/1/1 cloudforge-b6697494-jmj49/1/1 cloudforge-b6697494-qr7t6/1/1 cloudforge-b6697494-rf29b/1/1 
18:23:16 PODS: cloudforge-b6697494-9thcp/1/1 cloudforge-b6697494-cft2r/1/1 cloudforge-b6697494-jmj49/1/1 cloudforge-b6697494-qr7t6/1/1 cloudforge-b6697494-rf29b/1/1 
18:23:18 PODS: cloudforge-b6697494-9thcp/1/1 cloudforge-b6697494-cft2r/1/1 cloudforge-b6697494-jmj49/1/1 cloudforge-b6697494-qr7t6/1/1 cloudforge-b6697494-rf29b/1/1 
18:23:20 PODS: cloudforge-b6697494-9thcp/1/1 cloudforge-b6697494-cft2r/1/1 cloudforge-b6697494-jmj49/1/1 cloudforge-b6697494-qr7t6/1/1 cloudforge-b6697494-rf29b/1/1 
18:23:22 PODS: cloudforge-b6697494-9thcp/1/1 cloudforge-b6697494-cft2r/1/1 cloudforge-b6697494-jmj49/1/1 cloudforge-b6697494-qr7t6/1/1 cloudforge-b6697494-rf29b/1/1 
18:23:25 PODS: cloudforge-b6697494-9thcp/1/1 cloudforge-b6697494-cft2r/1/1 cloudforge-b6697494-jmj49/1/1 cloudforge-b6697494-qr7t6/1/1 cloudforge-b6697494-rf29b/1/1 
18:23:27 PODS: cloudforge-b6697494-9thcp/1/1 cloudforge-b6697494-cft2r/1/1 cloudforge-b6697494-jmj49/1/1 cloudforge-b6697494-qr7t6/1/1 cloudforge-b6697494-rf29b/1/1 
18:23:29 PODS: cloudforge-b6697494-9thcp/1/1 cloudforge-b6697494-cft2r/1/1 cloudforge-b6697494-jmj49/1/1 cloudforge-b6697494-qr7t6/1/1 cloudforge-b6697494-rf29b/1/1 
18:23:31 PODS: cloudforge-b6697494-9thcp/1/1 cloudforge-b6697494-cft2r/1/1 cloudforge-b6697494-jmj49/1/1 cloudforge-b6697494-qr7t6/1/1 cloudforge-b6697494-rf29b/1/1 
18:23:33 PODS: cloudforge-b6697494-9thcp/1/1 cloudforge-b6697494-cft2r/1/1 cloudforge-b6697494-jmj49/1/1 cloudforge-b6697494-qr7t6/1/1 cloudforge-b6697494-rf29b/1/1 
18:23:36 PODS: cloudforge-b6697494-9thcp/1/1 cloudforge-b6697494-cft2r/1/1 cloudforge-b6697494-jmj49/1/1 cloudforge-b6697494-qr7t6/1/1 cloudforge-b6697494-rf29b/1/1 
18:23:38 PODS: cloudforge-b6697494-9thcp/1/1 cloudforge-b6697494-cft2r/1/1 cloudforge-b6697494-jmj49/1/1 cloudforge-b6697494-qr7t6/1/1 cloudforge-b6697494-rf29b/1/1 
18:23:40 PODS: cloudforge-b6697494-9thcp/1/1 cloudforge-b6697494-cft2r/1/1 cloudforge-b6697494-jmj49/1/1 cloudforge-b6697494-qr7t6/1/1 cloudforge-b6697494-rf29b/1/1 
18:23:42 PODS: cloudforge-b6697494-9thcp/1/1 cloudforge-b6697494-cft2r/1/1 cloudforge-b6697494-jmj49/1/1 cloudforge-b6697494-qr7t6/1/1 cloudforge-b6697494-rf29b/1/1 
18:23:44 PODS: cloudforge-b6697494-9thcp/1/1 cloudforge-b6697494-cft2r/1/1 cloudforge-b6697494-jmj49/1/1 cloudforge-b6697494-qr7t6/1/1 cloudforge-b6697494-rf29b/1/1 
18:23:47 PODS: cloudforge-b6697494-9thcp/1/1 cloudforge-b6697494-cft2r/1/1 cloudforge-b6697494-jmj49/1/1 cloudforge-b6697494-qr7t6/1/1 cloudforge-b6697494-rf29b/1/1 
18:23:49 PODS: cloudforge-b6697494-9thcp/1/1 cloudforge-b6697494-cft2r/1/1 cloudforge-b6697494-jmj49/1/1 cloudforge-b6697494-qr7t6/1/1 cloudforge-b6697494-rf29b/1/1 
18:23:51 PODS: cloudforge-b6697494-9thcp/1/1 cloudforge-b6697494-cft2r/1/1 cloudforge-b6697494-jmj49/1/1 cloudforge-b6697494-qr7t6/1/1 cloudforge-b6697494-rf29b/1/1 
18:23:53 PODS: cloudforge-b6697494-9thcp/1/1 cloudforge-b6697494-cft2r/1/1 cloudforge-b6697494-jmj49/1/1 cloudforge-b6697494-qr7t6/1/1 cloudforge-b6697494-rf29b/1/1 
18:23:56 PODS: cloudforge-b6697494-9thcp/1/1 cloudforge-b6697494-cft2r/1/1 cloudforge-b6697494-jmj49/1/1 cloudforge-b6697494-qr7t6/1/1 cloudforge-b6697494-rf29b/1/1 
18:23:58 PODS: cloudforge-b6697494-9thcp/1/1 cloudforge-b6697494-cft2r/1/1 cloudforge-b6697494-jmj49/1/1 cloudforge-b6697494-qr7t6/1/1 cloudforge-b6697494-rf29b/1/1 
18:24:00 PODS: cloudforge-b6697494-9thcp/1/1 cloudforge-b6697494-cft2r/1/1 cloudforge-b6697494-jmj49/1/1 cloudforge-b6697494-qr7t6/1/1 cloudforge-b6697494-rf29b/1/1 
18:24:02 PODS: cloudforge-b6697494-9thcp/1/1 cloudforge-b6697494-cft2r/1/1 cloudforge-b6697494-jmj49/1/1 cloudforge-b6697494-qr7t6/1/1 cloudforge-b6697494-rf29b/1/1 
18:24:04 PODS: cloudforge-b6697494-9thcp/1/1 cloudforge-b6697494-cft2r/1/1 cloudforge-b6697494-jmj49/1/1 cloudforge-b6697494-qr7t6/1/1 cloudforge-b6697494-rf29b/1/1 
18:24:07 PODS: cloudforge-b6697494-9thcp/1/1 cloudforge-b6697494-cft2r/1/1 cloudforge-b6697494-jmj49/1/1 cloudforge-b6697494-qr7t6/1/1 cloudforge-b6697494-rf29b/1/1 
18:24:09 PODS: cloudforge-b6697494-9thcp/1/1 cloudforge-b6697494-cft2r/1/1 cloudforge-b6697494-jmj49/1/1 cloudforge-b6697494-qr7t6/1/1 cloudforge-b6697494-rf29b/1/1 
18:24:11 PODS: cloudforge-b6697494-9thcp/1/1 cloudforge-b6697494-cft2r/1/1 cloudforge-b6697494-jmj49/1/1 cloudforge-b6697494-qr7t6/1/1 cloudforge-b6697494-rf29b/1/1 
18:24:13 PODS: cloudforge-b6697494-9thcp/1/1 cloudforge-b6697494-cft2r/1/1 cloudforge-b6697494-jmj49/1/1 cloudforge-b6697494-qr7t6/1/1 cloudforge-b6697494-rf29b/1/1 
18:24:16 PODS: cloudforge-b6697494-9thcp/1/1 cloudforge-b6697494-cft2r/1/1 cloudforge-b6697494-jmj49/1/1 cloudforge-b6697494-qr7t6/1/1 cloudforge-b6697494-rf29b/1/1 
18:24:18 PODS: cloudforge-b6697494-9thcp/1/1 cloudforge-b6697494-cft2r/1/1 cloudforge-b6697494-jmj49/1/1 cloudforge-b6697494-qr7t6/1/1 cloudforge-b6697494-rf29b/1/1 
18:24:20 PODS: cloudforge-b6697494-9thcp/1/1 cloudforge-b6697494-cft2r/1/1 cloudforge-b6697494-jmj49/1/1 cloudforge-b6697494-qr7t6/1/1 cloudforge-b6697494-rf29b/1/1 
18:24:22 PODS: cloudforge-b6697494-9thcp/1/1 cloudforge-b6697494-cft2r/1/1 cloudforge-b6697494-jmj49/1/1 cloudforge-b6697494-qr7t6/1/1 cloudforge-b6697494-rf29b/1/1 
18:24:24 PODS: cloudforge-b6697494-9thcp/1/1 cloudforge-b6697494-cft2r/1/1 cloudforge-b6697494-jmj49/1/1 cloudforge-b6697494-qr7t6/1/1 cloudforge-b6697494-rf29b/1/1 
18:24:27 PODS: cloudforge-b6697494-9thcp/1/1 cloudforge-b6697494-cft2r/1/1 cloudforge-b6697494-jmj49/1/1 cloudforge-b6697494-qr7t6/1/1 cloudforge-b6697494-rf29b/1/1 
18:24:29 PODS: cloudforge-b6697494-9thcp/1/1 cloudforge-b6697494-cft2r/1/1 cloudforge-b6697494-jmj49/1/1 cloudforge-b6697494-qr7t6/1/1 cloudforge-b6697494-rf29b/1/1 
18:24:31 PODS: cloudforge-b6697494-9thcp/1/1 cloudforge-b6697494-cft2r/1/1 cloudforge-b6697494-jmj49/1/1 cloudforge-b6697494-qr7t6/1/1 cloudforge-b6697494-rf29b/1/1 
18:24:33 PODS: cloudforge-b6697494-9thcp/1/1 cloudforge-b6697494-cft2r/1/1 cloudforge-b6697494-jmj49/1/1 cloudforge-b6697494-qr7t6/1/1 cloudforge-b6697494-rf29b/1/1 
18:24:36 PODS: cloudforge-b6697494-9thcp/1/1 cloudforge-b6697494-cft2r/1/1 cloudforge-b6697494-jmj49/1/1 cloudforge-b6697494-qr7t6/1/1 cloudforge-b6697494-rf29b/1/1 
18:24:38 PODS: cloudforge-b6697494-9thcp/1/1 cloudforge-b6697494-cft2r/1/1 cloudforge-b6697494-jmj49/1/1 cloudforge-b6697494-qr7t6/1/1 cloudforge-b6697494-rf29b/1/1 
18:24:40 PODS: cloudforge-b6697494-9thcp/1/1 cloudforge-b6697494-cft2r/1/1 cloudforge-b6697494-jmj49/1/1 cloudforge-b6697494-qr7t6/1/1 cloudforge-b6697494-rf29b/1/1 
18:24:42 PODS: cloudforge-b6697494-9thcp/1/1 cloudforge-b6697494-cft2r/1/1 cloudforge-b6697494-jmj49/1/1 cloudforge-b6697494-qr7t6/1/1 cloudforge-b6697494-rf29b/1/1 
18:24:45 PODS: cloudforge-b6697494-9thcp/1/1 cloudforge-b6697494-cft2r/1/1 cloudforge-b6697494-jmj49/1/1 cloudforge-b6697494-qr7t6/1/1 cloudforge-b6697494-rf29b/1/1 
18:24:47 PODS: cloudforge-b6697494-9thcp/1/1 cloudforge-b6697494-cft2r/1/1 cloudforge-b6697494-jmj49/1/1 cloudforge-b6697494-qr7t6/1/1 cloudforge-b6697494-rf29b/1/1 
18:24:49 PODS: cloudforge-b6697494-9thcp/1/1 cloudforge-b6697494-cft2r/1/1 cloudforge-b6697494-jmj49/1/1 cloudforge-b6697494-qr7t6/1/1 cloudforge-b6697494-rf29b/1/1 
18:24:51 PODS: cloudforge-b6697494-9thcp/1/1 cloudforge-b6697494-cft2r/1/1 cloudforge-b6697494-jmj49/1/1 cloudforge-b6697494-qr7t6/1/1 cloudforge-b6697494-rf29b/1/1 
18:24:53 PODS: cloudforge-b6697494-9thcp/1/1 cloudforge-b6697494-cft2r/1/1 cloudforge-b6697494-jmj49/1/1 cloudforge-b6697494-qr7t6/1/1 cloudforge-b6697494-rf29b/1/1 
18:24:56 PODS: cloudforge-b6697494-9thcp/1/1 cloudforge-b6697494-cft2r/1/1 cloudforge-b6697494-jmj49/1/1 cloudforge-b6697494-qr7t6/1/1 cloudforge-b6697494-rf29b/1/1 
18:24:58 PODS: cloudforge-b6697494-9thcp/1/1 cloudforge-b6697494-cft2r/1/1 cloudforge-b6697494-jmj49/1/1 cloudforge-b6697494-qr7t6/1/1 cloudforge-b6697494-rf29b/1/1 
18:25:00 PODS: cloudforge-b6697494-9thcp/1/1 cloudforge-b6697494-cft2r/1/1 cloudforge-b6697494-jmj49/1/1 cloudforge-b6697494-qr7t6/1/1 cloudforge-b6697494-rf29b/1/1 
18:25:02 PODS: cloudforge-b6697494-9thcp/1/1 cloudforge-b6697494-cft2r/1/1 cloudforge-b6697494-jmj49/1/1 cloudforge-b6697494-qr7t6/1/1 cloudforge-b6697494-rf29b/1/1 
18:25:04 PODS: cloudforge-b6697494-9thcp/1/1 cloudforge-b6697494-cft2r/1/1 cloudforge-b6697494-jmj49/1/1 cloudforge-b6697494-qr7t6/1/1 cloudforge-b6697494-rf29b/1/1 
18:25:07 PODS: cloudforge-b6697494-9thcp/1/1 cloudforge-b6697494-cft2r/0/1 cloudforge-b6697494-jmj49/1/1 cloudforge-b6697494-qr7t6/0/1 cloudforge-b6697494-rf29b/0/1 
18:25:09 PODS: cloudforge-b6697494-9thcp/1/1 cloudforge-b6697494-jmj49/1/1 
18:25:11 PODS: cloudforge-b6697494-9thcp/1/1 cloudforge-b6697494-jmj49/1/1 
18:25:14 PODS: cloudforge-b6697494-9thcp/1/1 cloudforge-b6697494-jmj49/1/1 
18:25:16 PODS: cloudforge-b6697494-9thcp/1/1 cloudforge-b6697494-jmj49/1/1 
18:25:18 PODS: cloudforge-b6697494-9thcp/1/1 cloudforge-b6697494-jmj49/1/1 
18:25:20 PODS: cloudforge-b6697494-9thcp/1/1 cloudforge-b6697494-jmj49/1/1 
18:25:22 PODS: cloudforge-b6697494-9thcp/1/1 cloudforge-b6697494-jmj49/1/1 
18:25:25 PODS: cloudforge-b6697494-9thcp/1/1 cloudforge-b6697494-jmj49/1/1 
18:25:27 PODS: cloudforge-b6697494-9thcp/1/1 cloudforge-b6697494-jmj49/1/1 
18:25:29 PODS: cloudforge-b6697494-9thcp/1/1 cloudforge-b6697494-jmj49/1/1 
18:25:31 PODS: cloudforge-b6697494-9thcp/1/1 cloudforge-b6697494-jmj49/1/1 
18:25:34 PODS: cloudforge-b6697494-9thcp/1/1 cloudforge-b6697494-jmj49/1/1 
18:25:36 PODS: cloudforge-b6697494-9thcp/1/1 cloudforge-b6697494-jmj49/1/1 
18:25:39 PODS: cloudforge-b6697494-9thcp/1/1 cloudforge-b6697494-jmj49/1/1 
18:25:41 PODS: cloudforge-b6697494-9thcp/1/1 cloudforge-b6697494-jmj49/1/1 
18:25:43 PODS: cloudforge-b6697494-9thcp/1/1 cloudforge-b6697494-jmj49/1/1 
18:25:46 PODS: cloudforge-b6697494-9thcp/1/1 cloudforge-b6697494-jmj49/1/1 
18:25:48 PODS: cloudforge-b6697494-9thcp/1/1 cloudforge-b6697494-jmj49/1/1 
18:25:50 PODS: cloudforge-b6697494-9thcp/1/1 cloudforge-b6697494-jmj49/1/1 
18:25:52 PODS: cloudforge-b6697494-9thcp/1/1 cloudforge-b6697494-jmj49/1/1 
18:25:54 PODS: cloudforge-b6697494-9thcp/1/1 cloudforge-b6697494-jmj49/1/1 
18:25:57 PODS: cloudforge-b6697494-9thcp/1/1 cloudforge-b6697494-jmj49/1/1 
18:25:59 PODS: cloudforge-b6697494-9thcp/1/1 cloudforge-b6697494-jmj49/1/1 
18:26:01 PODS: cloudforge-b6697494-9thcp/1/1 cloudforge-b6697494-jmj49/1/1 
18:26:03 PODS: cloudforge-b6697494-9thcp/1/1 cloudforge-b6697494-jmj49/1/1 
18:26:06 PODS: cloudforge-b6697494-9thcp/1/1 cloudforge-b6697494-jmj49/1/1 
18:26:08 PODS: cloudforge-b6697494-9thcp/1/1 cloudforge-b6697494-jmj49/1/1 
18:26:10 PODS: cloudforge-b6697494-9thcp/1/1 cloudforge-b6697494-jmj49/1/1 
18:26:12 PODS: cloudforge-b6697494-9thcp/1/1 cloudforge-b6697494-jmj49/1/1 
18:26:15 PODS: cloudforge-b6697494-9thcp/1/1 cloudforge-b6697494-jmj49/1/1 
18:26:17 PODS: cloudforge-b6697494-9thcp/1/1 cloudforge-b6697494-jmj49/1/1 
18:26:20 PODS: cloudforge-b6697494-9thcp/1/1 cloudforge-b6697494-jmj49/1/1 
18:26:22 PODS: cloudforge-b6697494-9thcp/1/1 cloudforge-b6697494-jmj49/1/1 
18:26:24 PODS: cloudforge-b6697494-9thcp/1/1 cloudforge-b6697494-jmj49/1/1 
18:26:26 PODS: cloudforge-b6697494-9thcp/1/1 cloudforge-b6697494-jmj49/1/1 
18:26:29 PODS: cloudforge-b6697494-9thcp/1/1 cloudforge-b6697494-jmj49/1/1 
18:26:31 PODS: cloudforge-b6697494-9thcp/1/1 cloudforge-b6697494-jmj49/1/1 
18:26:34 PODS: cloudforge-b6697494-9thcp/1/1 cloudforge-b6697494-jmj49/1/1 
18:26:36 PODS: cloudforge-b6697494-9thcp/1/1 cloudforge-b6697494-jmj49/1/1 
18:26:38 PODS: cloudforge-b6697494-9thcp/1/1 cloudforge-b6697494-jmj49/1/1 
18:26:41 PODS: cloudforge-b6697494-9thcp/1/1 cloudforge-b6697494-jmj49/1/1 
18:26:43 PODS: cloudforge-b6697494-9thcp/1/1 cloudforge-b6697494-jmj49/1/1 
18:26:45 PODS: cloudforge-b6697494-9thcp/1/1 cloudforge-b6697494-jmj49/1/1 
18:26:47 PODS: cloudforge-b6697494-9thcp/1/1 cloudforge-b6697494-jmj49/1/1 
18:26:50 PODS: cloudforge-b6697494-9thcp/1/1 cloudforge-b6697494-jmj49/1/1 
18:26:52 PODS: cloudforge-b6697494-9thcp/1/1 cloudforge-b6697494-jmj49/1/1 
18:26:54 PODS: cloudforge-b6697494-9thcp/1/1 cloudforge-b6697494-jmj49/1/1 
18:26:56 PODS: cloudforge-b6697494-9thcp/1/1 cloudforge-b6697494-jmj49/1/1 
18:26:58 PODS: cloudforge-b6697494-9thcp/1/1 cloudforge-b6697494-jmj49/1/1 
18:27:01 PODS: cloudforge-b6697494-9thcp/1/1 cloudforge-b6697494-jmj49/1/1 
18:27:03 PODS: cloudforge-b6697494-9thcp/1/1 cloudforge-b6697494-jmj49/1/1 
18:27:05 PODS: cloudforge-b6697494-9thcp/1/1 cloudforge-b6697494-jmj49/1/1 
18:27:07 PODS: cloudforge-b6697494-9thcp/1/1 cloudforge-b6697494-jmj49/1/1 
18:27:09 PODS: cloudforge-b6697494-9thcp/1/1 cloudforge-b6697494-jmj49/1/1 
18:27:11 PODS: cloudforge-b6697494-9thcp/1/1 cloudforge-b6697494-jmj49/1/1 
18:27:14 PODS: cloudforge-b6697494-9thcp/1/1 cloudforge-b6697494-jmj49/1/1 
18:27:16 PODS: cloudforge-b6697494-9thcp/1/1 cloudforge-b6697494-jmj49/1/1 
18:27:18 PODS: cloudforge-b6697494-9thcp/1/1 cloudforge-b6697494-jmj49/1/1 
18:27:21 PODS: cloudforge-b6697494-9thcp/1/1 cloudforge-b6697494-jmj49/1/1 
18:27:23 PODS: cloudforge-b6697494-9thcp/1/1 cloudforge-b6697494-jmj49/1/1 
18:27:25 PODS: cloudforge-b6697494-9thcp/1/1 cloudforge-b6697494-jmj49/1/1 
18:27:27 PODS: cloudforge-b6697494-9thcp/1/1 cloudforge-b6697494-jmj49/1/1 
18:27:29 PODS: cloudforge-b6697494-9thcp/1/1 cloudforge-b6697494-jmj49/1/1 
18:27:32 PODS: cloudforge-b6697494-9thcp/1/1 cloudforge-b6697494-jmj49/1/1 
18:27:34 PODS: cloudforge-b6697494-9thcp/1/1 cloudforge-b6697494-jmj49/1/1 
18:27:36 PODS: cloudforge-b6697494-9thcp/1/1 cloudforge-b6697494-jmj49/1/1 
18:27:38 PODS: cloudforge-b6697494-9thcp/1/1 cloudforge-b6697494-jmj49/1/1 
18:27:41 PODS: cloudforge-b6697494-9thcp/1/1 cloudforge-b6697494-jmj49/1/1 
18:27:43 PODS: cloudforge-b6697494-9thcp/1/1 cloudforge-b6697494-jmj49/1/1 
18:27:45 PODS: cloudforge-b6697494-9thcp/1/1 cloudforge-b6697494-jmj49/1/1 
18:27:47 PODS: cloudforge-b6697494-9thcp/1/1 cloudforge-b6697494-jmj49/1/1 
18:27:49 PODS: cloudforge-b6697494-9thcp/1/1 cloudforge-b6697494-jmj49/1/1 
18:27:52 PODS: cloudforge-b6697494-9thcp/1/1 cloudforge-b6697494-jmj49/1/1 
18:27:54 PODS: cloudforge-b6697494-9thcp/1/1 cloudforge-b6697494-jmj49/1/1 
18:27:56 PODS: cloudforge-b6697494-9thcp/1/1 cloudforge-b6697494-jmj49/1/1 
18:27:58 PODS: cloudforge-b6697494-9thcp/1/1 cloudforge-b6697494-jmj49/1/1 
18:28:01 PODS: cloudforge-b6697494-9thcp/1/1 cloudforge-b6697494-jmj49/1/1 
18:28:03 PODS: cloudforge-b6697494-9thcp/1/1 cloudforge-b6697494-jmj49/1/1 
18:28:05 PODS: cloudforge-b6697494-9thcp/1/1 cloudforge-b6697494-jmj49/1/1 
18:28:07 PODS: cloudforge-b6697494-9thcp/1/1 cloudforge-b6697494-jmj49/1/1 
18:28:09 PODS: cloudforge-b6697494-9thcp/1/1 cloudforge-b6697494-jmj49/1/1 
18:28:12 PODS: cloudforge-b6697494-9thcp/1/1 cloudforge-b6697494-jmj49/1/1 
18:28:14 PODS: cloudforge-b6697494-9thcp/1/1 cloudforge-b6697494-jmj49/1/1 
18:28:16 PODS: cloudforge-b6697494-9thcp/1/1 cloudforge-b6697494-jmj49/1/1 
18:28:18 PODS: cloudforge-b6697494-9thcp/1/1 cloudforge-b6697494-jmj49/1/1 
18:28:21 PODS: cloudforge-b6697494-9thcp/1/1 cloudforge-b6697494-jmj49/1/1 
18:28:23 PODS: cloudforge-b6697494-9thcp/1/1 cloudforge-b6697494-jmj49/1/1 
18:28:25 PODS: cloudforge-b6697494-9thcp/1/1 cloudforge-b6697494-jmj49/1/1 
18:28:27 PODS: cloudforge-b6697494-9thcp/1/1 cloudforge-b6697494-jmj49/1/1 
18:28:29 PODS: cloudforge-b6697494-9thcp/1/1 cloudforge-b6697494-jmj49/1/1 
18:28:32 PODS: cloudforge-b6697494-9thcp/1/1 cloudforge-b6697494-jmj49/1/1 
18:28:34 PODS: cloudforge-b6697494-9thcp/1/1 cloudforge-b6697494-jmj49/1/1 
18:28:36 PODS: cloudforge-b6697494-9thcp/1/1 cloudforge-b6697494-jmj49/1/1 
18:28:38 PODS: cloudforge-b6697494-9thcp/1/1 cloudforge-b6697494-jmj49/1/1 
18:28:40 PODS: cloudforge-b6697494-9thcp/1/1 cloudforge-b6697494-jmj49/1/1 
18:28:42 PODS: cloudforge-b6697494-9thcp/1/1 cloudforge-b6697494-jmj49/1/1 
18:28:45 PODS: cloudforge-b6697494-9thcp/1/1 cloudforge-b6697494-jmj49/1/1 
18:28:47 PODS: cloudforge-b6697494-9thcp/1/1 cloudforge-b6697494-jmj49/1/1 
18:28:49 PODS: cloudforge-b6697494-9thcp/1/1 cloudforge-b6697494-jmj49/1/1 
18:28:52 PODS: cloudforge-b6697494-9thcp/1/1 cloudforge-b6697494-jmj49/1/1 
18:28:54 PODS: cloudforge-b6697494-9thcp/1/1 cloudforge-b6697494-jmj49/1/1 
18:28:56 PODS: cloudforge-b6697494-9thcp/1/1 cloudforge-b6697494-jmj49/1/1 
18:28:58 PODS: cloudforge-b6697494-9thcp/1/1 cloudforge-b6697494-jmj49/1/1 
18:29:00 PODS: cloudforge-b6697494-9thcp/1/1 cloudforge-b6697494-jmj49/1/1 
18:29:03 PODS: cloudforge-b6697494-9thcp/1/1 cloudforge-b6697494-jmj49/1/1 
18:29:05 PODS: cloudforge-b6697494-9thcp/1/1 cloudforge-b6697494-jmj49/1/1 
18:29:07 PODS: cloudforge-b6697494-9thcp/1/1 cloudforge-b6697494-jmj49/1/1 
18:29:09 PODS: cloudforge-b6697494-9thcp/1/1 cloudforge-b6697494-jmj49/1/1 
18:29:12 PODS: cloudforge-b6697494-9thcp/1/1 cloudforge-b6697494-jmj49/1/1 
18:29:14 PODS: cloudforge-b6697494-9thcp/1/1 cloudforge-b6697494-jmj49/1/1 
18:29:16 PODS: cloudforge-b6697494-9thcp/1/1 cloudforge-b6697494-jmj49/1/1 
18:29:18 PODS: cloudforge-b6697494-9thcp/1/1 cloudforge-b6697494-jmj49/1/1 
18:29:20 PODS: cloudforge-b6697494-9thcp/1/1 cloudforge-b6697494-jmj49/1/1 
18:29:23 PODS: cloudforge-b6697494-9thcp/1/1 cloudforge-b6697494-jmj49/1/1 
18:29:25 PODS: cloudforge-b6697494-9thcp/1/1 cloudforge-b6697494-jmj49/1/1 
18:29:27 PODS: cloudforge-b6697494-9thcp/1/1 cloudforge-b6697494-jmj49/1/1 
18:29:29 PODS: cloudforge-b6697494-9thcp/1/1 cloudforge-b6697494-jmj49/1/1 
18:29:32 PODS: cloudforge-b6697494-9thcp/1/1 cloudforge-b6697494-jmj49/1/1 
18:29:34 PODS: cloudforge-b6697494-9thcp/1/1 cloudforge-b6697494-jmj49/1/1 
18:29:36 PODS: cloudforge-b6697494-9thcp/1/1 cloudforge-b6697494-jmj49/1/1 
18:29:38 PODS: cloudforge-b6697494-9thcp/1/1 cloudforge-b6697494-jmj49/1/1 
18:29:40 PODS: cloudforge-b6697494-9thcp/1/1 cloudforge-b6697494-jmj49/1/1 
18:29:43 PODS: cloudforge-b6697494-9thcp/1/1 cloudforge-b6697494-jmj49/1/1 
18:29:45 PODS: cloudforge-b6697494-9thcp/1/1 cloudforge-b6697494-jmj49/1/1 
18:29:47 PODS: cloudforge-b6697494-9thcp/1/1 cloudforge-b6697494-jmj49/1/1 
18:29:49 PODS: cloudforge-b6697494-9thcp/1/1 cloudforge-b6697494-jmj49/1/1 
18:29:51 PODS: cloudforge-b6697494-9thcp/1/1 cloudforge-b6697494-jmj49/1/1 
18:29:54 PODS: cloudforge-b6697494-9thcp/1/1 cloudforge-b6697494-jmj49/1/1 
18:29:56 PODS: cloudforge-b6697494-9thcp/1/1 cloudforge-b6697494-jmj49/1/1 
18:29:58 PODS: cloudforge-b6697494-9thcp/1/1 cloudforge-b6697494-jmj49/1/1 
18:30:00 PODS: cloudforge-b6697494-9thcp/1/1 cloudforge-b6697494-jmj49/1/1 
18:30:03 PODS: cloudforge-b6697494-9thcp/1/1 cloudforge-b6697494-jmj49/1/1 
18:30:05 PODS: cloudforge-b6697494-9thcp/1/1 cloudforge-b6697494-jmj49/1/1 
18:30:07 PODS: cloudforge-b6697494-9thcp/1/1 cloudforge-b6697494-jmj49/1/1 
18:30:09 PODS: cloudforge-b6697494-9thcp/1/1 cloudforge-b6697494-jmj49/1/1 
18:30:11 PODS: cloudforge-b6697494-9thcp/1/1 cloudforge-b6697494-jmj49/1/1 
18:30:14 PODS: cloudforge-b6697494-9thcp/1/1 cloudforge-b6697494-jmj49/1/1 
18:30:16 PODS: cloudforge-b6697494-9thcp/1/1 cloudforge-b6697494-jmj49/1/1 
18:30:18 PODS: cloudforge-b6697494-9thcp/1/1 cloudforge-b6697494-jmj49/1/1 
18:30:20 PODS: cloudforge-b6697494-9thcp/1/1 cloudforge-b6697494-jmj49/1/1 
18:30:22 PODS: cloudforge-b6697494-9thcp/1/1 cloudforge-b6697494-jmj49/1/1 
18:30:25 PODS: cloudforge-b6697494-9thcp/1/1 cloudforge-b6697494-jmj49/1/1 
18:30:27 PODS: cloudforge-b6697494-9thcp/1/1 cloudforge-b6697494-jmj49/1/1 
18:30:29 PODS: cloudforge-b6697494-9thcp/1/1 cloudforge-b6697494-jmj49/1/1 
18:30:31 PODS: cloudforge-b6697494-9thcp/1/1 cloudforge-b6697494-jmj49/1/1 
18:30:34 PODS: cloudforge-b6697494-9thcp/1/1 cloudforge-b6697494-jmj49/1/1 
18:30:36 PODS: cloudforge-b6697494-9thcp/1/1 cloudforge-b6697494-jmj49/1/1 
18:30:38 PODS: cloudforge-b6697494-9thcp/1/1 cloudforge-b6697494-jmj49/1/1 
18:30:40 PODS: cloudforge-b6697494-9thcp/1/1 cloudforge-b6697494-jmj49/1/1 
18:30:42 PODS: cloudforge-b6697494-9thcp/1/1 cloudforge-b6697494-jmj49/1/1 
18:30:45 PODS: cloudforge-b6697494-9thcp/1/1 cloudforge-b6697494-jmj49/1/1 
18:30:47 PODS: cloudforge-b6697494-9thcp/1/1 cloudforge-b6697494-jmj49/1/1 
18:30:49 PODS: cloudforge-b6697494-9thcp/1/1 cloudforge-b6697494-jmj49/1/1 
18:30:51 PODS: cloudforge-b6697494-9thcp/1/1 cloudforge-b6697494-jmj49/1/1 
18:30:54 PODS: cloudforge-b6697494-9thcp/1/1 cloudforge-b6697494-jmj49/1/1 
18:30:56 PODS: cloudforge-b6697494-9thcp/1/1 cloudforge-b6697494-jmj49/1/1 
18:30:58 PODS: cloudforge-b6697494-9thcp/1/1 cloudforge-b6697494-jmj49/1/1 
18:31:00 PODS: cloudforge-b6697494-9thcp/1/1 cloudforge-b6697494-jmj49/1/1 
18:31:02 PODS: cloudforge-b6697494-9thcp/1/1 cloudforge-b6697494-jmj49/1/1 
18:31:04 PODS: cloudforge-b6697494-9thcp/1/1 cloudforge-b6697494-jmj49/1/1 
18:31:07 PODS: cloudforge-b6697494-9thcp/1/1 cloudforge-b6697494-jmj49/1/1 
18:31:09 PODS: cloudforge-b6697494-9thcp/1/1 cloudforge-b6697494-jmj49/1/1 
18:31:11 PODS: cloudforge-b6697494-9thcp/1/1 cloudforge-b6697494-jmj49/1/1 
18:31:13 PODS: cloudforge-b6697494-9thcp/1/1 cloudforge-b6697494-jmj49/1/1 
18:31:16 PODS: cloudforge-b6697494-9thcp/1/1 cloudforge-b6697494-jmj49/1/1 
18:31:18 PODS: cloudforge-b6697494-9thcp/1/1 cloudforge-b6697494-jmj49/1/1 
18:31:20 PODS: cloudforge-b6697494-9thcp/1/1 cloudforge-b6697494-jmj49/1/1 
18:31:22 PODS: cloudforge-b6697494-9thcp/1/1 cloudforge-b6697494-jmj49/1/1 
18:31:24 PODS: cloudforge-b6697494-9thcp/1/1 cloudforge-b6697494-jmj49/1/1 
18:31:27 PODS: cloudforge-b6697494-9thcp/1/1 cloudforge-b6697494-jmj49/1/1 
18:31:29 PODS: cloudforge-b6697494-9thcp/1/1 cloudforge-b6697494-jmj49/1/1 
18:31:31 PODS: cloudforge-b6697494-9thcp/1/1 cloudforge-b6697494-jmj49/1/1 
18:31:34 PODS: cloudforge-b6697494-9thcp/1/1 cloudforge-b6697494-jmj49/1/1 
18:31:36 PODS: cloudforge-b6697494-9thcp/1/1 cloudforge-b6697494-jmj49/1/1 
18:31:38 PODS: cloudforge-b6697494-9thcp/1/1 cloudforge-b6697494-jmj49/1/1 
18:31:40 PODS: cloudforge-b6697494-9thcp/1/1 cloudforge-b6697494-jmj49/1/1 
18:31:42 PODS: cloudforge-b6697494-9thcp/1/1 cloudforge-b6697494-jmj49/1/1 
18:31:45 PODS: cloudforge-b6697494-9thcp/1/1 cloudforge-b6697494-jmj49/1/1 
18:31:47 PODS: cloudforge-b6697494-9thcp/1/1 cloudforge-b6697494-jmj49/1/1 
18:31:49 PODS: cloudforge-b6697494-9thcp/1/1 cloudforge-b6697494-jmj49/1/1 
18:31:51 PODS: cloudforge-b6697494-9thcp/1/1 cloudforge-b6697494-jmj49/1/1 
18:31:53 PODS: cloudforge-b6697494-9thcp/1/1 cloudforge-b6697494-jmj49/1/1 
18:31:56 PODS: cloudforge-b6697494-9thcp/1/1 cloudforge-b6697494-jmj49/1/1 
18:31:58 PODS: cloudforge-b6697494-9thcp/1/1 cloudforge-b6697494-jmj49/1/1 
18:32:00 PODS: cloudforge-b6697494-9thcp/1/1 cloudforge-b6697494-jmj49/1/1 
18:32:02 PODS: cloudforge-b6697494-9thcp/1/1 cloudforge-b6697494-jmj49/1/1 
18:32:05 PODS: cloudforge-b6697494-9thcp/1/1 cloudforge-b6697494-jmj49/1/1 
18:32:08 PODS: cloudforge-b6697494-9thcp/1/1 cloudforge-b6697494-jmj49/1/1 
18:32:10 PODS: cloudforge-b6697494-9thcp/1/1 cloudforge-b6697494-jmj49/1/1 
18:32:12 PODS: cloudforge-b6697494-9thcp/1/1 cloudforge-b6697494-jmj49/1/1 
18:32:14 PODS: cloudforge-b6697494-9thcp/1/1 cloudforge-b6697494-jmj49/1/1 
18:32:16 PODS: cloudforge-b6697494-9thcp/1/1 cloudforge-b6697494-jmj49/1/1 
18:32:19 PODS: cloudforge-b6697494-9thcp/1/1 cloudforge-b6697494-jmj49/1/1 
18:32:21 PODS: cloudforge-b6697494-9thcp/1/1 cloudforge-b6697494-jmj49/1/1 
18:32:23 PODS: cloudforge-b6697494-9thcp/1/1 cloudforge-b6697494-jmj49/1/1 
18:32:26 PODS: cloudforge-b6697494-9thcp/1/1 cloudforge-b6697494-jmj49/1/1 
18:32:28 PODS: cloudforge-b6697494-9thcp/1/1 cloudforge-b6697494-jmj49/1/1 
18:32:30 PODS: cloudforge-b6697494-9thcp/1/1 cloudforge-b6697494-jmj49/1/1 
18:32:32 PODS: cloudforge-b6697494-9thcp/1/1 cloudforge-b6697494-jmj49/1/1 
18:32:34 PODS: cloudforge-b6697494-9thcp/1/1 cloudforge-b6697494-jmj49/1/1 
18:32:37 PODS: cloudforge-b6697494-9thcp/1/1 cloudforge-b6697494-jmj49/1/1 
18:32:39 PODS: cloudforge-b6697494-9thcp/1/1 cloudforge-b6697494-jmj49/1/1 
18:32:41 PODS: cloudforge-b6697494-9thcp/1/1 cloudforge-b6697494-jmj49/1/1 
18:32:43 PODS: cloudforge-b6697494-9thcp/1/1 cloudforge-b6697494-jmj49/1/1 
18:32:46 PODS: cloudforge-b6697494-9thcp/1/1 cloudforge-b6697494-jmj49/1/1 
18:32:48 PODS: cloudforge-b6697494-9thcp/1/1 cloudforge-b6697494-jmj49/1/1 
18:32:50 PODS: cloudforge-b6697494-9thcp/1/1 cloudforge-b6697494-jmj49/1/1 
18:32:52 PODS: cloudforge-b6697494-9thcp/1/1 cloudforge-b6697494-jmj49/1/1 
18:32:54 PODS: cloudforge-b6697494-9thcp/1/1 cloudforge-b6697494-jmj49/1/1 
18:32:57 PODS: cloudforge-b6697494-9thcp/1/1 cloudforge-b6697494-jmj49/1/1 
18:32:59 PODS: cloudforge-b6697494-9thcp/1/1 cloudforge-b6697494-jmj49/1/1 
18:33:01 PODS: cloudforge-b6697494-9thcp/1/1 cloudforge-b6697494-jmj49/1/1 
18:33:03 PODS: cloudforge-b6697494-9thcp/1/1 cloudforge-b6697494-jmj49/1/1 
18:33:06 PODS: cloudforge-b6697494-9thcp/1/1 cloudforge-b6697494-jmj49/1/1 
18:33:08 PODS: cloudforge-b6697494-9thcp/1/1 cloudforge-b6697494-jmj49/1/1 
18:33:10 PODS: cloudforge-b6697494-9thcp/1/1 cloudforge-b6697494-jmj49/1/1 
18:33:12 PODS: cloudforge-b6697494-9thcp/1/1 cloudforge-b6697494-jmj49/1/1 
18:33:14 PODS: cloudforge-b6697494-9thcp/1/1 cloudforge-b6697494-jmj49/1/1 
18:33:17 PODS: cloudforge-b6697494-9thcp/1/1 cloudforge-b6697494-jmj49/1/1 
18:33:19 PODS: cloudforge-b6697494-9thcp/1/1 cloudforge-b6697494-jmj49/1/1 
18:33:21 PODS: cloudforge-b6697494-9thcp/1/1 cloudforge-b6697494-jmj49/1/1 
18:33:23 PODS: cloudforge-b6697494-9thcp/1/1 cloudforge-b6697494-jmj49/1/1 
18:33:26 PODS: cloudforge-b6697494-9thcp/1/1 cloudforge-b6697494-jmj49/1/1 
18:33:28 PODS: cloudforge-b6697494-9thcp/1/1 cloudforge-b6697494-jmj49/1/1 
18:33:30 PODS: cloudforge-b6697494-9thcp/1/1 cloudforge-b6697494-jmj49/1/1 
18:33:32 PODS: cloudforge-b6697494-9thcp/1/1 cloudforge-b6697494-jmj49/1/1 
18:33:34 PODS: cloudforge-b6697494-9thcp/1/1 cloudforge-b6697494-jmj49/1/1 
18:33:37 PODS: cloudforge-b6697494-9thcp/1/1 cloudforge-b6697494-jmj49/1/1 
18:33:39 PODS: cloudforge-b6697494-9thcp/1/1 cloudforge-b6697494-jmj49/1/1 
18:33:41 PODS: cloudforge-b6697494-9thcp/1/1 cloudforge-b6697494-jmj49/1/1 
18:33:43 PODS: cloudforge-b6697494-9thcp/1/1 cloudforge-b6697494-jmj49/1/1 
18:33:46 PODS: cloudforge-b6697494-9thcp/1/1 cloudforge-b6697494-jmj49/1/1 
18:33:48 PODS: cloudforge-b6697494-9thcp/1/1 cloudforge-b6697494-jmj49/1/1 
18:33:50 PODS: cloudforge-b6697494-9thcp/1/1 cloudforge-b6697494-jmj49/1/1 
18:33:53 PODS: cloudforge-b6697494-9thcp/1/1 cloudforge-b6697494-jmj49/1/1 
18:33:55 PODS: cloudforge-b6697494-9thcp/1/1 cloudforge-b6697494-jmj49/1/1 
18:33:57 PODS: cloudforge-b6697494-9thcp/1/1 cloudforge-b6697494-jmj49/1/1 
18:34:00 PODS: cloudforge-b6697494-9thcp/1/1 cloudforge-b6697494-jmj49/1/1 
18:34:02 PODS: cloudforge-b6697494-9thcp/1/1 cloudforge-b6697494-jmj49/1/1 
18:34:04 PODS: cloudforge-b6697494-9thcp/1/1 cloudforge-b6697494-jmj49/1/1 
18:34:06 PODS: cloudforge-b6697494-9thcp/1/1 cloudforge-b6697494-jmj49/1/1 
18:34:09 PODS: cloudforge-b6697494-9thcp/1/1 cloudforge-b6697494-jmj49/1/1 
18:34:11 PODS: cloudforge-b6697494-9thcp/1/1 cloudforge-b6697494-jmj49/1/1 
18:34:13 PODS: cloudforge-b6697494-9thcp/1/1 cloudforge-b6697494-jmj49/1/1 
18:34:16 PODS: cloudforge-b6697494-9thcp/1/1 cloudforge-b6697494-jmj49/1/1 
18:34:18 PODS: cloudforge-b6697494-9thcp/1/1 cloudforge-b6697494-jmj49/1/1 
18:34:21 PODS: cloudforge-b6697494-9thcp/1/1 cloudforge-b6697494-jmj49/1/1 
18:34:23 PODS: cloudforge-b6697494-9thcp/1/1 cloudforge-b6697494-jmj49/1/1 
18:34:25 PODS: cloudforge-b6697494-9thcp/1/1 cloudforge-b6697494-jmj49/1/1 
18:34:28 PODS: cloudforge-b6697494-9thcp/1/1 cloudforge-b6697494-jmj49/1/1 
18:34:30 PODS: cloudforge-b6697494-9thcp/1/1 cloudforge-b6697494-jmj49/1/1 
18:34:32 PODS: cloudforge-b6697494-9thcp/1/1 cloudforge-b6697494-jmj49/1/1 
18:34:34 PODS: cloudforge-b6697494-9thcp/1/1 cloudforge-b6697494-jmj49/1/1 
18:34:36 PODS: cloudforge-b6697494-9thcp/1/1 cloudforge-b6697494-jmj49/1/1 
18:34:39 PODS: cloudforge-b6697494-9thcp/1/1 cloudforge-b6697494-jmj49/1/1 
18:34:41 PODS: cloudforge-b6697494-9thcp/1/1 cloudforge-b6697494-jmj49/1/1 
18:34:43 PODS: cloudforge-b6697494-9thcp/1/1 cloudforge-b6697494-jmj49/1/1 
18:34:46 PODS: cloudforge-b6697494-9thcp/1/1 cloudforge-b6697494-jmj49/1/1 
18:34:48 PODS: cloudforge-b6697494-9thcp/1/1 cloudforge-b6697494-jmj49/1/1 
18:34:50 PODS: cloudforge-b6697494-9thcp/1/1 cloudforge-b6697494-jmj49/1/1 
18:34:52 PODS: cloudforge-b6697494-9thcp/1/1 cloudforge-b6697494-jmj49/1/1 
18:34:54 PODS: cloudforge-b6697494-9thcp/1/1 cloudforge-b6697494-jmj49/1/1 
18:34:57 PODS: cloudforge-b6697494-9thcp/1/1 cloudforge-b6697494-jmj49/1/1 
18:34:59 PODS: cloudforge-b6697494-9thcp/1/1 cloudforge-b6697494-jmj49/1/1 
18:35:02 PODS: cloudforge-b6697494-9thcp/1/1 cloudforge-b6697494-jmj49/1/1 
18:35:04 PODS: cloudforge-b6697494-9thcp/1/1 cloudforge-b6697494-jmj49/1/1 
18:35:06 PODS: cloudforge-b6697494-9thcp/1/1 cloudforge-b6697494-jmj49/1/1 
18:35:09 PODS: cloudforge-b6697494-9thcp/1/1 cloudforge-b6697494-jmj49/1/1 
18:35:12 PODS: cloudforge-b6697494-9thcp/1/1 cloudforge-b6697494-jmj49/1/1 
18:35:14 PODS: cloudforge-b6697494-9thcp/1/1 cloudforge-b6697494-jmj49/1/1 
18:35:16 PODS: cloudforge-b6697494-9thcp/1/1 cloudforge-b6697494-jmj49/1/1 
18:35:18 PODS: cloudforge-b6697494-9thcp/1/1 cloudforge-b6697494-jmj49/1/1 
18:35:21 PODS: cloudforge-b6697494-9thcp/1/1 cloudforge-b6697494-jmj49/1/1 
18:35:23 PODS: cloudforge-b6697494-9thcp/1/1 cloudforge-b6697494-jmj49/1/1 
18:35:25 PODS: cloudforge-b6697494-9thcp/1/1 cloudforge-b6697494-jmj49/1/1 
18:35:27 PODS: cloudforge-b6697494-9thcp/1/1 cloudforge-b6697494-jmj49/1/1 
18:35:30 PODS: cloudforge-b6697494-9thcp/1/1 cloudforge-b6697494-jmj49/1/1 
18:35:32 PODS: cloudforge-b6697494-9thcp/1/1 cloudforge-b6697494-jmj49/1/1 
18:35:34 PODS: cloudforge-b6697494-9thcp/1/1 cloudforge-b6697494-jmj49/1/1 
18:35:36 PODS: cloudforge-b6697494-9thcp/1/1 cloudforge-b6697494-jmj49/1/1 
18:35:38 PODS: cloudforge-b6697494-9thcp/1/1 cloudforge-b6697494-jmj49/1/1 
18:35:41 PODS: cloudforge-b6697494-9thcp/1/1 cloudforge-b6697494-jmj49/1/1 
18:35:43 PODS: cloudforge-b6697494-9thcp/1/1 cloudforge-b6697494-jmj49/1/1 
18:35:45 PODS: cloudforge-b6697494-9thcp/1/1 cloudforge-b6697494-jmj49/1/1 
18:35:47 PODS: cloudforge-b6697494-9thcp/1/1 cloudforge-b6697494-jmj49/1/1 
18:35:50 PODS: cloudforge-b6697494-9thcp/1/1 cloudforge-b6697494-jmj49/1/1 
18:35:52 PODS: cloudforge-b6697494-9thcp/1/1 cloudforge-b6697494-jmj49/1/1 
18:35:54 PODS: cloudforge-b6697494-9thcp/1/1 cloudforge-b6697494-jmj49/1/1 
18:35:56 PODS: cloudforge-b6697494-9thcp/1/1 cloudforge-b6697494-jmj49/1/1 
18:35:58 PODS: cloudforge-b6697494-9thcp/1/1 cloudforge-b6697494-jmj49/1/1 
18:36:01 PODS: cloudforge-b6697494-9thcp/1/1 cloudforge-b6697494-jmj49/1/1 
18:36:03 PODS: cloudforge-b6697494-9thcp/1/1 cloudforge-b6697494-jmj49/1/1 
18:36:05 PODS: cloudforge-b6697494-9thcp/1/1 cloudforge-b6697494-jmj49/1/1 
18:36:07 PODS: cloudforge-b6697494-9thcp/1/1 cloudforge-b6697494-jmj49/1/1 
18:36:10 PODS: cloudforge-b6697494-9thcp/1/1 cloudforge-b6697494-jmj49/1/1 
18:36:13 PODS: cloudforge-b6697494-9thcp/1/1 cloudforge-b6697494-jmj49/1/1 
18:36:15 PODS: cloudforge-b6697494-9thcp/1/1 cloudforge-b6697494-jmj49/1/1 
18:36:17 PODS: cloudforge-b6697494-9thcp/1/1 cloudforge-b6697494-jmj49/1/1 
18:36:19 PODS: cloudforge-b6697494-9thcp/1/1 cloudforge-b6697494-jmj49/1/1 
18:36:22 PODS: cloudforge-b6697494-9thcp/1/1 cloudforge-b6697494-jmj49/1/1 
18:36:24 PODS: cloudforge-b6697494-9thcp/1/1 cloudforge-b6697494-jmj49/1/1 
18:36:26 PODS: cloudforge-b6697494-9thcp/1/1 cloudforge-b6697494-jmj49/1/1 
18:36:28 PODS: cloudforge-b6697494-9thcp/1/1 cloudforge-b6697494-jmj49/1/1 
18:36:31 PODS: cloudforge-b6697494-9thcp/1/1 cloudforge-b6697494-jmj49/1/1 
18:36:34 PODS: cloudforge-b6697494-9thcp/1/1 cloudforge-b6697494-jmj49/1/1 
18:36:36 PODS: cloudforge-b6697494-9thcp/1/1 cloudforge-b6697494-jmj49/1/1 
18:36:38 PODS: cloudforge-b6697494-9thcp/1/1 cloudforge-b6697494-jmj49/1/1 
18:36:40 PODS: cloudforge-b6697494-9thcp/1/1 cloudforge-b6697494-jmj49/1/1 
18:36:42 PODS: cloudforge-b6697494-9thcp/1/1 cloudforge-b6697494-jmj49/1/1 
18:36:45 PODS: cloudforge-b6697494-9thcp/1/1 cloudforge-b6697494-jmj49/1/1 
18:36:47 PODS: cloudforge-b6697494-9thcp/1/1 cloudforge-b6697494-jmj49/1/1 
18:36:49 PODS: cloudforge-b6697494-9thcp/1/1 cloudforge-b6697494-jmj49/1/1 
18:36:52 PODS: cloudforge-b6697494-9thcp/1/1 cloudforge-b6697494-jmj49/1/1 
18:36:54 PODS: cloudforge-b6697494-9thcp/1/1 cloudforge-b6697494-jmj49/1/1 
18:36:56 PODS: cloudforge-b6697494-9thcp/1/1 cloudforge-b6697494-jmj49/1/1 
18:36:58 PODS: cloudforge-b6697494-9thcp/1/1 cloudforge-b6697494-jmj49/1/1 
18:37:00 PODS: cloudforge-b6697494-9thcp/1/1 cloudforge-b6697494-jmj49/1/1 
18:37:03 PODS: cloudforge-b6697494-9thcp/1/1 cloudforge-b6697494-jmj49/1/1 
18:37:05 PODS: cloudforge-b6697494-9thcp/1/1 cloudforge-b6697494-jmj49/1/1 
18:37:07 PODS: cloudforge-b6697494-9thcp/1/1 cloudforge-b6697494-jmj49/1/1 
18:37:09 PODS: cloudforge-b6697494-9thcp/1/1 cloudforge-b6697494-jmj49/1/1 
18:37:12 PODS: cloudforge-b6697494-9thcp/1/1 cloudforge-b6697494-jmj49/1/1 
18:37:14 PODS: cloudforge-b6697494-9thcp/1/1 cloudforge-b6697494-jmj49/1/1 
18:37:16 PODS: cloudforge-b6697494-9thcp/1/1 cloudforge-b6697494-jmj49/1/1 
18:37:18 PODS: cloudforge-b6697494-9thcp/1/1 cloudforge-b6697494-jmj49/1/1 
18:37:20 PODS: cloudforge-b6697494-9thcp/1/1 cloudforge-b6697494-jmj49/1/1 
18:37:23 PODS: cloudforge-b6697494-9thcp/1/1 cloudforge-b6697494-jmj49/1/1 
18:37:25 PODS: cloudforge-b6697494-9thcp/1/1 cloudforge-b6697494-jmj49/1/1 
18:37:27 PODS: cloudforge-b6697494-9thcp/1/1 cloudforge-b6697494-jmj49/1/1 
18:37:29 PODS: cloudforge-b6697494-9thcp/1/1 cloudforge-b6697494-jmj49/1/1 
18:37:31 PODS: cloudforge-b6697494-9thcp/1/1 cloudforge-b6697494-jmj49/1/1 
18:37:34 PODS: cloudforge-b6697494-9thcp/1/1 cloudforge-b6697494-jmj49/1/1 
18:37:36 PODS: cloudforge-b6697494-9thcp/1/1 cloudforge-b6697494-jmj49/1/1 
18:37:38 PODS: cloudforge-b6697494-9thcp/1/1 cloudforge-b6697494-jmj49/1/1 
18:37:40 PODS: cloudforge-b6697494-9thcp/1/1 cloudforge-b6697494-jmj49/1/1 
18:37:43 PODS: cloudforge-b6697494-9thcp/1/1 cloudforge-b6697494-jmj49/1/1 
18:37:45 PODS: cloudforge-b6697494-9thcp/1/1 cloudforge-b6697494-jmj49/1/1 
18:37:47 PODS: cloudforge-b6697494-9thcp/1/1 cloudforge-b6697494-jmj49/1/1 
18:37:49 PODS: cloudforge-b6697494-9thcp/1/1 cloudforge-b6697494-jmj49/1/1 
18:37:51 PODS: cloudforge-b6697494-9thcp/1/1 cloudforge-b6697494-jmj49/1/1 
18:37:54 PODS: cloudforge-b6697494-9thcp/1/1 cloudforge-b6697494-jmj49/1/1 
18:37:56 PODS: cloudforge-b6697494-9thcp/1/1 cloudforge-b6697494-jmj49/1/1 
18:37:58 PODS: cloudforge-b6697494-9thcp/1/1 cloudforge-b6697494-jmj49/1/1 
18:38:00 PODS: cloudforge-b6697494-9thcp/1/1 cloudforge-b6697494-jmj49/1/1 
18:38:02 PODS: cloudforge-b6697494-9thcp/1/1 cloudforge-b6697494-jmj49/1/1 
18:38:05 PODS: cloudforge-b6697494-9thcp/1/1 cloudforge-b6697494-jmj49/1/1 
18:38:07 PODS: cloudforge-b6697494-9thcp/1/1 cloudforge-b6697494-jmj49/1/1 
18:38:09 PODS: cloudforge-b6697494-9thcp/1/1 cloudforge-b6697494-jmj49/1/1 
18:38:11 PODS: cloudforge-b6697494-9thcp/1/1 cloudforge-b6697494-jmj49/1/1 
18:38:14 PODS: cloudforge-b6697494-9thcp/1/1 cloudforge-b6697494-jmj49/1/1 
18:38:16 PODS: cloudforge-b6697494-9thcp/1/1 cloudforge-b6697494-jmj49/1/1 
18:38:18 PODS: cloudforge-b6697494-9thcp/1/1 cloudforge-b6697494-jmj49/1/1 
18:38:20 PODS: cloudforge-b6697494-9thcp/1/1 cloudforge-b6697494-jmj49/1/1 
18:38:22 PODS: cloudforge-b6697494-9thcp/1/1 cloudforge-b6697494-jmj49/1/1 
18:38:25 PODS: cloudforge-b6697494-9thcp/1/1 cloudforge-b6697494-jmj49/1/1 
18:38:27 PODS: cloudforge-b6697494-9thcp/1/1 cloudforge-b6697494-jmj49/1/1 
18:38:29 PODS: cloudforge-b6697494-9thcp/1/1 cloudforge-b6697494-jmj49/1/1 
18:38:31 PODS: cloudforge-b6697494-9thcp/1/1 cloudforge-b6697494-jmj49/1/1 
18:38:33 PODS: cloudforge-b6697494-9thcp/1/1 cloudforge-b6697494-jmj49/1/1 
18:38:36 PODS: cloudforge-b6697494-9thcp/1/1 cloudforge-b6697494-jmj49/1/1 
18:38:38 PODS: cloudforge-b6697494-9thcp/1/1 cloudforge-b6697494-jmj49/1/1 
18:38:40 PODS: cloudforge-b6697494-9thcp/1/1 cloudforge-b6697494-jmj49/1/1 
18:38:42 PODS: cloudforge-b6697494-9thcp/1/1 cloudforge-b6697494-jmj49/1/1 
18:38:45 PODS: cloudforge-b6697494-9thcp/1/1 cloudforge-b6697494-jmj49/1/1 
18:38:47 PODS: cloudforge-b6697494-9thcp/1/1 cloudforge-b6697494-jmj49/1/1 
18:38:49 PODS: cloudforge-b6697494-9thcp/1/1 cloudforge-b6697494-jmj49/1/1 
18:38:51 PODS: cloudforge-b6697494-9thcp/1/1 cloudforge-b6697494-jmj49/1/1 
18:38:54 PODS: cloudforge-b6697494-9thcp/1/1 cloudforge-b6697494-jmj49/1/1 
18:38:56 PODS: cloudforge-b6697494-9thcp/1/1 cloudforge-b6697494-jmj49/1/1 
18:38:58 PODS: cloudforge-b6697494-9thcp/1/1 cloudforge-b6697494-jmj49/1/1 
18:39:00 PODS: cloudforge-b6697494-9thcp/1/1 cloudforge-b6697494-jmj49/1/1 
18:39:02 PODS: cloudforge-b6697494-9thcp/1/1 cloudforge-b6697494-jmj49/1/1 
18:39:05 PODS: cloudforge-b6697494-9thcp/1/1 cloudforge-b6697494-jmj49/1/1 
18:39:07 PODS: cloudforge-b6697494-9thcp/1/1 cloudforge-b6697494-jmj49/1/1 
18:39:09 PODS: cloudforge-b6697494-9thcp/1/1 cloudforge-b6697494-jmj49/1/1 
18:39:11 PODS: cloudforge-b6697494-9thcp/1/1 cloudforge-b6697494-jmj49/1/1 
18:39:13 PODS: cloudforge-b6697494-9thcp/1/1 cloudforge-b6697494-jmj49/1/1 
18:39:16 PODS: cloudforge-b6697494-9thcp/1/1 cloudforge-b6697494-jmj49/1/1 
18:39:18 PODS: cloudforge-b6697494-9thcp/1/1 cloudforge-b6697494-jmj49/1/1 
18:39:20 PODS: cloudforge-b6697494-9thcp/1/1 cloudforge-b6697494-jmj49/1/1 
18:39:22 PODS: cloudforge-b6697494-9thcp/1/1 cloudforge-b6697494-jmj49/1/1 
18:39:24 PODS: cloudforge-b6697494-9thcp/1/1 cloudforge-b6697494-jmj49/1/1 
18:39:27 PODS: cloudforge-b6697494-9thcp/1/1 cloudforge-b6697494-jmj49/1/1 
18:39:29 PODS: cloudforge-b6697494-9thcp/1/1 cloudforge-b6697494-jmj49/1/1 
18:39:31 PODS: cloudforge-b6697494-9thcp/1/1 cloudforge-b6697494-jmj49/1/1 
18:39:33 PODS: cloudforge-b6697494-9thcp/1/1 cloudforge-b6697494-jmj49/1/1 
18:39:35 PODS: cloudforge-b6697494-9thcp/1/1 cloudforge-b6697494-jmj49/1/1 
18:39:38 PODS: cloudforge-b6697494-9thcp/1/1 cloudforge-b6697494-jmj49/1/1 
18:39:40 PODS: cloudforge-b6697494-9thcp/1/1 cloudforge-b6697494-jmj49/1/1 
18:39:42 PODS: cloudforge-b6697494-9thcp/1/1 cloudforge-b6697494-jmj49/1/1 
18:39:44 PODS: cloudforge-b6697494-9thcp/1/1 cloudforge-b6697494-jmj49/1/1 
18:39:47 PODS: cloudforge-b6697494-9thcp/1/1 cloudforge-b6697494-jmj49/1/1 
18:39:49 PODS: cloudforge-b6697494-9thcp/1/1 cloudforge-b6697494-jmj49/1/1 
18:39:51 PODS: cloudforge-b6697494-9thcp/1/1 cloudforge-b6697494-jmj49/1/1 
18:39:53 PODS: cloudforge-b6697494-9thcp/1/1 cloudforge-b6697494-jmj49/1/1 
18:39:55 PODS: cloudforge-b6697494-9thcp/1/1 cloudforge-b6697494-jmj49/1/1 
18:39:58 PODS: cloudforge-b6697494-9thcp/1/1 cloudforge-b6697494-jmj49/1/1 
18:40:00 PODS: cloudforge-b6697494-9thcp/1/1 cloudforge-b6697494-jmj49/1/1 
18:40:02 PODS: cloudforge-b6697494-9thcp/1/1 cloudforge-b6697494-jmj49/1/1 
18:40:04 PODS: cloudforge-b6697494-9thcp/1/1 cloudforge-b6697494-jmj49/1/1 
18:40:06 PODS: cloudforge-b6697494-9thcp/1/1 cloudforge-b6697494-jmj49/1/1 
18:40:09 PODS: cloudforge-b6697494-9thcp/1/1 cloudforge-b6697494-jmj49/1/1 
18:40:11 PODS: cloudforge-b6697494-9thcp/1/1 cloudforge-b6697494-jmj49/1/1 
18:40:13 PODS: cloudforge-b6697494-9thcp/1/1 cloudforge-b6697494-jmj49/1/1 
18:40:16 PODS: cloudforge-b6697494-9thcp/1/1 cloudforge-b6697494-jmj49/1/1 
18:40:18 PODS: cloudforge-b6697494-9thcp/1/1 cloudforge-b6697494-jmj49/1/1 
18:40:20 PODS: cloudforge-b6697494-9thcp/1/1 cloudforge-b6697494-jmj49/1/1 
18:40:22 PODS: cloudforge-b6697494-9thcp/1/1 cloudforge-b6697494-jmj49/1/1 
18:40:24 PODS: cloudforge-b6697494-9thcp/1/1 cloudforge-b6697494-jmj49/1/1 
18:40:27 PODS: cloudforge-b6697494-9thcp/1/1 cloudforge-b6697494-jmj49/1/1 
18:40:29 PODS: cloudforge-b6697494-9thcp/1/1 cloudforge-b6697494-jmj49/1/1 
18:40:31 PODS: cloudforge-b6697494-9thcp/1/1 cloudforge-b6697494-jmj49/1/1 
18:40:33 PODS: cloudforge-b6697494-9thcp/1/1 cloudforge-b6697494-jmj49/1/1 
18:40:35 PODS: cloudforge-b6697494-9thcp/1/1 cloudforge-b6697494-jmj49/1/1 
18:40:38 PODS: cloudforge-b6697494-9thcp/1/1 cloudforge-b6697494-jmj49/1/1 
18:40:40 PODS: cloudforge-b6697494-9thcp/1/1 cloudforge-b6697494-jmj49/1/1 
18:40:42 PODS: cloudforge-b6697494-9thcp/1/1 cloudforge-b6697494-jmj49/1/1 
18:40:44 PODS: cloudforge-b6697494-9thcp/1/1 cloudforge-b6697494-jmj49/1/1 
18:40:47 PODS: cloudforge-b6697494-9thcp/1/1 cloudforge-b6697494-jmj49/1/1 
18:40:49 PODS: cloudforge-b6697494-9thcp/1/1 cloudforge-b6697494-jmj49/1/1 
18:40:51 PODS: cloudforge-b6697494-9thcp/1/1 cloudforge-b6697494-jmj49/1/1 
18:40:53 PODS: cloudforge-b6697494-9thcp/1/1 cloudforge-b6697494-jmj49/1/1 
18:40:56 PODS: cloudforge-b6697494-9thcp/1/1 cloudforge-b6697494-jmj49/1/1 
18:40:58 PODS: cloudforge-b6697494-9thcp/1/1 cloudforge-b6697494-jmj49/1/1 
18:41:01 PODS: cloudforge-b6697494-9thcp/1/1 cloudforge-b6697494-jmj49/1/1 
18:41:03 PODS: cloudforge-b6697494-9thcp/1/1 cloudforge-b6697494-jmj49/1/1 
18:41:05 PODS: cloudforge-b6697494-9thcp/1/1 cloudforge-b6697494-jmj49/1/1 
18:41:07 PODS: cloudforge-b6697494-9thcp/1/1 cloudforge-b6697494-jmj49/1/1 
18:41:10 PODS: cloudforge-b6697494-9thcp/1/1 cloudforge-b6697494-jmj49/1/1 
18:41:12 PODS: cloudforge-b6697494-9thcp/1/1 cloudforge-b6697494-jmj49/1/1 
18:41:14 PODS: cloudforge-b6697494-9thcp/1/1 cloudforge-b6697494-jmj49/1/1 
18:41:16 PODS: cloudforge-b6697494-9thcp/1/1 cloudforge-b6697494-jmj49/1/1 
18:41:18 PODS: cloudforge-b6697494-9thcp/1/1 cloudforge-b6697494-jmj49/1/1 
18:41:21 PODS: cloudforge-b6697494-9thcp/1/1 cloudforge-b6697494-jmj49/1/1 
18:41:23 PODS: cloudforge-b6697494-9thcp/1/1 cloudforge-b6697494-jmj49/1/1 
18:41:25 PODS: cloudforge-b6697494-9thcp/1/1 cloudforge-b6697494-jmj49/1/1 
18:41:28 PODS: cloudforge-b6697494-9thcp/1/1 cloudforge-b6697494-jmj49/1/1 
18:41:30 PODS: cloudforge-b6697494-9thcp/1/1 cloudforge-b6697494-jmj49/1/1 
18:41:32 PODS: cloudforge-b6697494-9thcp/1/1 cloudforge-b6697494-jmj49/1/1 
18:41:34 PODS: cloudforge-b6697494-9thcp/1/1 cloudforge-b6697494-jmj49/1/1 
18:41:36 PODS: cloudforge-b6697494-9thcp/1/1 cloudforge-b6697494-jmj49/1/1 
18:41:39 PODS: cloudforge-b6697494-9thcp/1/1 cloudforge-b6697494-jmj49/1/1 
18:41:41 PODS: cloudforge-b6697494-9thcp/1/1 cloudforge-b6697494-jmj49/1/1 
18:41:43 PODS: cloudforge-b6697494-9thcp/1/1 cloudforge-b6697494-jmj49/1/1 
18:41:46 PODS: cloudforge-b6697494-9thcp/1/1 cloudforge-b6697494-jmj49/1/1 
18:41:48 PODS: cloudforge-b6697494-9thcp/1/1 cloudforge-b6697494-jmj49/1/1 
18:41:50 PODS: cloudforge-b6697494-9thcp/1/1 cloudforge-b6697494-jmj49/1/1 
18:41:52 PODS: cloudforge-b6697494-9thcp/1/1 cloudforge-b6697494-jmj49/1/1 
18:41:54 PODS: cloudforge-b6697494-9thcp/1/1 cloudforge-b6697494-jmj49/1/1 
18:41:57 PODS: cloudforge-b6697494-9thcp/1/1 cloudforge-b6697494-jmj49/1/1 
18:41:59 PODS: cloudforge-b6697494-9thcp/1/1 cloudforge-b6697494-jmj49/1/1 
18:42:02 PODS: cloudforge-b6697494-9thcp/1/1 cloudforge-b6697494-jmj49/1/1 
18:42:04 PODS: cloudforge-b6697494-9thcp/1/1 cloudforge-b6697494-jmj49/1/1 
18:42:06 PODS: cloudforge-b6697494-9thcp/1/1 cloudforge-b6697494-jmj49/1/1 
18:42:08 PODS: cloudforge-b6697494-9thcp/1/1 cloudforge-b6697494-jmj49/1/1 
18:42:11 PODS: cloudforge-b6697494-9thcp/1/1 cloudforge-b6697494-jmj49/1/1 
18:42:13 PODS: cloudforge-b6697494-9thcp/1/1 cloudforge-b6697494-jmj49/1/1 
18:42:16 PODS: cloudforge-b6697494-9thcp/1/1 cloudforge-b6697494-jmj49/1/1 
18:42:18 PODS: cloudforge-b6697494-9thcp/1/1 cloudforge-b6697494-jmj49/1/1 
18:42:20 PODS: cloudforge-b6697494-9thcp/1/1 cloudforge-b6697494-jmj49/1/1 
18:42:22 PODS: cloudforge-b6697494-9thcp/1/1 cloudforge-b6697494-jmj49/1/1 
18:42:24 PODS: cloudforge-b6697494-9thcp/1/1 cloudforge-b6697494-jmj49/1/1 
18:42:26 PODS: cloudforge-b6697494-9thcp/1/1 cloudforge-b6697494-jmj49/1/1 
18:42:29 PODS: cloudforge-b6697494-9thcp/1/1 cloudforge-b6697494-jmj49/1/1 
18:42:31 PODS: cloudforge-b6697494-9thcp/1/1 cloudforge-b6697494-jmj49/1/1 
18:42:33 PODS: cloudforge-b6697494-9thcp/1/1 cloudforge-b6697494-jmj49/1/1 
18:42:35 PODS: cloudforge-b6697494-9thcp/1/1 cloudforge-b6697494-jmj49/1/1 
18:42:38 PODS: cloudforge-b6697494-9thcp/1/1 cloudforge-b6697494-jmj49/1/1 
18:42:40 PODS: cloudforge-b6697494-9thcp/1/1 cloudforge-b6697494-jmj49/1/1 
18:42:42 PODS: cloudforge-b6697494-9thcp/1/1 cloudforge-b6697494-jmj49/1/1 
18:42:44 PODS: cloudforge-b6697494-9thcp/1/1 cloudforge-b6697494-jmj49/1/1 
18:42:47 PODS: cloudforge-b6697494-9thcp/1/1 cloudforge-b6697494-jmj49/1/1 
18:42:49 PODS: cloudforge-b6697494-9thcp/1/1 cloudforge-b6697494-jmj49/1/1 
18:42:52 PODS: cloudforge-b6697494-9thcp/1/1 cloudforge-b6697494-jmj49/1/1 
18:42:54 PODS: cloudforge-b6697494-9thcp/1/1 cloudforge-b6697494-jmj49/1/1 
18:42:56 PODS: cloudforge-b6697494-9thcp/1/1 cloudforge-b6697494-jmj49/1/1 
18:42:59 PODS: cloudforge-b6697494-9thcp/1/1 cloudforge-b6697494-jmj49/1/1 
18:43:01 PODS: cloudforge-b6697494-9thcp/1/1 cloudforge-b6697494-jmj49/1/1 
18:43:03 PODS: cloudforge-b6697494-9thcp/1/1 cloudforge-b6697494-jmj49/1/1 
18:43:06 PODS: cloudforge-b6697494-9thcp/1/1 cloudforge-b6697494-jmj49/1/1 
18:43:08 PODS: cloudforge-b6697494-9thcp/1/1 cloudforge-b6697494-jmj49/1/1 
18:43:11 PODS: cloudforge-b6697494-9thcp/1/1 cloudforge-b6697494-jmj49/1/1 
18:43:13 PODS: cloudforge-b6697494-9thcp/1/1 cloudforge-b6697494-jmj49/1/1 
18:43:15 PODS: cloudforge-b6697494-9thcp/1/1 cloudforge-b6697494-jmj49/1/1 
18:43:17 PODS: cloudforge-b6697494-9thcp/1/1 cloudforge-b6697494-jmj49/1/1 
18:43:20 PODS: cloudforge-b6697494-9thcp/1/1 cloudforge-b6697494-jmj49/1/1 
18:43:22 PODS: cloudforge-b6697494-9thcp/1/1 cloudforge-b6697494-jmj49/1/1 
18:43:24 PODS: cloudforge-b6697494-9thcp/1/1 cloudforge-b6697494-jmj49/1/1 
18:43:26 PODS: cloudforge-b6697494-9thcp/1/1 cloudforge-b6697494-jmj49/1/1 
18:43:28 PODS: cloudforge-b6697494-9thcp/1/1 cloudforge-b6697494-jmj49/1/1 
18:43:31 PODS: cloudforge-b6697494-9thcp/1/1 cloudforge-b6697494-jmj49/1/1 
18:43:33 PODS: cloudforge-b6697494-9thcp/1/1 cloudforge-b6697494-jmj49/1/1 
18:43:35 PODS: cloudforge-b6697494-9thcp/1/1 cloudforge-b6697494-jmj49/1/1 
18:43:37 PODS: cloudforge-b6697494-9thcp/1/1 cloudforge-b6697494-jmj49/1/1 
18:43:39 PODS: cloudforge-b6697494-9thcp/1/1 cloudforge-b6697494-jmj49/1/1 
18:43:42 PODS: cloudforge-b6697494-9thcp/1/1 cloudforge-b6697494-jmj49/1/1 
18:43:44 PODS: cloudforge-b6697494-9thcp/1/1 cloudforge-b6697494-jmj49/1/1 
18:43:46 PODS: cloudforge-b6697494-9thcp/1/1 cloudforge-b6697494-jmj49/1/1 
18:43:48 PODS: cloudforge-b6697494-9thcp/1/1 cloudforge-b6697494-jmj49/1/1 
18:43:50 PODS: cloudforge-b6697494-9thcp/1/1 cloudforge-b6697494-jmj49/1/1 
18:43:53 PODS: cloudforge-b6697494-9thcp/1/1 cloudforge-b6697494-jmj49/1/1 
18:43:55 PODS: cloudforge-b6697494-9thcp/1/1 cloudforge-b6697494-jmj49/1/1 
18:43:57 PODS: cloudforge-b6697494-9thcp/1/1 cloudforge-b6697494-jmj49/1/1 
18:44:00 PODS: cloudforge-b6697494-9thcp/1/1 cloudforge-b6697494-jmj49/1/1 
18:44:02 PODS: cloudforge-b6697494-9thcp/1/1 cloudforge-b6697494-jmj49/1/1 
18:44:04 PODS: cloudforge-b6697494-9thcp/1/1 cloudforge-b6697494-jmj49/1/1 
18:44:06 PODS: cloudforge-b6697494-9thcp/1/1 cloudforge-b6697494-jmj49/1/1 
18:44:09 PODS: cloudforge-b6697494-9thcp/1/1 cloudforge-b6697494-jmj49/1/1 
18:44:11 PODS: cloudforge-b6697494-9thcp/1/1 cloudforge-b6697494-jmj49/1/1 
18:44:13 PODS: cloudforge-b6697494-9thcp/1/1 cloudforge-b6697494-jmj49/1/1 
18:44:15 PODS: cloudforge-b6697494-9thcp/1/1 cloudforge-b6697494-jmj49/1/1 
18:44:18 PODS: cloudforge-b6697494-9thcp/1/1 cloudforge-b6697494-jmj49/1/1 
18:44:21 PODS: cloudforge-b6697494-9thcp/1/1 cloudforge-b6697494-jmj49/1/1 
18:44:23 PODS: cloudforge-b6697494-9thcp/1/1 cloudforge-b6697494-jmj49/1/1 
18:44:25 PODS: cloudforge-b6697494-9thcp/1/1 cloudforge-b6697494-jmj49/1/1 
18:44:27 PODS: cloudforge-b6697494-9thcp/1/1 cloudforge-b6697494-jmj49/1/1 
18:44:29 PODS: cloudforge-b6697494-9thcp/1/1 cloudforge-b6697494-jmj49/1/1 
18:44:32 PODS: cloudforge-b6697494-9thcp/1/1 cloudforge-b6697494-jmj49/1/1 
18:44:34 PODS: cloudforge-b6697494-9thcp/1/1 cloudforge-b6697494-jmj49/1/1 
18:44:36 PODS: cloudforge-b6697494-9thcp/1/1 cloudforge-b6697494-jmj49/1/1 
18:44:38 PODS: cloudforge-b6697494-9thcp/1/1 cloudforge-b6697494-jmj49/1/1 
18:44:41 PODS: cloudforge-b6697494-9thcp/1/1 cloudforge-b6697494-jmj49/1/1 
18:44:43 PODS: cloudforge-b6697494-9thcp/1/1 cloudforge-b6697494-jmj49/1/1 
18:44:45 PODS: cloudforge-b6697494-9thcp/1/1 cloudforge-b6697494-jmj49/1/1 
18:44:47 PODS: cloudforge-b6697494-9thcp/1/1 cloudforge-b6697494-jmj49/1/1 
18:44:49 PODS: cloudforge-b6697494-9thcp/1/1 cloudforge-b6697494-jmj49/1/1 
18:44:52 PODS: cloudforge-b6697494-9thcp/1/1 cloudforge-b6697494-jmj49/1/1 
18:44:54 PODS: cloudforge-b6697494-9thcp/1/1 cloudforge-b6697494-jmj49/1/1 
18:44:56 PODS: cloudforge-b6697494-9thcp/1/1 cloudforge-b6697494-jmj49/1/1 
18:44:58 PODS: cloudforge-b6697494-9thcp/1/1 cloudforge-b6697494-jmj49/1/1 
18:45:01 PODS: cloudforge-b6697494-9thcp/1/1 cloudforge-b6697494-jmj49/1/1 
18:45:03 PODS: cloudforge-b6697494-9thcp/1/1 cloudforge-b6697494-jmj49/1/1 
18:45:05 PODS: cloudforge-b6697494-9thcp/1/1 cloudforge-b6697494-jmj49/1/1 
18:45:07 PODS: cloudforge-b6697494-9thcp/1/1 cloudforge-b6697494-jmj49/1/1 
18:45:09 PODS: cloudforge-b6697494-9thcp/1/1 cloudforge-b6697494-jmj49/1/1 
18:45:11 PODS: cloudforge-b6697494-9thcp/1/1 cloudforge-b6697494-jmj49/1/1 
18:45:14 PODS: cloudforge-b6697494-9thcp/1/1 cloudforge-b6697494-jmj49/1/1 
18:45:16 PODS: cloudforge-b6697494-9thcp/1/1 cloudforge-b6697494-jmj49/1/1 
18:45:18 PODS: cloudforge-b6697494-9thcp/1/1 cloudforge-b6697494-jmj49/1/1 
18:45:20 PODS: cloudforge-b6697494-9thcp/1/1 cloudforge-b6697494-jmj49/1/1 
18:45:22 PODS: cloudforge-b6697494-9thcp/1/1 cloudforge-b6697494-jmj49/1/1 
18:45:25 PODS: cloudforge-b6697494-9thcp/1/1 cloudforge-b6697494-jmj49/1/1 
18:45:27 PODS: cloudforge-b6697494-9thcp/1/1 cloudforge-b6697494-jmj49/1/1 
18:45:29 PODS: cloudforge-b6697494-9thcp/1/1 cloudforge-b6697494-jmj49/1/1 
18:45:31 PODS: cloudforge-b6697494-9thcp/1/1 cloudforge-b6697494-jmj49/1/1 
18:45:33 PODS: cloudforge-b6697494-9thcp/1/1 cloudforge-b6697494-jmj49/1/1 
18:45:36 PODS: cloudforge-b6697494-9thcp/1/1 cloudforge-b6697494-jmj49/1/1 
18:45:38 PODS: cloudforge-b6697494-9thcp/1/1 cloudforge-b6697494-jmj49/1/1 
18:45:40 PODS: cloudforge-b6697494-9thcp/1/1 cloudforge-b6697494-jmj49/1/1 
18:45:42 PODS: cloudforge-b6697494-9thcp/1/1 cloudforge-b6697494-jmj49/1/1 
18:45:45 PODS: cloudforge-b6697494-9thcp/1/1 cloudforge-b6697494-jmj49/1/1 
18:45:47 PODS: cloudforge-b6697494-9thcp/1/1 cloudforge-b6697494-jmj49/1/1 
18:45:49 PODS: cloudforge-b6697494-9thcp/1/1 cloudforge-b6697494-jmj49/1/1 
18:45:51 PODS: cloudforge-b6697494-9thcp/1/1 cloudforge-b6697494-jmj49/1/1 
18:45:54 PODS: cloudforge-b6697494-9thcp/1/1 cloudforge-b6697494-jmj49/1/1 
18:45:56 PODS: cloudforge-b6697494-9thcp/1/1 cloudforge-b6697494-jmj49/1/1 
18:45:58 PODS: cloudforge-b6697494-9thcp/1/1 cloudforge-b6697494-jmj49/1/1 
18:46:00 PODS: cloudforge-b6697494-9thcp/1/1 cloudforge-b6697494-jmj49/1/1 
18:46:02 PODS: cloudforge-b6697494-9thcp/1/1 cloudforge-b6697494-jmj49/1/1 
18:46:05 PODS: cloudforge-b6697494-9thcp/1/1 cloudforge-b6697494-jmj49/1/1 
18:46:07 PODS: cloudforge-b6697494-9thcp/1/1 cloudforge-b6697494-jmj49/1/1 
18:46:09 PODS: cloudforge-b6697494-9thcp/1/1 cloudforge-b6697494-jmj49/1/1 
18:46:11 PODS: cloudforge-b6697494-9thcp/1/1 cloudforge-b6697494-jmj49/1/1 
18:46:14 PODS: cloudforge-b6697494-9thcp/1/1 cloudforge-b6697494-jmj49/1/1 
18:46:16 PODS: cloudforge-b6697494-9thcp/1/1 cloudforge-b6697494-jmj49/1/1 
18:46:18 PODS: cloudforge-b6697494-9thcp/1/1 cloudforge-b6697494-jmj49/1/1 
18:46:20 PODS: cloudforge-b6697494-9thcp/1/1 cloudforge-b6697494-jmj49/1/1 
18:46:22 PODS: cloudforge-b6697494-9thcp/1/1 cloudforge-b6697494-jmj49/1/1 
18:46:24 PODS: cloudforge-b6697494-9thcp/1/1 cloudforge-b6697494-jmj49/1/1 
18:46:27 PODS: cloudforge-b6697494-9thcp/1/1 cloudforge-b6697494-jmj49/1/1 
18:46:29 PODS: cloudforge-b6697494-9thcp/1/1 cloudforge-b6697494-jmj49/1/1 
18:46:31 PODS: cloudforge-b6697494-9thcp/1/1 cloudforge-b6697494-jmj49/1/1 
18:46:34 PODS: cloudforge-b6697494-9thcp/1/1 cloudforge-b6697494-jmj49/1/1 
18:46:36 PODS: cloudforge-b6697494-9thcp/1/1 cloudforge-b6697494-jmj49/1/1 
18:46:38 PODS: cloudforge-b6697494-9thcp/1/1 cloudforge-b6697494-jmj49/1/1 
18:46:40 PODS: cloudforge-b6697494-9thcp/1/1 cloudforge-b6697494-jmj49/1/1 
18:46:42 PODS: cloudforge-b6697494-9thcp/1/1 cloudforge-b6697494-jmj49/1/1 
18:46:45 PODS: cloudforge-b6697494-9thcp/1/1 cloudforge-b6697494-jmj49/1/1 
18:46:47 PODS: cloudforge-b6697494-9thcp/1/1 cloudforge-b6697494-jmj49/1/1 
18:46:49 PODS: cloudforge-b6697494-9thcp/1/1 cloudforge-b6697494-jmj49/1/1 
18:46:51 PODS: cloudforge-b6697494-9thcp/1/1 cloudforge-b6697494-jmj49/1/1 
18:46:53 PODS: cloudforge-b6697494-9thcp/1/1 cloudforge-b6697494-jmj49/1/1 
18:46:56 PODS: cloudforge-b6697494-9thcp/1/1 cloudforge-b6697494-jmj49/1/1 
18:46:58 PODS: cloudforge-b6697494-9thcp/1/1 cloudforge-b6697494-jmj49/1/1 
18:47:00 PODS: cloudforge-b6697494-9thcp/1/1 cloudforge-b6697494-jmj49/1/1 
18:47:02 PODS: cloudforge-b6697494-9thcp/1/1 cloudforge-b6697494-jmj49/1/1 
18:47:05 PODS: cloudforge-b6697494-9thcp/1/1 cloudforge-b6697494-jmj49/1/1 
18:47:07 PODS: cloudforge-b6697494-9thcp/1/1 cloudforge-b6697494-jmj49/1/1 
18:47:09 PODS: cloudforge-b6697494-9thcp/1/1 cloudforge-b6697494-jmj49/1/1 
18:47:11 PODS: cloudforge-b6697494-9thcp/1/1 cloudforge-b6697494-jmj49/1/1 
18:47:13 PODS: cloudforge-b6697494-9thcp/1/1 cloudforge-b6697494-jmj49/1/1 
18:47:15 PODS: cloudforge-b6697494-9thcp/1/1 cloudforge-b6697494-jmj49/1/1 
18:47:18 PODS: cloudforge-b6697494-9thcp/1/1 cloudforge-b6697494-jmj49/1/1 
18:47:20 PODS: cloudforge-b6697494-9thcp/1/1 cloudforge-b6697494-jmj49/1/1 
18:47:22 PODS: cloudforge-b6697494-9thcp/1/1 cloudforge-b6697494-jmj49/1/1 
18:47:24 PODS: cloudforge-b6697494-9thcp/1/1 cloudforge-b6697494-jmj49/1/1 
18:47:27 PODS: cloudforge-b6697494-9thcp/1/1 cloudforge-b6697494-jmj49/1/1 
18:47:29 PODS: cloudforge-b6697494-9thcp/1/1 cloudforge-b6697494-jmj49/1/1 
18:47:31 PODS: cloudforge-b6697494-9thcp/1/1 cloudforge-b6697494-jmj49/1/1 
18:47:33 PODS: cloudforge-b6697494-9thcp/1/1 cloudforge-b6697494-jmj49/1/1 
18:47:35 PODS: cloudforge-b6697494-9thcp/1/1 cloudforge-b6697494-jmj49/1/1 
18:47:38 PODS: cloudforge-b6697494-9thcp/1/1 cloudforge-b6697494-jmj49/1/1 
18:47:40 PODS: cloudforge-b6697494-9thcp/1/1 cloudforge-b6697494-jmj49/1/1 
18:47:42 PODS: cloudforge-b6697494-9thcp/1/1 cloudforge-b6697494-jmj49/1/1 
18:47:44 PODS: cloudforge-b6697494-9thcp/1/1 cloudforge-b6697494-jmj49/1/1 
18:47:46 PODS: cloudforge-b6697494-9thcp/1/1 cloudforge-b6697494-jmj49/1/1 
18:47:49 PODS: cloudforge-b6697494-9thcp/1/1 cloudforge-b6697494-jmj49/1/1 
18:47:51 PODS: cloudforge-b6697494-9thcp/1/1 cloudforge-b6697494-jmj49/1/1 
18:47:53 PODS: cloudforge-b6697494-9thcp/1/1 cloudforge-b6697494-jmj49/1/1 
18:47:55 PODS: cloudforge-b6697494-9thcp/1/1 cloudforge-b6697494-jmj49/1/1 
18:47:57 PODS: cloudforge-b6697494-9thcp/1/1 cloudforge-b6697494-jmj49/1/1 
18:48:00 PODS: cloudforge-b6697494-9thcp/1/1 cloudforge-b6697494-jmj49/1/1 
18:48:02 PODS: cloudforge-b6697494-9thcp/1/1 cloudforge-b6697494-jmj49/1/1 
18:48:04 PODS: cloudforge-b6697494-9thcp/1/1 cloudforge-b6697494-jmj49/1/1 
18:48:06 PODS: cloudforge-b6697494-9thcp/1/1 cloudforge-b6697494-jmj49/1/1 
18:48:09 PODS: cloudforge-b6697494-9thcp/1/1 cloudforge-b6697494-jmj49/1/1 
18:48:11 PODS: cloudforge-b6697494-9thcp/1/1 cloudforge-b6697494-jmj49/1/1 
18:48:13 PODS: cloudforge-b6697494-9thcp/1/1 cloudforge-b6697494-jmj49/1/1 
18:48:15 PODS: cloudforge-b6697494-9thcp/1/1 cloudforge-b6697494-jmj49/1/1 
18:48:18 PODS: cloudforge-b6697494-9thcp/1/1 cloudforge-b6697494-jmj49/1/1 
18:48:20 PODS: cloudforge-b6697494-9thcp/1/1 cloudforge-b6697494-jmj49/1/1 
18:48:22 PODS: cloudforge-b6697494-9thcp/1/1 cloudforge-b6697494-jmj49/1/1 
18:48:24 PODS: cloudforge-b6697494-9thcp/1/1 cloudforge-b6697494-jmj49/1/1 
18:48:26 PODS: cloudforge-b6697494-9thcp/1/1 cloudforge-b6697494-jmj49/1/1 
18:48:29 PODS: cloudforge-b6697494-9thcp/1/1 cloudforge-b6697494-jmj49/1/1 
18:48:31 PODS: cloudforge-b6697494-9thcp/1/1 cloudforge-b6697494-jmj49/1/1 
18:48:33 PODS: cloudforge-b6697494-9thcp/1/1 cloudforge-b6697494-jmj49/1/1 
18:48:36 PODS: cloudforge-b6697494-9thcp/1/1 cloudforge-b6697494-jmj49/1/1 
18:48:38 PODS: cloudforge-b6697494-9thcp/1/1 cloudforge-b6697494-jmj49/1/1 
18:48:40 PODS: cloudforge-b6697494-9thcp/1/1 cloudforge-b6697494-jmj49/1/1 
18:48:42 PODS: cloudforge-b6697494-9thcp/1/1 cloudforge-b6697494-jmj49/1/1 
18:48:44 PODS: cloudforge-b6697494-9thcp/1/1 cloudforge-b6697494-jmj49/1/1 
18:48:46 PODS: cloudforge-b6697494-9thcp/1/1 cloudforge-b6697494-jmj49/1/1 
18:48:49 PODS: cloudforge-b6697494-9thcp/1/1 cloudforge-b6697494-jmj49/1/1 
18:48:51 PODS: cloudforge-b6697494-9thcp/1/1 cloudforge-b6697494-jmj49/1/1 
18:48:53 PODS: cloudforge-b6697494-9thcp/1/1 cloudforge-b6697494-jmj49/1/1 
18:48:55 PODS: cloudforge-b6697494-9thcp/1/1 cloudforge-b6697494-jmj49/1/1 
18:48:58 PODS: cloudforge-b6697494-9thcp/1/1 cloudforge-b6697494-jmj49/1/1 
18:49:00 PODS: cloudforge-b6697494-9thcp/1/1 cloudforge-b6697494-jmj49/1/1 
18:49:02 PODS: cloudforge-b6697494-9thcp/1/1 cloudforge-b6697494-jmj49/1/1 
18:49:04 PODS: cloudforge-b6697494-9thcp/1/1 cloudforge-b6697494-jmj49/1/1 
18:49:07 PODS: cloudforge-b6697494-9thcp/1/1 cloudforge-b6697494-jmj49/1/1 
18:49:09 PODS: cloudforge-b6697494-9thcp/1/1 cloudforge-b6697494-jmj49/1/1 
18:49:11 PODS: cloudforge-b6697494-9thcp/1/1 cloudforge-b6697494-jmj49/1/1 
18:49:13 PODS: cloudforge-b6697494-9thcp/1/1 cloudforge-b6697494-jmj49/1/1 
18:49:16 PODS: cloudforge-b6697494-9thcp/1/1 cloudforge-b6697494-jmj49/1/1 
18:49:18 PODS: cloudforge-b6697494-9thcp/1/1 cloudforge-b6697494-jmj49/1/1 
18:49:20 PODS: cloudforge-b6697494-9thcp/1/1 cloudforge-b6697494-jmj49/1/1 
18:49:22 PODS: cloudforge-b6697494-9thcp/1/1 cloudforge-b6697494-jmj49/1/1 
18:49:24 PODS: cloudforge-b6697494-9thcp/1/1 cloudforge-b6697494-jmj49/1/1 
18:49:26 PODS: cloudforge-b6697494-9thcp/1/1 cloudforge-b6697494-jmj49/1/1 
18:49:29 PODS: cloudforge-b6697494-9thcp/1/1 cloudforge-b6697494-jmj49/1/1 
18:49:31 PODS: cloudforge-b6697494-9thcp/1/1 cloudforge-b6697494-jmj49/1/1 
18:49:33 PODS: cloudforge-b6697494-9thcp/1/1 cloudforge-b6697494-jmj49/1/1 
18:49:35 PODS: cloudforge-b6697494-9thcp/1/1 cloudforge-b6697494-jmj49/1/1 
18:49:38 PODS: cloudforge-b6697494-9thcp/1/1 cloudforge-b6697494-jmj49/1/1 
18:49:40 PODS: cloudforge-b6697494-9thcp/1/1 cloudforge-b6697494-jmj49/1/1 
18:49:42 PODS: cloudforge-b6697494-9thcp/1/1 cloudforge-b6697494-jmj49/1/1 
18:49:44 PODS: cloudforge-b6697494-9thcp/1/1 cloudforge-b6697494-jmj49/1/1 
18:49:46 PODS: cloudforge-b6697494-9thcp/1/1 cloudforge-b6697494-jmj49/1/1 
18:49:49 PODS: cloudforge-b6697494-9thcp/1/1 cloudforge-b6697494-jmj49/1/1 
18:49:51 PODS: cloudforge-b6697494-9thcp/1/1 cloudforge-b6697494-jmj49/1/1 
18:49:53 PODS: cloudforge-b6697494-9thcp/1/1 cloudforge-b6697494-jmj49/1/1 
18:49:56 PODS: cloudforge-b6697494-9thcp/1/1 cloudforge-b6697494-jmj49/1/1 
18:49:58 PODS: cloudforge-b6697494-9thcp/1/1 cloudforge-b6697494-jmj49/1/1 
18:50:00 PODS: cloudforge-b6697494-9thcp/1/1 cloudforge-b6697494-jmj49/1/1 
18:50:02 PODS: cloudforge-b6697494-9thcp/1/1 cloudforge-b6697494-jmj49/1/1 
18:50:04 PODS: cloudforge-b6697494-9thcp/1/1 cloudforge-b6697494-jmj49/1/1 
18:50:07 PODS: cloudforge-b6697494-9thcp/1/1 cloudforge-b6697494-jmj49/1/1 
18:50:09 PODS: cloudforge-b6697494-9thcp/1/1 cloudforge-b6697494-jmj49/1/1 
18:50:11 PODS: cloudforge-b6697494-9thcp/1/1 cloudforge-b6697494-jmj49/1/1 
18:50:13 PODS: cloudforge-b6697494-9thcp/1/1 cloudforge-b6697494-jmj49/1/1 
18:50:16 PODS: cloudforge-b6697494-9thcp/1/1 cloudforge-b6697494-jmj49/1/1 
18:50:18 PODS: cloudforge-b6697494-9thcp/1/1 cloudforge-b6697494-jmj49/1/1 
18:50:20 PODS: cloudforge-b6697494-9thcp/1/1 cloudforge-b6697494-jmj49/1/1 
18:50:22 PODS: cloudforge-b6697494-9thcp/1/1 cloudforge-b6697494-jmj49/1/1 
18:50:24 PODS: cloudforge-b6697494-9thcp/1/1 cloudforge-b6697494-jmj49/1/1 
18:50:27 PODS: cloudforge-b6697494-9thcp/1/1 cloudforge-b6697494-jmj49/1/1 
18:50:29 PODS: cloudforge-b6697494-9thcp/1/1 cloudforge-b6697494-jmj49/1/1 
18:50:32 PODS: cloudforge-b6697494-9thcp/1/1 cloudforge-b6697494-jmj49/1/1 
18:50:34 PODS: cloudforge-b6697494-9thcp/1/1 cloudforge-b6697494-jmj49/1/1 
18:50:36 PODS: cloudforge-b6697494-9thcp/1/1 cloudforge-b6697494-jmj49/1/1 
18:50:39 PODS: cloudforge-b6697494-9thcp/1/1 cloudforge-b6697494-jmj49/1/1 
18:50:41 PODS: cloudforge-b6697494-9thcp/1/1 cloudforge-b6697494-jmj49/1/1 
18:50:43 PODS: cloudforge-b6697494-9thcp/1/1 cloudforge-b6697494-jmj49/1/1 
18:50:45 PODS: cloudforge-b6697494-9thcp/1/1 cloudforge-b6697494-jmj49/1/1 
18:50:48 PODS: cloudforge-b6697494-9thcp/1/1 cloudforge-b6697494-jmj49/1/1 
18:50:50 PODS: cloudforge-b6697494-9thcp/1/1 cloudforge-b6697494-jmj49/1/1 
18:50:52 PODS: cloudforge-b6697494-9thcp/1/1 cloudforge-b6697494-jmj49/1/1 
18:50:54 PODS: cloudforge-b6697494-9thcp/1/1 cloudforge-b6697494-jmj49/1/1 
18:50:57 PODS: cloudforge-b6697494-9thcp/1/1 cloudforge-b6697494-jmj49/1/1 
18:50:59 PODS: cloudforge-b6697494-9thcp/1/1 cloudforge-b6697494-jmj49/1/1 
18:51:01 PODS: cloudforge-b6697494-9thcp/1/1 cloudforge-b6697494-jmj49/1/1 
18:51:03 PODS: cloudforge-b6697494-9thcp/1/1 cloudforge-b6697494-jmj49/1/1 
18:51:05 PODS: cloudforge-b6697494-9thcp/1/1 cloudforge-b6697494-jmj49/1/1 
18:51:08 PODS: cloudforge-b6697494-9thcp/1/1 cloudforge-b6697494-jmj49/1/1 
18:51:10 PODS: cloudforge-b6697494-9thcp/1/1 cloudforge-b6697494-jmj49/1/1 
18:51:12 PODS: cloudforge-b6697494-9thcp/1/1 cloudforge-b6697494-jmj49/1/1 
18:51:14 PODS: cloudforge-b6697494-9thcp/1/1 cloudforge-b6697494-jmj49/1/1 
18:51:17 PODS: cloudforge-b6697494-9thcp/1/1 cloudforge-b6697494-jmj49/1/1 
18:51:19 PODS: cloudforge-b6697494-9thcp/1/1 cloudforge-b6697494-jmj49/1/1 
18:51:21 PODS: cloudforge-b6697494-9thcp/1/1 cloudforge-b6697494-jmj49/1/1 
18:51:24 PODS: cloudforge-b6697494-9thcp/1/1 cloudforge-b6697494-jmj49/1/1 
18:51:26 PODS: cloudforge-b6697494-9thcp/1/1 cloudforge-b6697494-jmj49/1/1 
18:51:28 PODS: cloudforge-b6697494-9thcp/1/1 cloudforge-b6697494-jmj49/1/1 
18:51:31 PODS: cloudforge-b6697494-9thcp/1/1 cloudforge-b6697494-jmj49/1/1 
18:51:34 PODS: cloudforge-b6697494-9thcp/1/1 cloudforge-b6697494-jmj49/1/1 
18:51:36 PODS: cloudforge-b6697494-9thcp/1/1 cloudforge-b6697494-jmj49/1/1 
18:51:38 PODS: cloudforge-b6697494-9thcp/1/1 cloudforge-b6697494-jmj49/1/1 
18:51:40 PODS: cloudforge-b6697494-9thcp/1/1 cloudforge-b6697494-jmj49/1/1 
18:51:43 PODS: cloudforge-b6697494-9thcp/1/1 cloudforge-b6697494-jmj49/1/1 
18:51:45 PODS: cloudforge-b6697494-9thcp/1/1 cloudforge-b6697494-jmj49/1/1 
18:51:47 PODS: cloudforge-b6697494-9thcp/1/1 cloudforge-b6697494-jmj49/1/1 
18:51:49 PODS: cloudforge-b6697494-9thcp/1/1 cloudforge-b6697494-jmj49/1/1 
18:51:52 PODS: cloudforge-b6697494-9thcp/1/1 cloudforge-b6697494-jmj49/1/1 
18:51:54 PODS: cloudforge-b6697494-9thcp/1/1 cloudforge-b6697494-jmj49/1/1 
18:51:56 PODS: cloudforge-b6697494-9thcp/1/1 cloudforge-b6697494-jmj49/1/1 
18:51:58 PODS: cloudforge-b6697494-9thcp/1/1 cloudforge-b6697494-jmj49/1/1 
18:52:00 PODS: cloudforge-b6697494-9thcp/1/1 cloudforge-b6697494-jmj49/1/1 
18:52:03 PODS: cloudforge-b6697494-9thcp/1/1 cloudforge-b6697494-jmj49/1/1 
18:52:05 PODS: cloudforge-b6697494-9thcp/1/1 cloudforge-b6697494-jmj49/1/1 
18:52:07 PODS: cloudforge-b6697494-9thcp/1/1 cloudforge-b6697494-jmj49/1/1 
18:52:10 PODS: cloudforge-b6697494-9thcp/1/1 cloudforge-b6697494-jmj49/1/1 
18:52:12 PODS: cloudforge-b6697494-9thcp/1/1 cloudforge-b6697494-jmj49/1/1 
18:52:14 PODS: cloudforge-b6697494-9thcp/1/1 cloudforge-b6697494-jmj49/1/1 
18:52:16 PODS: cloudforge-b6697494-9thcp/1/1 cloudforge-b6697494-jmj49/1/1 
18:52:19 PODS: cloudforge-b6697494-9thcp/1/1 cloudforge-b6697494-jmj49/1/1 
18:52:21 PODS: cloudforge-b6697494-9thcp/1/1 cloudforge-b6697494-jmj49/1/1 
18:52:23 PODS: cloudforge-b6697494-6dz7l/0/1 cloudforge-b6697494-9thcp/1/1 cloudforge-b6697494-jmj49/1/1 cloudforge-b6697494-kmntq/0/1 
18:52:25 PODS: cloudforge-b6697494-6dz7l/0/1 cloudforge-b6697494-9thcp/1/1 cloudforge-b6697494-jmj49/1/1 cloudforge-b6697494-kmntq/0/1 
18:52:28 PODS: cloudforge-b6697494-6dz7l/0/1 cloudforge-b6697494-9thcp/1/1 cloudforge-b6697494-jmj49/1/1 cloudforge-b6697494-kmntq/0/1 
18:52:30 PODS: cloudforge-b6697494-6dz7l/1/1 cloudforge-b6697494-9thcp/1/1 cloudforge-b6697494-jmj49/1/1 cloudforge-b6697494-kmntq/1/1 
18:52:32 PODS: cloudforge-b6697494-6dz7l/1/1 cloudforge-b6697494-9thcp/1/1 cloudforge-b6697494-jmj49/1/1 cloudforge-b6697494-kmntq/1/1 
18:52:35 PODS: cloudforge-b6697494-6dz7l/1/1 cloudforge-b6697494-9thcp/1/1 cloudforge-b6697494-jmj49/1/1 cloudforge-b6697494-kmntq/1/1 
18:52:37 PODS: cloudforge-b6697494-6dz7l/1/1 cloudforge-b6697494-9thcp/1/1 cloudforge-b6697494-h8fgs/0/1 cloudforge-b6697494-jmj49/1/1 cloudforge-b6697494-kmntq/1/1 
18:52:39 PODS: cloudforge-b6697494-6dz7l/1/1 cloudforge-b6697494-9thcp/1/1 cloudforge-b6697494-h8fgs/0/1 cloudforge-b6697494-jmj49/1/1 cloudforge-b6697494-kmntq/1/1 
18:52:41 PODS: cloudforge-b6697494-6dz7l/1/1 cloudforge-b6697494-9thcp/1/1 cloudforge-b6697494-h8fgs/0/1 cloudforge-b6697494-jmj49/1/1 cloudforge-b6697494-kmntq/1/1 
18:52:44 PODS: cloudforge-b6697494-6dz7l/1/1 cloudforge-b6697494-9thcp/1/1 cloudforge-b6697494-h8fgs/0/1 cloudforge-b6697494-jmj49/1/1 cloudforge-b6697494-kmntq/1/1 
18:52:46 PODS: cloudforge-b6697494-6dz7l/1/1 cloudforge-b6697494-9thcp/1/1 cloudforge-b6697494-h8fgs/1/1 cloudforge-b6697494-jmj49/1/1 cloudforge-b6697494-kmntq/1/1 
18:52:48 PODS: cloudforge-b6697494-6dz7l/1/1 cloudforge-b6697494-9thcp/1/1 cloudforge-b6697494-h8fgs/1/1 cloudforge-b6697494-jmj49/1/1 cloudforge-b6697494-kmntq/1/1 
18:52:50 PODS: cloudforge-b6697494-6dz7l/1/1 cloudforge-b6697494-9thcp/1/1 cloudforge-b6697494-h8fgs/1/1 cloudforge-b6697494-jmj49/1/1 cloudforge-b6697494-kmntq/1/1 
18:52:52 PODS: cloudforge-b6697494-6dz7l/1/1 cloudforge-b6697494-9thcp/1/1 cloudforge-b6697494-h8fgs/1/1 cloudforge-b6697494-jmj49/1/1 cloudforge-b6697494-kmntq/1/1 cloudforge-b6697494-lvdk2/0/1 
18:52:55 PODS: cloudforge-b6697494-6dz7l/1/1 cloudforge-b6697494-9thcp/1/1 cloudforge-b6697494-h8fgs/1/1 cloudforge-b6697494-jmj49/1/1 cloudforge-b6697494-kmntq/1/1 cloudforge-b6697494-lvdk2/0/1 
18:52:57 PODS: cloudforge-b6697494-6dz7l/1/1 cloudforge-b6697494-9thcp/1/1 cloudforge-b6697494-h8fgs/1/1 cloudforge-b6697494-jmj49/1/1 cloudforge-b6697494-kmntq/1/1 cloudforge-b6697494-lvdk2/0/1 
18:52:59 PODS: cloudforge-b6697494-6dz7l/1/1 cloudforge-b6697494-9thcp/1/1 cloudforge-b6697494-h8fgs/1/1 cloudforge-b6697494-jmj49/1/1 cloudforge-b6697494-kmntq/1/1 cloudforge-b6697494-lvdk2/1/1 
18:53:02 PODS: cloudforge-b6697494-6dz7l/1/1 cloudforge-b6697494-9thcp/1/1 cloudforge-b6697494-h8fgs/1/1 cloudforge-b6697494-jmj49/1/1 cloudforge-b6697494-kmntq/1/1 cloudforge-b6697494-lvdk2/1/1 
18:53:04 PODS: cloudforge-b6697494-6dz7l/1/1 cloudforge-b6697494-9thcp/1/1 cloudforge-b6697494-h8fgs/1/1 cloudforge-b6697494-jmj49/1/1 cloudforge-b6697494-kmntq/1/1 cloudforge-b6697494-lvdk2/1/1 
18:53:06 PODS: cloudforge-b6697494-6dz7l/1/1 cloudforge-b6697494-9thcp/1/1 cloudforge-b6697494-h8fgs/1/1 cloudforge-b6697494-jmj49/1/1 cloudforge-b6697494-kmntq/1/1 cloudforge-b6697494-lvdk2/1/1 
18:53:08 PODS: cloudforge-b6697494-68dmb/0/1 cloudforge-b6697494-6dz7l/1/1 cloudforge-b6697494-9thcp/1/1 cloudforge-b6697494-h8fgs/1/1 cloudforge-b6697494-jmj49/1/1 cloudforge-b6697494-kmntq/1/1 cloudforge-b6697494-lvdk2/1/1 
18:53:10 PODS: cloudforge-b6697494-68dmb/0/1 cloudforge-b6697494-6dz7l/1/1 cloudforge-b6697494-9thcp/1/1 cloudforge-b6697494-h8fgs/1/1 cloudforge-b6697494-jmj49/1/1 cloudforge-b6697494-kmntq/1/1 cloudforge-b6697494-lvdk2/1/1 
18:53:13 PODS: cloudforge-b6697494-68dmb/0/1 cloudforge-b6697494-6dz7l/1/1 cloudforge-b6697494-9thcp/1/1 cloudforge-b6697494-h8fgs/1/1 cloudforge-b6697494-jmj49/1/1 cloudforge-b6697494-kmntq/1/1 cloudforge-b6697494-lvdk2/1/1 
18:53:15 PODS: cloudforge-b6697494-68dmb/1/1 cloudforge-b6697494-6dz7l/1/1 cloudforge-b6697494-9thcp/1/1 cloudforge-b6697494-h8fgs/1/1 cloudforge-b6697494-jmj49/1/1 cloudforge-b6697494-kmntq/1/1 cloudforge-b6697494-lvdk2/1/1 
18:53:17 PODS: cloudforge-b6697494-68dmb/1/1 cloudforge-b6697494-6dz7l/1/1 cloudforge-b6697494-9thcp/1/1 cloudforge-b6697494-h8fgs/1/1 cloudforge-b6697494-jmj49/1/1 cloudforge-b6697494-kmntq/1/1 cloudforge-b6697494-lvdk2/1/1 
18:53:19 PODS: cloudforge-b6697494-68dmb/1/1 cloudforge-b6697494-6dz7l/1/1 cloudforge-b6697494-9thcp/1/1 cloudforge-b6697494-h8fgs/1/1 cloudforge-b6697494-jmj49/1/1 cloudforge-b6697494-kmntq/1/1 cloudforge-b6697494-lvdk2/1/1 
18:53:22 PODS: cloudforge-b6697494-68dmb/1/1 cloudforge-b6697494-6dz7l/1/1 cloudforge-b6697494-9thcp/1/1 cloudforge-b6697494-h8fgs/1/1 cloudforge-b6697494-jmj49/1/1 cloudforge-b6697494-kmntq/1/1 cloudforge-b6697494-lvdk2/1/1 
18:53:24 PODS: cloudforge-b6697494-68dmb/1/1 cloudforge-b6697494-6dz7l/1/1 cloudforge-b6697494-9thcp/1/1 cloudforge-b6697494-h8fgs/1/1 cloudforge-b6697494-jmj49/1/1 cloudforge-b6697494-kmntq/1/1 cloudforge-b6697494-lvdk2/1/1 
18:53:26 PODS: cloudforge-b6697494-68dmb/1/1 cloudforge-b6697494-6dz7l/1/1 cloudforge-b6697494-9thcp/1/1 cloudforge-b6697494-h8fgs/1/1 cloudforge-b6697494-jmj49/1/1 cloudforge-b6697494-kmntq/1/1 cloudforge-b6697494-lvdk2/1/1 
18:53:29 PODS: cloudforge-b6697494-68dmb/1/1 cloudforge-b6697494-6dz7l/1/1 cloudforge-b6697494-9thcp/1/1 cloudforge-b6697494-h8fgs/1/1 cloudforge-b6697494-jmj49/1/1 cloudforge-b6697494-kmntq/1/1 cloudforge-b6697494-lvdk2/1/1 
18:53:31 PODS: cloudforge-b6697494-68dmb/1/1 cloudforge-b6697494-6dz7l/1/1 cloudforge-b6697494-9thcp/1/1 cloudforge-b6697494-h8fgs/1/1 cloudforge-b6697494-jmj49/1/1 cloudforge-b6697494-kmntq/1/1 cloudforge-b6697494-lvdk2/1/1 
18:53:34 PODS: cloudforge-b6697494-68dmb/1/1 cloudforge-b6697494-6dz7l/1/1 cloudforge-b6697494-9thcp/1/1 cloudforge-b6697494-h8fgs/1/1 cloudforge-b6697494-jmj49/1/1 cloudforge-b6697494-kmntq/1/1 cloudforge-b6697494-lvdk2/1/1 
18:53:36 PODS: cloudforge-b6697494-68dmb/1/1 cloudforge-b6697494-6dz7l/1/1 cloudforge-b6697494-9thcp/1/1 cloudforge-b6697494-h8fgs/1/1 cloudforge-b6697494-jmj49/1/1 cloudforge-b6697494-kmntq/1/1 cloudforge-b6697494-lvdk2/1/1 
18:53:38 PODS: cloudforge-b6697494-68dmb/1/1 cloudforge-b6697494-6dz7l/1/1 cloudforge-b6697494-9thcp/1/1 cloudforge-b6697494-h8fgs/1/1 cloudforge-b6697494-jmj49/1/1 cloudforge-b6697494-kmntq/1/1 cloudforge-b6697494-lvdk2/1/1 
18:53:40 PODS: cloudforge-b6697494-68dmb/1/1 cloudforge-b6697494-6dz7l/1/1 cloudforge-b6697494-9thcp/1/1 cloudforge-b6697494-h8fgs/1/1 cloudforge-b6697494-jmj49/1/1 cloudforge-b6697494-kmntq/1/1 cloudforge-b6697494-lvdk2/1/1 
18:53:43 PODS: cloudforge-b6697494-68dmb/1/1 cloudforge-b6697494-6dz7l/1/1 cloudforge-b6697494-9thcp/1/1 cloudforge-b6697494-h8fgs/1/1 cloudforge-b6697494-jmj49/1/1 cloudforge-b6697494-kmntq/1/1 cloudforge-b6697494-lvdk2/1/1 
18:53:45 PODS: cloudforge-b6697494-68dmb/1/1 cloudforge-b6697494-6dz7l/1/1 cloudforge-b6697494-9thcp/1/1 cloudforge-b6697494-h8fgs/1/1 cloudforge-b6697494-jmj49/1/1 cloudforge-b6697494-kmntq/1/1 cloudforge-b6697494-lvdk2/1/1 
18:53:47 PODS: cloudforge-b6697494-68dmb/1/1 cloudforge-b6697494-6dz7l/1/1 cloudforge-b6697494-9thcp/1/1 cloudforge-b6697494-h8fgs/1/1 cloudforge-b6697494-jmj49/1/1 cloudforge-b6697494-kmntq/1/1 cloudforge-b6697494-lvdk2/1/1 
18:53:49 PODS: cloudforge-b6697494-68dmb/1/1 cloudforge-b6697494-6dz7l/1/1 cloudforge-b6697494-9thcp/1/1 cloudforge-b6697494-h8fgs/1/1 cloudforge-b6697494-jmj49/1/1 cloudforge-b6697494-kmntq/1/1 cloudforge-b6697494-lvdk2/1/1 
18:53:51 PODS: cloudforge-b6697494-68dmb/1/1 cloudforge-b6697494-6dz7l/1/1 cloudforge-b6697494-9thcp/1/1 cloudforge-b6697494-h8fgs/1/1 cloudforge-b6697494-jmj49/1/1 cloudforge-b6697494-kmntq/1/1 cloudforge-b6697494-lvdk2/1/1 
18:53:54 PODS: cloudforge-b6697494-68dmb/1/1 cloudforge-b6697494-6dz7l/1/1 cloudforge-b6697494-9thcp/1/1 cloudforge-b6697494-h8fgs/1/1 cloudforge-b6697494-jmj49/1/1 cloudforge-b6697494-kmntq/1/1 cloudforge-b6697494-lvdk2/1/1 
18:53:56 PODS: cloudforge-b6697494-68dmb/1/1 cloudforge-b6697494-6dz7l/1/1 cloudforge-b6697494-9thcp/1/1 cloudforge-b6697494-h8fgs/1/1 cloudforge-b6697494-jmj49/1/1 cloudforge-b6697494-kmntq/1/1 cloudforge-b6697494-lvdk2/1/1 
18:53:58 PODS: cloudforge-b6697494-68dmb/1/1 cloudforge-b6697494-6dz7l/1/1 cloudforge-b6697494-9thcp/1/1 cloudforge-b6697494-h8fgs/1/1 cloudforge-b6697494-jmj49/1/1 cloudforge-b6697494-kmntq/1/1 cloudforge-b6697494-lvdk2/1/1 
18:54:00 PODS: cloudforge-b6697494-68dmb/1/1 cloudforge-b6697494-6dz7l/1/1 cloudforge-b6697494-9thcp/1/1 cloudforge-b6697494-h8fgs/1/1 cloudforge-b6697494-jmj49/1/1 cloudforge-b6697494-kmntq/1/1 cloudforge-b6697494-lvdk2/1/1 
18:54:03 PODS: cloudforge-b6697494-68dmb/1/1 cloudforge-b6697494-6dz7l/1/1 cloudforge-b6697494-9thcp/1/1 cloudforge-b6697494-h8fgs/1/1 cloudforge-b6697494-jmj49/1/1 cloudforge-b6697494-kmntq/1/1 cloudforge-b6697494-lvdk2/1/1 
18:54:05 PODS: cloudforge-b6697494-68dmb/1/1 cloudforge-b6697494-6dz7l/1/1 cloudforge-b6697494-9thcp/1/1 cloudforge-b6697494-h8fgs/1/1 cloudforge-b6697494-jmj49/1/1 cloudforge-b6697494-kmntq/1/1 cloudforge-b6697494-lvdk2/1/1 
18:54:07 PODS: cloudforge-b6697494-68dmb/1/1 cloudforge-b6697494-6dz7l/1/1 cloudforge-b6697494-9thcp/1/1 cloudforge-b6697494-h8fgs/1/1 cloudforge-b6697494-jmj49/1/1 cloudforge-b6697494-kmntq/1/1 cloudforge-b6697494-lvdk2/1/1 
18:54:09 PODS: cloudforge-b6697494-68dmb/1/1 cloudforge-b6697494-6dz7l/1/1 cloudforge-b6697494-9thcp/1/1 cloudforge-b6697494-h8fgs/1/1 cloudforge-b6697494-jmj49/1/1 cloudforge-b6697494-kmntq/1/1 cloudforge-b6697494-lvdk2/1/1 
18:54:11 PODS: cloudforge-b6697494-68dmb/1/1 cloudforge-b6697494-6dz7l/1/1 cloudforge-b6697494-9thcp/1/1 cloudforge-b6697494-h8fgs/1/1 cloudforge-b6697494-jmj49/1/1 cloudforge-b6697494-kmntq/1/1 cloudforge-b6697494-lvdk2/1/1 
18:54:14 PODS: cloudforge-b6697494-68dmb/1/1 cloudforge-b6697494-6dz7l/1/1 cloudforge-b6697494-9thcp/1/1 cloudforge-b6697494-h8fgs/1/1 cloudforge-b6697494-jmj49/1/1 cloudforge-b6697494-kmntq/1/1 cloudforge-b6697494-lvdk2/1/1 
18:54:16 PODS: cloudforge-b6697494-68dmb/1/1 cloudforge-b6697494-6dz7l/1/1 cloudforge-b6697494-9thcp/1/1 cloudforge-b6697494-h8fgs/1/1 cloudforge-b6697494-jmj49/1/1 cloudforge-b6697494-kmntq/1/1 cloudforge-b6697494-lvdk2/1/1 
18:54:18 PODS: cloudforge-b6697494-68dmb/1/1 cloudforge-b6697494-6dz7l/1/1 cloudforge-b6697494-9thcp/1/1 cloudforge-b6697494-h8fgs/1/1 cloudforge-b6697494-jmj49/1/1 cloudforge-b6697494-kmntq/1/1 cloudforge-b6697494-lvdk2/1/1 
18:54:20 PODS: cloudforge-b6697494-68dmb/1/1 cloudforge-b6697494-6dz7l/1/1 cloudforge-b6697494-9thcp/1/1 cloudforge-b6697494-h8fgs/1/1 cloudforge-b6697494-jmj49/1/1 cloudforge-b6697494-kmntq/1/1 cloudforge-b6697494-lvdk2/1/1 
18:54:22 PODS: cloudforge-b6697494-68dmb/1/1 cloudforge-b6697494-6dz7l/1/1 cloudforge-b6697494-9thcp/1/1 cloudforge-b6697494-h8fgs/1/1 cloudforge-b6697494-jmj49/1/1 cloudforge-b6697494-kmntq/1/1 cloudforge-b6697494-lvdk2/1/1 
18:54:25 PODS: cloudforge-b6697494-68dmb/1/1 cloudforge-b6697494-6dz7l/1/1 cloudforge-b6697494-9thcp/1/1 cloudforge-b6697494-h8fgs/1/1 cloudforge-b6697494-jmj49/1/1 cloudforge-b6697494-kmntq/1/1 cloudforge-b6697494-lvdk2/1/1 
18:54:27 PODS: cloudforge-b6697494-68dmb/1/1 cloudforge-b6697494-6dz7l/1/1 cloudforge-b6697494-9thcp/1/1 cloudforge-b6697494-h8fgs/1/1 cloudforge-b6697494-jmj49/1/1 cloudforge-b6697494-kmntq/1/1 cloudforge-b6697494-lvdk2/1/1 
18:54:29 PODS: cloudforge-b6697494-68dmb/1/1 cloudforge-b6697494-6dz7l/1/1 cloudforge-b6697494-9thcp/1/1 cloudforge-b6697494-h8fgs/1/1 cloudforge-b6697494-jmj49/1/1 cloudforge-b6697494-kmntq/1/1 cloudforge-b6697494-lvdk2/1/1 
18:54:31 PODS: cloudforge-b6697494-68dmb/1/1 cloudforge-b6697494-6dz7l/1/1 cloudforge-b6697494-9thcp/1/1 cloudforge-b6697494-h8fgs/1/1 cloudforge-b6697494-jmj49/1/1 cloudforge-b6697494-kmntq/1/1 cloudforge-b6697494-lvdk2/1/1 
18:54:33 PODS: cloudforge-b6697494-68dmb/1/1 cloudforge-b6697494-6dz7l/1/1 cloudforge-b6697494-9thcp/1/1 cloudforge-b6697494-h8fgs/1/1 cloudforge-b6697494-jmj49/1/1 cloudforge-b6697494-kmntq/1/1 cloudforge-b6697494-lvdk2/1/1 
18:54:36 PODS: cloudforge-b6697494-68dmb/1/1 cloudforge-b6697494-6dz7l/1/1 cloudforge-b6697494-9thcp/1/1 cloudforge-b6697494-h8fgs/1/1 cloudforge-b6697494-jmj49/1/1 cloudforge-b6697494-kmntq/1/1 cloudforge-b6697494-lvdk2/1/1 
18:54:38 PODS: cloudforge-b6697494-68dmb/1/1 cloudforge-b6697494-6dz7l/1/1 cloudforge-b6697494-9thcp/1/1 cloudforge-b6697494-h8fgs/1/1 cloudforge-b6697494-jmj49/1/1 cloudforge-b6697494-kmntq/1/1 cloudforge-b6697494-lvdk2/1/1 
18:54:40 PODS: cloudforge-b6697494-68dmb/1/1 cloudforge-b6697494-6dz7l/1/1 cloudforge-b6697494-9thcp/1/1 cloudforge-b6697494-h8fgs/1/1 cloudforge-b6697494-jmj49/1/1 cloudforge-b6697494-kmntq/1/1 cloudforge-b6697494-lvdk2/1/1 
18:54:42 PODS: cloudforge-b6697494-68dmb/1/1 cloudforge-b6697494-6dz7l/1/1 cloudforge-b6697494-9thcp/1/1 cloudforge-b6697494-h8fgs/1/1 cloudforge-b6697494-jmj49/1/1 cloudforge-b6697494-kmntq/1/1 cloudforge-b6697494-lvdk2/1/1 
18:54:45 PODS: cloudforge-b6697494-68dmb/1/1 cloudforge-b6697494-6dz7l/1/1 cloudforge-b6697494-9thcp/1/1 cloudforge-b6697494-h8fgs/1/1 cloudforge-b6697494-jmj49/1/1 cloudforge-b6697494-kmntq/1/1 cloudforge-b6697494-lvdk2/1/1 
18:54:47 PODS: cloudforge-b6697494-68dmb/1/1 cloudforge-b6697494-6dz7l/1/1 cloudforge-b6697494-9thcp/1/1 cloudforge-b6697494-h8fgs/1/1 cloudforge-b6697494-jmj49/1/1 cloudforge-b6697494-kmntq/1/1 cloudforge-b6697494-lvdk2/1/1 
18:54:49 PODS: cloudforge-b6697494-68dmb/1/1 cloudforge-b6697494-6dz7l/1/1 cloudforge-b6697494-9thcp/1/1 cloudforge-b6697494-h8fgs/1/1 cloudforge-b6697494-jmj49/1/1 cloudforge-b6697494-kmntq/1/1 cloudforge-b6697494-lvdk2/1/1 
18:54:51 PODS: cloudforge-b6697494-68dmb/1/1 cloudforge-b6697494-6dz7l/1/1 cloudforge-b6697494-9thcp/1/1 cloudforge-b6697494-h8fgs/1/1 cloudforge-b6697494-jmj49/1/1 cloudforge-b6697494-kmntq/1/1 cloudforge-b6697494-lvdk2/1/1 
18:54:53 PODS: cloudforge-b6697494-68dmb/1/1 cloudforge-b6697494-6dz7l/1/1 cloudforge-b6697494-9thcp/1/1 cloudforge-b6697494-h8fgs/1/1 cloudforge-b6697494-jmj49/1/1 cloudforge-b6697494-kmntq/1/1 cloudforge-b6697494-lvdk2/1/1 
18:54:56 PODS: cloudforge-b6697494-68dmb/1/1 cloudforge-b6697494-6dz7l/1/1 cloudforge-b6697494-9thcp/1/1 cloudforge-b6697494-h8fgs/1/1 cloudforge-b6697494-jmj49/1/1 cloudforge-b6697494-kmntq/1/1 cloudforge-b6697494-lvdk2/1/1 
18:54:58 PODS: cloudforge-b6697494-68dmb/1/1 cloudforge-b6697494-6dz7l/1/1 cloudforge-b6697494-9thcp/0/1 cloudforge-b6697494-h8fgs/1/1 cloudforge-b6697494-jmj49/1/1 cloudforge-b6697494-kmntq/1/1 cloudforge-b6697494-lvdk2/1/1 
18:55:00 PODS: cloudforge-b6697494-68dmb/1/1 cloudforge-b6697494-6dz7l/1/1 cloudforge-b6697494-9thcp/0/1 cloudforge-b6697494-h8fgs/1/1 cloudforge-b6697494-jmj49/1/1 cloudforge-b6697494-kmntq/1/1 cloudforge-b6697494-lvdk2/1/1 
18:55:03 PODS: cloudforge-b6697494-68dmb/1/1 cloudforge-b6697494-6dz7l/1/1 cloudforge-b6697494-9thcp/0/1 cloudforge-b6697494-h8fgs/1/1 cloudforge-b6697494-jmj49/1/1 cloudforge-b6697494-kmntq/1/1 cloudforge-b6697494-lvdk2/1/1 
18:55:05 PODS: cloudforge-b6697494-68dmb/1/1 cloudforge-b6697494-6dz7l/1/1 cloudforge-b6697494-9thcp/0/1 cloudforge-b6697494-h8fgs/1/1 cloudforge-b6697494-jmj49/1/1 cloudforge-b6697494-kmntq/1/1 cloudforge-b6697494-lvdk2/1/1 
18:55:07 PODS: cloudforge-b6697494-68dmb/1/1 cloudforge-b6697494-6dz7l/1/1 cloudforge-b6697494-9thcp/0/1 cloudforge-b6697494-h8fgs/1/1 cloudforge-b6697494-jmj49/1/1 cloudforge-b6697494-kmntq/1/1 cloudforge-b6697494-lvdk2/1/1 
18:55:09 PODS: cloudforge-b6697494-68dmb/1/1 cloudforge-b6697494-6dz7l/1/1 cloudforge-b6697494-9thcp/0/1 cloudforge-b6697494-h8fgs/1/1 cloudforge-b6697494-jmj49/1/1 cloudforge-b6697494-kmntq/1/1 cloudforge-b6697494-lvdk2/1/1 
18:55:11 PODS: cloudforge-b6697494-68dmb/1/1 cloudforge-b6697494-6dz7l/1/1 cloudforge-b6697494-9thcp/0/1 cloudforge-b6697494-h8fgs/1/1 cloudforge-b6697494-jmj49/1/1 cloudforge-b6697494-kmntq/1/1 cloudforge-b6697494-lvdk2/1/1 
18:55:14 PODS: cloudforge-b6697494-68dmb/1/1 cloudforge-b6697494-6dz7l/1/1 cloudforge-b6697494-9thcp/1/1 cloudforge-b6697494-h8fgs/1/1 cloudforge-b6697494-jmj49/1/1 cloudforge-b6697494-kmntq/1/1 cloudforge-b6697494-lvdk2/1/1 
18:55:16 PODS: cloudforge-b6697494-68dmb/1/1 cloudforge-b6697494-6dz7l/1/1 cloudforge-b6697494-9thcp/1/1 cloudforge-b6697494-h8fgs/1/1 cloudforge-b6697494-jmj49/1/1 cloudforge-b6697494-kmntq/1/1 cloudforge-b6697494-lvdk2/1/1 
18:55:18 PODS: cloudforge-b6697494-68dmb/1/1 cloudforge-b6697494-6dz7l/1/1 cloudforge-b6697494-9thcp/1/1 cloudforge-b6697494-h8fgs/1/1 cloudforge-b6697494-jmj49/1/1 cloudforge-b6697494-kmntq/1/1 cloudforge-b6697494-lvdk2/1/1 
18:55:20 PODS: cloudforge-b6697494-68dmb/1/1 cloudforge-b6697494-6dz7l/1/1 cloudforge-b6697494-9thcp/1/1 cloudforge-b6697494-h8fgs/1/1 cloudforge-b6697494-jmj49/1/1 cloudforge-b6697494-kmntq/1/1 cloudforge-b6697494-lvdk2/1/1 
18:55:23 PODS: cloudforge-b6697494-68dmb/1/1 cloudforge-b6697494-6dz7l/1/1 cloudforge-b6697494-9thcp/1/1 cloudforge-b6697494-h8fgs/1/1 cloudforge-b6697494-jmj49/1/1 cloudforge-b6697494-kmntq/1/1 cloudforge-b6697494-lvdk2/1/1 
18:55:25 PODS: cloudforge-b6697494-68dmb/1/1 cloudforge-b6697494-6dz7l/1/1 cloudforge-b6697494-9thcp/1/1 cloudforge-b6697494-h8fgs/1/1 cloudforge-b6697494-jmj49/1/1 cloudforge-b6697494-kmntq/1/1 cloudforge-b6697494-lvdk2/1/1 
18:55:27 PODS: cloudforge-b6697494-68dmb/1/1 cloudforge-b6697494-6dz7l/1/1 cloudforge-b6697494-9thcp/1/1 cloudforge-b6697494-h8fgs/1/1 cloudforge-b6697494-jmj49/1/1 cloudforge-b6697494-kmntq/1/1 cloudforge-b6697494-lvdk2/1/1 
18:55:30 PODS: cloudforge-b6697494-68dmb/1/1 cloudforge-b6697494-6dz7l/1/1 cloudforge-b6697494-9thcp/1/1 cloudforge-b6697494-h8fgs/1/1 cloudforge-b6697494-jmj49/1/1 cloudforge-b6697494-kmntq/1/1 cloudforge-b6697494-lvdk2/1/1 
18:55:32 PODS: cloudforge-b6697494-68dmb/1/1 cloudforge-b6697494-6dz7l/1/1 cloudforge-b6697494-9thcp/1/1 cloudforge-b6697494-h8fgs/1/1 cloudforge-b6697494-jmj49/1/1 cloudforge-b6697494-kmntq/1/1 cloudforge-b6697494-lvdk2/1/1 
18:55:34 PODS: cloudforge-b6697494-68dmb/1/1 cloudforge-b6697494-6dz7l/1/1 cloudforge-b6697494-9thcp/1/1 cloudforge-b6697494-h8fgs/1/1 cloudforge-b6697494-jmj49/1/1 cloudforge-b6697494-kmntq/1/1 cloudforge-b6697494-lvdk2/1/1 
18:55:36 PODS: cloudforge-b6697494-68dmb/1/1 cloudforge-b6697494-6dz7l/1/1 cloudforge-b6697494-9thcp/1/1 cloudforge-b6697494-h8fgs/1/1 cloudforge-b6697494-jmj49/1/1 cloudforge-b6697494-kmntq/1/1 cloudforge-b6697494-lvdk2/1/1 
18:55:38 PODS: cloudforge-b6697494-68dmb/1/1 cloudforge-b6697494-6dz7l/1/1 cloudforge-b6697494-9thcp/1/1 cloudforge-b6697494-h8fgs/1/1 cloudforge-b6697494-jmj49/1/1 cloudforge-b6697494-kmntq/1/1 cloudforge-b6697494-lvdk2/1/1 
18:55:41 PODS: cloudforge-b6697494-68dmb/1/1 cloudforge-b6697494-6dz7l/1/1 cloudforge-b6697494-9thcp/1/1 cloudforge-b6697494-h8fgs/1/1 cloudforge-b6697494-jmj49/1/1 cloudforge-b6697494-kmntq/1/1 cloudforge-b6697494-lvdk2/1/1 
18:55:43 PODS: cloudforge-b6697494-68dmb/1/1 cloudforge-b6697494-6dz7l/1/1 cloudforge-b6697494-9thcp/1/1 cloudforge-b6697494-h8fgs/1/1 cloudforge-b6697494-jmj49/1/1 cloudforge-b6697494-kmntq/1/1 cloudforge-b6697494-lvdk2/1/1 
18:55:45 PODS: cloudforge-b6697494-68dmb/1/1 cloudforge-b6697494-6dz7l/1/1 cloudforge-b6697494-9thcp/1/1 cloudforge-b6697494-h8fgs/1/1 cloudforge-b6697494-jmj49/1/1 cloudforge-b6697494-kmntq/1/1 cloudforge-b6697494-lvdk2/1/1 
18:55:47 PODS: cloudforge-b6697494-68dmb/1/1 cloudforge-b6697494-6dz7l/1/1 cloudforge-b6697494-9thcp/1/1 cloudforge-b6697494-h8fgs/1/1 cloudforge-b6697494-jmj49/1/1 cloudforge-b6697494-kmntq/1/1 cloudforge-b6697494-lvdk2/1/1 
18:55:50 PODS: cloudforge-b6697494-68dmb/1/1 cloudforge-b6697494-6dz7l/1/1 cloudforge-b6697494-9thcp/1/1 cloudforge-b6697494-h8fgs/1/1 cloudforge-b6697494-jmj49/1/1 cloudforge-b6697494-kmntq/1/1 cloudforge-b6697494-lvdk2/1/1 
18:55:52 PODS: cloudforge-b6697494-68dmb/1/1 cloudforge-b6697494-6dz7l/1/1 cloudforge-b6697494-9thcp/1/1 cloudforge-b6697494-h8fgs/1/1 cloudforge-b6697494-jmj49/1/1 cloudforge-b6697494-kmntq/1/1 cloudforge-b6697494-lvdk2/1/1 
18:55:54 PODS: cloudforge-b6697494-68dmb/1/1 cloudforge-b6697494-6dz7l/1/1 cloudforge-b6697494-9thcp/1/1 cloudforge-b6697494-h8fgs/1/1 cloudforge-b6697494-jmj49/1/1 cloudforge-b6697494-kmntq/1/1 cloudforge-b6697494-lvdk2/1/1 
18:55:56 PODS: cloudforge-b6697494-68dmb/1/1 cloudforge-b6697494-6dz7l/1/1 cloudforge-b6697494-9thcp/1/1 cloudforge-b6697494-h8fgs/1/1 cloudforge-b6697494-jmj49/1/1 cloudforge-b6697494-kmntq/1/1 cloudforge-b6697494-lvdk2/1/1 
18:55:59 PODS: cloudforge-b6697494-68dmb/1/1 cloudforge-b6697494-6dz7l/1/1 cloudforge-b6697494-9thcp/1/1 cloudforge-b6697494-h8fgs/1/1 cloudforge-b6697494-jmj49/1/1 cloudforge-b6697494-kmntq/1/1 cloudforge-b6697494-lvdk2/1/1 
18:56:01 PODS: cloudforge-b6697494-68dmb/1/1 cloudforge-b6697494-6dz7l/1/1 cloudforge-b6697494-9thcp/1/1 cloudforge-b6697494-h8fgs/1/1 cloudforge-b6697494-jmj49/1/1 cloudforge-b6697494-kmntq/1/1 cloudforge-b6697494-lvdk2/1/1 
18:56:03 PODS: cloudforge-b6697494-68dmb/1/1 cloudforge-b6697494-6dz7l/1/1 cloudforge-b6697494-9thcp/1/1 cloudforge-b6697494-h8fgs/1/1 cloudforge-b6697494-jmj49/1/1 cloudforge-b6697494-kmntq/1/1 cloudforge-b6697494-lvdk2/1/1 
18:56:05 PODS: cloudforge-b6697494-68dmb/1/1 cloudforge-b6697494-6dz7l/1/1 cloudforge-b6697494-9thcp/1/1 cloudforge-b6697494-h8fgs/1/1 cloudforge-b6697494-jmj49/1/1 cloudforge-b6697494-kmntq/1/1 cloudforge-b6697494-lvdk2/1/1 
18:56:08 PODS: cloudforge-b6697494-68dmb/1/1 cloudforge-b6697494-6dz7l/1/1 cloudforge-b6697494-9thcp/1/1 cloudforge-b6697494-h8fgs/1/1 cloudforge-b6697494-jmj49/1/1 cloudforge-b6697494-kmntq/1/1 cloudforge-b6697494-lvdk2/1/1 
18:56:10 PODS: cloudforge-b6697494-68dmb/1/1 cloudforge-b6697494-6dz7l/1/1 cloudforge-b6697494-9thcp/1/1 cloudforge-b6697494-h8fgs/1/1 cloudforge-b6697494-jmj49/1/1 cloudforge-b6697494-kmntq/1/1 cloudforge-b6697494-lvdk2/1/1 
18:56:12 PODS: cloudforge-b6697494-68dmb/1/1 cloudforge-b6697494-6dz7l/1/1 cloudforge-b6697494-9thcp/1/1 cloudforge-b6697494-h8fgs/1/1 cloudforge-b6697494-jmj49/1/1 cloudforge-b6697494-kmntq/1/1 cloudforge-b6697494-lvdk2/1/1 
18:56:14 PODS: cloudforge-b6697494-68dmb/1/1 cloudforge-b6697494-6dz7l/1/1 cloudforge-b6697494-9thcp/1/1 cloudforge-b6697494-h8fgs/1/1 cloudforge-b6697494-jmj49/1/1 cloudforge-b6697494-kmntq/1/1 cloudforge-b6697494-lvdk2/1/1 
18:56:17 PODS: cloudforge-b6697494-68dmb/1/1 cloudforge-b6697494-6dz7l/1/1 cloudforge-b6697494-9thcp/1/1 cloudforge-b6697494-h8fgs/1/1 cloudforge-b6697494-jmj49/1/1 cloudforge-b6697494-kmntq/1/1 cloudforge-b6697494-lvdk2/1/1 
18:56:19 PODS: cloudforge-b6697494-68dmb/1/1 cloudforge-b6697494-6dz7l/1/1 cloudforge-b6697494-9thcp/1/1 cloudforge-b6697494-h8fgs/1/1 cloudforge-b6697494-jmj49/1/1 cloudforge-b6697494-kmntq/1/1 cloudforge-b6697494-lvdk2/1/1 
18:56:21 PODS: cloudforge-b6697494-68dmb/1/1 cloudforge-b6697494-6dz7l/1/1 cloudforge-b6697494-9thcp/1/1 cloudforge-b6697494-h8fgs/1/1 cloudforge-b6697494-jmj49/1/1 cloudforge-b6697494-kmntq/1/1 cloudforge-b6697494-lvdk2/1/1 
18:56:23 PODS: cloudforge-b6697494-68dmb/1/1 cloudforge-b6697494-6dz7l/1/1 cloudforge-b6697494-9thcp/1/1 cloudforge-b6697494-h8fgs/1/1 cloudforge-b6697494-jmj49/1/1 cloudforge-b6697494-kmntq/1/1 cloudforge-b6697494-lvdk2/1/1 
18:56:25 PODS: cloudforge-b6697494-68dmb/1/1 cloudforge-b6697494-6dz7l/1/1 cloudforge-b6697494-9thcp/1/1 cloudforge-b6697494-h8fgs/1/1 cloudforge-b6697494-jmj49/1/1 cloudforge-b6697494-kmntq/1/1 cloudforge-b6697494-lvdk2/1/1 
18:56:28 PODS: cloudforge-b6697494-68dmb/1/1 cloudforge-b6697494-6dz7l/1/1 cloudforge-b6697494-9thcp/1/1 cloudforge-b6697494-h8fgs/1/1 cloudforge-b6697494-jmj49/1/1 cloudforge-b6697494-kmntq/1/1 cloudforge-b6697494-lvdk2/1/1 
18:56:30 PODS: cloudforge-b6697494-68dmb/1/1 cloudforge-b6697494-6dz7l/1/1 cloudforge-b6697494-9thcp/1/1 cloudforge-b6697494-h8fgs/1/1 cloudforge-b6697494-jmj49/1/1 cloudforge-b6697494-kmntq/1/1 cloudforge-b6697494-lvdk2/1/1 
18:56:32 PODS: cloudforge-b6697494-68dmb/1/1 cloudforge-b6697494-6dz7l/1/1 cloudforge-b6697494-9thcp/1/1 cloudforge-b6697494-h8fgs/1/1 cloudforge-b6697494-jmj49/1/1 cloudforge-b6697494-kmntq/1/1 cloudforge-b6697494-lvdk2/1/1 
18:56:34 PODS: cloudforge-b6697494-68dmb/1/1 cloudforge-b6697494-6dz7l/1/1 cloudforge-b6697494-9thcp/1/1 cloudforge-b6697494-h8fgs/1/1 cloudforge-b6697494-jmj49/1/1 cloudforge-b6697494-kmntq/1/1 cloudforge-b6697494-lvdk2/1/1 
18:56:37 PODS: cloudforge-b6697494-68dmb/1/1 cloudforge-b6697494-6dz7l/1/1 cloudforge-b6697494-9thcp/1/1 cloudforge-b6697494-h8fgs/1/1 cloudforge-b6697494-jmj49/1/1 cloudforge-b6697494-kmntq/1/1 cloudforge-b6697494-lvdk2/1/1 
18:56:39 PODS: cloudforge-b6697494-68dmb/1/1 cloudforge-b6697494-6dz7l/1/1 cloudforge-b6697494-9thcp/1/1 cloudforge-b6697494-h8fgs/1/1 cloudforge-b6697494-jmj49/1/1 cloudforge-b6697494-kmntq/1/1 cloudforge-b6697494-lvdk2/1/1 
18:56:41 PODS: cloudforge-b6697494-68dmb/1/1 cloudforge-b6697494-6dz7l/1/1 cloudforge-b6697494-9thcp/1/1 cloudforge-b6697494-h8fgs/1/1 cloudforge-b6697494-jmj49/1/1 cloudforge-b6697494-kmntq/1/1 cloudforge-b6697494-lvdk2/1/1 
18:56:44 PODS: cloudforge-b6697494-68dmb/1/1 cloudforge-b6697494-6dz7l/1/1 cloudforge-b6697494-9thcp/1/1 cloudforge-b6697494-h8fgs/1/1 cloudforge-b6697494-jmj49/1/1 cloudforge-b6697494-kmntq/1/1 cloudforge-b6697494-lvdk2/1/1 
18:56:46 PODS: cloudforge-b6697494-68dmb/1/1 cloudforge-b6697494-6dz7l/1/1 cloudforge-b6697494-9thcp/1/1 cloudforge-b6697494-h8fgs/1/1 cloudforge-b6697494-jmj49/1/1 cloudforge-b6697494-kmntq/1/1 cloudforge-b6697494-lvdk2/1/1 
18:56:49 PODS: cloudforge-b6697494-68dmb/1/1 cloudforge-b6697494-6dz7l/1/1 cloudforge-b6697494-9thcp/1/1 cloudforge-b6697494-h8fgs/1/1 cloudforge-b6697494-jmj49/1/1 cloudforge-b6697494-kmntq/1/1 cloudforge-b6697494-lvdk2/1/1 
18:56:51 PODS: cloudforge-b6697494-68dmb/1/1 cloudforge-b6697494-6dz7l/1/1 cloudforge-b6697494-9thcp/1/1 cloudforge-b6697494-h8fgs/1/1 cloudforge-b6697494-jmj49/1/1 cloudforge-b6697494-kmntq/1/1 cloudforge-b6697494-lvdk2/1/1 
18:56:53 PODS: cloudforge-b6697494-68dmb/1/1 cloudforge-b6697494-6dz7l/1/1 cloudforge-b6697494-9thcp/1/1 cloudforge-b6697494-h8fgs/1/1 cloudforge-b6697494-jmj49/1/1 cloudforge-b6697494-kmntq/1/1 cloudforge-b6697494-lvdk2/1/1 
18:56:55 PODS: cloudforge-b6697494-68dmb/1/1 cloudforge-b6697494-6dz7l/1/1 cloudforge-b6697494-9thcp/1/1 cloudforge-b6697494-h8fgs/1/1 cloudforge-b6697494-jmj49/1/1 cloudforge-b6697494-kmntq/1/1 cloudforge-b6697494-lvdk2/1/1 
18:56:58 PODS: cloudforge-b6697494-68dmb/1/1 cloudforge-b6697494-6dz7l/1/1 cloudforge-b6697494-9thcp/1/1 cloudforge-b6697494-h8fgs/1/1 cloudforge-b6697494-jmj49/1/1 cloudforge-b6697494-kmntq/1/1 cloudforge-b6697494-lvdk2/1/1 
18:57:00 PODS: cloudforge-b6697494-68dmb/1/1 cloudforge-b6697494-6dz7l/1/1 cloudforge-b6697494-9thcp/1/1 cloudforge-b6697494-h8fgs/1/1 cloudforge-b6697494-jmj49/1/1 cloudforge-b6697494-kmntq/1/1 cloudforge-b6697494-lvdk2/1/1 
18:57:02 PODS: cloudforge-b6697494-68dmb/1/1 cloudforge-b6697494-6dz7l/1/1 cloudforge-b6697494-9thcp/1/1 cloudforge-b6697494-h8fgs/1/1 cloudforge-b6697494-jmj49/1/1 cloudforge-b6697494-kmntq/1/1 cloudforge-b6697494-lvdk2/1/1 
18:57:04 PODS: cloudforge-b6697494-68dmb/1/1 cloudforge-b6697494-6dz7l/1/1 cloudforge-b6697494-9thcp/1/1 cloudforge-b6697494-h8fgs/1/1 cloudforge-b6697494-jmj49/1/1 cloudforge-b6697494-kmntq/1/1 cloudforge-b6697494-lvdk2/1/1 
18:57:07 PODS: cloudforge-b6697494-68dmb/1/1 cloudforge-b6697494-6dz7l/1/1 cloudforge-b6697494-9thcp/1/1 cloudforge-b6697494-h8fgs/1/1 cloudforge-b6697494-jmj49/1/1 cloudforge-b6697494-kmntq/1/1 cloudforge-b6697494-lvdk2/1/1 
18:57:09 PODS: cloudforge-b6697494-68dmb/1/1 cloudforge-b6697494-6dz7l/1/1 cloudforge-b6697494-9thcp/1/1 cloudforge-b6697494-h8fgs/1/1 cloudforge-b6697494-jmj49/1/1 cloudforge-b6697494-kmntq/1/1 cloudforge-b6697494-lvdk2/1/1 
18:57:11 PODS: cloudforge-b6697494-68dmb/1/1 cloudforge-b6697494-6dz7l/1/1 cloudforge-b6697494-9thcp/1/1 cloudforge-b6697494-h8fgs/1/1 cloudforge-b6697494-jmj49/1/1 cloudforge-b6697494-kmntq/1/1 cloudforge-b6697494-lvdk2/1/1 
18:57:13 PODS: cloudforge-b6697494-68dmb/1/1 cloudforge-b6697494-6dz7l/1/1 cloudforge-b6697494-9thcp/1/1 cloudforge-b6697494-h8fgs/1/1 cloudforge-b6697494-jmj49/1/1 cloudforge-b6697494-kmntq/1/1 cloudforge-b6697494-lvdk2/1/1 
18:57:15 PODS: cloudforge-b6697494-68dmb/1/1 cloudforge-b6697494-6dz7l/1/1 cloudforge-b6697494-9thcp/1/1 cloudforge-b6697494-h8fgs/1/1 cloudforge-b6697494-jmj49/1/1 cloudforge-b6697494-kmntq/1/1 cloudforge-b6697494-lvdk2/1/1 
18:57:18 PODS: cloudforge-b6697494-68dmb/1/1 cloudforge-b6697494-6dz7l/1/1 cloudforge-b6697494-9thcp/1/1 cloudforge-b6697494-h8fgs/1/1 cloudforge-b6697494-jmj49/1/1 cloudforge-b6697494-kmntq/1/1 cloudforge-b6697494-lvdk2/1/1 
18:57:20 PODS: cloudforge-b6697494-68dmb/1/1 cloudforge-b6697494-6dz7l/1/1 cloudforge-b6697494-9thcp/1/1 cloudforge-b6697494-h8fgs/1/1 cloudforge-b6697494-jmj49/1/1 cloudforge-b6697494-kmntq/1/1 cloudforge-b6697494-lvdk2/1/1 
18:57:22 PODS: cloudforge-b6697494-68dmb/1/1 cloudforge-b6697494-6dz7l/1/1 cloudforge-b6697494-9thcp/1/1 cloudforge-b6697494-h8fgs/1/1 cloudforge-b6697494-jmj49/1/1 cloudforge-b6697494-kmntq/1/1 cloudforge-b6697494-lvdk2/1/1 
18:57:24 PODS: cloudforge-b6697494-68dmb/1/1 cloudforge-b6697494-6dz7l/1/1 cloudforge-b6697494-9thcp/1/1 cloudforge-b6697494-h8fgs/1/1 cloudforge-b6697494-jmj49/1/1 cloudforge-b6697494-kmntq/1/1 cloudforge-b6697494-lvdk2/1/1 
18:57:27 PODS: cloudforge-b6697494-68dmb/1/1 cloudforge-b6697494-6dz7l/1/1 cloudforge-b6697494-9thcp/1/1 cloudforge-b6697494-h8fgs/1/1 cloudforge-b6697494-jmj49/1/1 cloudforge-b6697494-kmntq/1/1 cloudforge-b6697494-lvdk2/1/1 
18:57:29 PODS: cloudforge-b6697494-68dmb/1/1 cloudforge-b6697494-6dz7l/1/1 cloudforge-b6697494-9thcp/1/1 cloudforge-b6697494-h8fgs/1/1 cloudforge-b6697494-jmj49/1/1 cloudforge-b6697494-kmntq/1/1 cloudforge-b6697494-lvdk2/1/1 
18:57:31 PODS: cloudforge-b6697494-68dmb/1/1 cloudforge-b6697494-6dz7l/1/1 cloudforge-b6697494-9thcp/1/1 cloudforge-b6697494-h8fgs/1/1 cloudforge-b6697494-jmj49/1/1 cloudforge-b6697494-kmntq/1/1 cloudforge-b6697494-lvdk2/1/1 
18:57:33 PODS: cloudforge-b6697494-68dmb/1/1 cloudforge-b6697494-6dz7l/1/1 cloudforge-b6697494-9thcp/1/1 cloudforge-b6697494-h8fgs/1/1 cloudforge-b6697494-jmj49/1/1 cloudforge-b6697494-kmntq/1/1 cloudforge-b6697494-lvdk2/1/1 
18:57:36 PODS: cloudforge-b6697494-68dmb/1/1 cloudforge-b6697494-6dz7l/1/1 cloudforge-b6697494-9thcp/1/1 cloudforge-b6697494-h8fgs/1/1 cloudforge-b6697494-jmj49/1/1 cloudforge-b6697494-kmntq/1/1 cloudforge-b6697494-lvdk2/1/1 
18:57:38 PODS: cloudforge-b6697494-68dmb/1/1 cloudforge-b6697494-6dz7l/1/1 cloudforge-b6697494-9thcp/1/1 cloudforge-b6697494-h8fgs/1/1 cloudforge-b6697494-jmj49/1/1 cloudforge-b6697494-kmntq/1/1 cloudforge-b6697494-lvdk2/1/1 
18:57:41 PODS: cloudforge-b6697494-68dmb/1/1 cloudforge-b6697494-6dz7l/1/1 cloudforge-b6697494-9thcp/1/1 cloudforge-b6697494-h8fgs/1/1 cloudforge-b6697494-jmj49/1/1 cloudforge-b6697494-kmntq/1/1 cloudforge-b6697494-lvdk2/1/1 
18:57:43 PODS: cloudforge-b6697494-68dmb/1/1 cloudforge-b6697494-6dz7l/1/1 cloudforge-b6697494-9thcp/1/1 cloudforge-b6697494-h8fgs/1/1 cloudforge-b6697494-jmj49/1/1 cloudforge-b6697494-kmntq/1/1 cloudforge-b6697494-lvdk2/1/1 
18:57:45 PODS: cloudforge-b6697494-68dmb/1/1 cloudforge-b6697494-6dz7l/1/1 cloudforge-b6697494-9thcp/1/1 cloudforge-b6697494-h8fgs/1/1 cloudforge-b6697494-jmj49/1/1 cloudforge-b6697494-kmntq/1/1 cloudforge-b6697494-lvdk2/1/1 
18:57:48 PODS: cloudforge-b6697494-68dmb/1/1 cloudforge-b6697494-6dz7l/1/1 cloudforge-b6697494-9thcp/1/1 cloudforge-b6697494-h8fgs/1/1 cloudforge-b6697494-jmj49/1/1 cloudforge-b6697494-kmntq/1/1 cloudforge-b6697494-lvdk2/1/1 
18:57:50 PODS: cloudforge-b6697494-68dmb/1/1 cloudforge-b6697494-6dz7l/1/1 cloudforge-b6697494-9thcp/1/1 cloudforge-b6697494-h8fgs/1/1 cloudforge-b6697494-jmj49/1/1 cloudforge-b6697494-kmntq/1/1 cloudforge-b6697494-lvdk2/1/1 
18:57:52 PODS: cloudforge-b6697494-68dmb/1/1 cloudforge-b6697494-6dz7l/1/1 cloudforge-b6697494-9thcp/1/1 cloudforge-b6697494-h8fgs/1/1 cloudforge-b6697494-jmj49/1/1 cloudforge-b6697494-kmntq/1/1 cloudforge-b6697494-lvdk2/1/1 
18:57:54 PODS: cloudforge-b6697494-68dmb/1/1 cloudforge-b6697494-6dz7l/1/1 cloudforge-b6697494-9thcp/1/1 cloudforge-b6697494-h8fgs/1/1 cloudforge-b6697494-jmj49/1/1 cloudforge-b6697494-kmntq/1/1 cloudforge-b6697494-lvdk2/1/1 
18:57:57 PODS: cloudforge-b6697494-68dmb/1/1 cloudforge-b6697494-6dz7l/1/1 cloudforge-b6697494-9thcp/1/1 cloudforge-b6697494-h8fgs/1/1 cloudforge-b6697494-jmj49/1/1 cloudforge-b6697494-kmntq/1/1 cloudforge-b6697494-lvdk2/1/1 
18:57:59 PODS: cloudforge-b6697494-68dmb/1/1 cloudforge-b6697494-6dz7l/1/1 cloudforge-b6697494-9thcp/1/1 cloudforge-b6697494-h8fgs/1/1 cloudforge-b6697494-jmj49/1/1 cloudforge-b6697494-kmntq/1/1 cloudforge-b6697494-lvdk2/1/1 
18:58:01 PODS: cloudforge-b6697494-68dmb/1/1 cloudforge-b6697494-6dz7l/1/1 cloudforge-b6697494-9thcp/1/1 cloudforge-b6697494-h8fgs/1/1 cloudforge-b6697494-jmj49/1/1 cloudforge-b6697494-kmntq/1/1 cloudforge-b6697494-lvdk2/1/1 
18:58:03 PODS: cloudforge-b6697494-68dmb/1/1 cloudforge-b6697494-6dz7l/1/1 cloudforge-b6697494-9thcp/1/1 cloudforge-b6697494-h8fgs/1/1 cloudforge-b6697494-jmj49/1/1 cloudforge-b6697494-kmntq/1/1 cloudforge-b6697494-lvdk2/1/1 
18:58:06 PODS: cloudforge-b6697494-68dmb/1/1 cloudforge-b6697494-6dz7l/1/1 cloudforge-b6697494-9thcp/1/1 cloudforge-b6697494-h8fgs/1/1 cloudforge-b6697494-jmj49/1/1 cloudforge-b6697494-kmntq/1/1 cloudforge-b6697494-lvdk2/1/1 
18:58:08 PODS: cloudforge-b6697494-68dmb/1/1 cloudforge-b6697494-6dz7l/1/1 cloudforge-b6697494-9thcp/1/1 cloudforge-b6697494-h8fgs/1/1 cloudforge-b6697494-jmj49/1/1 cloudforge-b6697494-kmntq/1/1 cloudforge-b6697494-lvdk2/1/1 
18:58:11 PODS: cloudforge-b6697494-68dmb/1/1 cloudforge-b6697494-6dz7l/1/1 cloudforge-b6697494-9thcp/1/1 cloudforge-b6697494-h8fgs/1/1 cloudforge-b6697494-jmj49/1/1 cloudforge-b6697494-kmntq/1/1 cloudforge-b6697494-lvdk2/1/1 
18:58:13 PODS: cloudforge-b6697494-68dmb/1/1 cloudforge-b6697494-6dz7l/1/1 cloudforge-b6697494-9thcp/1/1 cloudforge-b6697494-h8fgs/1/1 cloudforge-b6697494-jmj49/1/1 cloudforge-b6697494-kmntq/1/1 cloudforge-b6697494-lvdk2/1/1 
18:58:15 PODS: cloudforge-b6697494-68dmb/1/1 cloudforge-b6697494-6dz7l/1/1 cloudforge-b6697494-9thcp/1/1 cloudforge-b6697494-h8fgs/1/1 cloudforge-b6697494-jmj49/1/1 cloudforge-b6697494-kmntq/1/1 cloudforge-b6697494-lvdk2/1/1 
18:58:17 PODS: cloudforge-b6697494-68dmb/1/1 cloudforge-b6697494-6dz7l/1/1 cloudforge-b6697494-9thcp/1/1 cloudforge-b6697494-h8fgs/1/1 cloudforge-b6697494-jmj49/1/1 cloudforge-b6697494-kmntq/1/1 cloudforge-b6697494-lvdk2/1/1 
18:58:19 PODS: cloudforge-b6697494-68dmb/1/1 cloudforge-b6697494-6dz7l/1/1 cloudforge-b6697494-9thcp/1/1 cloudforge-b6697494-h8fgs/1/1 cloudforge-b6697494-jmj49/1/1 cloudforge-b6697494-kmntq/1/1 cloudforge-b6697494-lvdk2/1/1 
18:58:22 PODS: cloudforge-b6697494-68dmb/1/1 cloudforge-b6697494-6dz7l/1/1 cloudforge-b6697494-9thcp/1/1 cloudforge-b6697494-h8fgs/1/1 cloudforge-b6697494-jmj49/1/1 cloudforge-b6697494-kmntq/1/1 cloudforge-b6697494-lvdk2/1/1 
18:58:24 PODS: cloudforge-b6697494-68dmb/1/1 cloudforge-b6697494-6dz7l/1/1 cloudforge-b6697494-9thcp/1/1 cloudforge-b6697494-h8fgs/1/1 cloudforge-b6697494-jmj49/1/1 cloudforge-b6697494-kmntq/1/1 cloudforge-b6697494-lvdk2/1/1 
18:58:26 PODS: cloudforge-b6697494-68dmb/1/1 cloudforge-b6697494-6dz7l/1/1 cloudforge-b6697494-9thcp/1/1 cloudforge-b6697494-h8fgs/1/1 cloudforge-b6697494-jmj49/1/1 cloudforge-b6697494-kmntq/1/1 cloudforge-b6697494-lvdk2/1/1 
18:58:28 PODS: cloudforge-b6697494-68dmb/1/1 cloudforge-b6697494-6dz7l/1/1 cloudforge-b6697494-9thcp/1/1 cloudforge-b6697494-h8fgs/1/1 cloudforge-b6697494-jmj49/1/1 cloudforge-b6697494-kmntq/1/1 cloudforge-b6697494-lvdk2/1/1 
18:58:31 PODS: cloudforge-b6697494-68dmb/1/1 cloudforge-b6697494-6dz7l/1/1 cloudforge-b6697494-9thcp/1/1 cloudforge-b6697494-h8fgs/1/1 cloudforge-b6697494-jmj49/1/1 cloudforge-b6697494-kmntq/1/1 cloudforge-b6697494-lvdk2/1/1 
18:58:33 PODS: cloudforge-b6697494-68dmb/1/1 cloudforge-b6697494-6dz7l/1/1 cloudforge-b6697494-9thcp/1/1 cloudforge-b6697494-h8fgs/1/1 cloudforge-b6697494-jmj49/1/1 cloudforge-b6697494-kmntq/1/1 cloudforge-b6697494-lvdk2/1/1 
18:58:35 PODS: cloudforge-b6697494-68dmb/1/1 cloudforge-b6697494-6dz7l/1/1 cloudforge-b6697494-9thcp/1/1 cloudforge-b6697494-h8fgs/1/1 cloudforge-b6697494-jmj49/1/1 cloudforge-b6697494-kmntq/1/1 cloudforge-b6697494-lvdk2/1/1 
18:58:38 PODS: cloudforge-b6697494-68dmb/1/1 cloudforge-b6697494-6dz7l/1/1 cloudforge-b6697494-9thcp/1/1 cloudforge-b6697494-h8fgs/1/1 cloudforge-b6697494-jmj49/1/1 cloudforge-b6697494-kmntq/1/1 cloudforge-b6697494-lvdk2/1/1 
18:58:40 PODS: cloudforge-b6697494-68dmb/1/1 cloudforge-b6697494-6dz7l/1/1 cloudforge-b6697494-9thcp/1/1 cloudforge-b6697494-h8fgs/1/1 cloudforge-b6697494-jmj49/1/1 cloudforge-b6697494-kmntq/1/1 cloudforge-b6697494-lvdk2/1/1 
18:58:42 PODS: cloudforge-b6697494-68dmb/1/1 cloudforge-b6697494-6dz7l/1/1 cloudforge-b6697494-9thcp/1/1 cloudforge-b6697494-h8fgs/1/1 cloudforge-b6697494-jmj49/1/1 cloudforge-b6697494-kmntq/1/1 cloudforge-b6697494-lvdk2/1/1 
18:58:44 PODS: cloudforge-b6697494-68dmb/1/1 cloudforge-b6697494-6dz7l/1/1 cloudforge-b6697494-9thcp/1/1 cloudforge-b6697494-h8fgs/1/1 cloudforge-b6697494-jmj49/1/1 cloudforge-b6697494-kmntq/1/1 cloudforge-b6697494-lvdk2/1/1 
18:58:47 PODS: cloudforge-b6697494-68dmb/1/1 cloudforge-b6697494-6dz7l/1/1 cloudforge-b6697494-9thcp/1/1 cloudforge-b6697494-h8fgs/1/1 cloudforge-b6697494-jmj49/1/1 cloudforge-b6697494-kmntq/1/1 cloudforge-b6697494-lvdk2/1/1 
18:58:49 PODS: cloudforge-b6697494-68dmb/1/1 cloudforge-b6697494-6dz7l/1/1 cloudforge-b6697494-9thcp/1/1 cloudforge-b6697494-h8fgs/1/1 cloudforge-b6697494-jmj49/1/1 cloudforge-b6697494-kmntq/1/1 cloudforge-b6697494-lvdk2/1/1 
18:58:51 PODS: cloudforge-b6697494-68dmb/1/1 cloudforge-b6697494-6dz7l/1/1 cloudforge-b6697494-9thcp/1/1 cloudforge-b6697494-h8fgs/1/1 cloudforge-b6697494-jmj49/1/1 cloudforge-b6697494-kmntq/1/1 cloudforge-b6697494-lvdk2/1/1 
18:58:54 PODS: cloudforge-b6697494-68dmb/1/1 cloudforge-b6697494-6dz7l/1/1 cloudforge-b6697494-9thcp/1/1 cloudforge-b6697494-h8fgs/1/1 cloudforge-b6697494-jmj49/1/1 cloudforge-b6697494-kmntq/1/1 cloudforge-b6697494-lvdk2/1/1 
18:58:56 PODS: cloudforge-b6697494-68dmb/1/1 cloudforge-b6697494-6dz7l/1/1 cloudforge-b6697494-9thcp/1/1 cloudforge-b6697494-h8fgs/1/1 cloudforge-b6697494-jmj49/1/1 cloudforge-b6697494-kmntq/1/1 cloudforge-b6697494-lvdk2/1/1 
18:58:58 PODS: cloudforge-b6697494-68dmb/1/1 cloudforge-b6697494-6dz7l/1/1 cloudforge-b6697494-9thcp/1/1 cloudforge-b6697494-h8fgs/1/1 cloudforge-b6697494-jmj49/1/1 cloudforge-b6697494-kmntq/1/1 cloudforge-b6697494-lvdk2/1/1 
18:59:01 PODS: cloudforge-b6697494-68dmb/1/1 cloudforge-b6697494-6dz7l/1/1 cloudforge-b6697494-9thcp/1/1 cloudforge-b6697494-h8fgs/1/1 cloudforge-b6697494-jmj49/1/1 cloudforge-b6697494-kmntq/1/1 cloudforge-b6697494-lvdk2/1/1 
18:59:03 PODS: cloudforge-b6697494-68dmb/1/1 cloudforge-b6697494-6dz7l/1/1 cloudforge-b6697494-9thcp/1/1 cloudforge-b6697494-h8fgs/1/1 cloudforge-b6697494-jmj49/1/1 cloudforge-b6697494-kmntq/1/1 cloudforge-b6697494-lvdk2/1/1 
18:59:05 PODS: cloudforge-b6697494-68dmb/1/1 cloudforge-b6697494-6dz7l/1/1 cloudforge-b6697494-9thcp/1/1 cloudforge-b6697494-h8fgs/1/1 cloudforge-b6697494-jmj49/1/1 cloudforge-b6697494-kmntq/1/1 cloudforge-b6697494-lvdk2/1/1 
18:59:07 PODS: cloudforge-b6697494-68dmb/1/1 cloudforge-b6697494-6dz7l/1/1 cloudforge-b6697494-9thcp/1/1 cloudforge-b6697494-h8fgs/1/1 cloudforge-b6697494-jmj49/1/1 cloudforge-b6697494-kmntq/1/1 cloudforge-b6697494-lvdk2/1/1 
18:59:10 PODS: cloudforge-b6697494-68dmb/1/1 cloudforge-b6697494-6dz7l/1/1 cloudforge-b6697494-9thcp/1/1 cloudforge-b6697494-h8fgs/1/1 cloudforge-b6697494-jmj49/1/1 cloudforge-b6697494-kmntq/1/1 cloudforge-b6697494-lvdk2/1/1 
18:59:12 PODS: cloudforge-b6697494-68dmb/1/1 cloudforge-b6697494-6dz7l/1/1 cloudforge-b6697494-9thcp/1/1 cloudforge-b6697494-h8fgs/1/1 cloudforge-b6697494-jmj49/1/1 cloudforge-b6697494-kmntq/1/1 cloudforge-b6697494-lvdk2/1/1 
18:59:14 PODS: cloudforge-b6697494-68dmb/1/1 cloudforge-b6697494-6dz7l/1/1 cloudforge-b6697494-9thcp/1/1 cloudforge-b6697494-h8fgs/1/1 cloudforge-b6697494-jmj49/1/1 cloudforge-b6697494-kmntq/1/1 cloudforge-b6697494-lvdk2/1/1 
18:59:16 PODS: cloudforge-b6697494-68dmb/1/1 cloudforge-b6697494-6dz7l/1/1 cloudforge-b6697494-9thcp/1/1 cloudforge-b6697494-h8fgs/1/1 cloudforge-b6697494-jmj49/1/1 cloudforge-b6697494-kmntq/1/1 cloudforge-b6697494-lvdk2/1/1 
18:59:18 PODS: cloudforge-b6697494-68dmb/1/1 cloudforge-b6697494-6dz7l/1/1 cloudforge-b6697494-9thcp/1/1 cloudforge-b6697494-h8fgs/1/1 cloudforge-b6697494-jmj49/1/1 cloudforge-b6697494-kmntq/1/1 cloudforge-b6697494-lvdk2/1/1 
18:59:21 PODS: cloudforge-b6697494-68dmb/1/1 cloudforge-b6697494-6dz7l/1/1 cloudforge-b6697494-9thcp/1/1 cloudforge-b6697494-h8fgs/1/1 cloudforge-b6697494-jmj49/1/1 cloudforge-b6697494-kmntq/1/1 cloudforge-b6697494-lvdk2/1/1 
18:59:23 PODS: cloudforge-b6697494-68dmb/1/1 cloudforge-b6697494-6dz7l/1/1 cloudforge-b6697494-9thcp/1/1 cloudforge-b6697494-h8fgs/1/1 cloudforge-b6697494-jmj49/1/1 cloudforge-b6697494-kmntq/1/1 cloudforge-b6697494-lvdk2/1/1 
18:59:25 PODS: cloudforge-b6697494-68dmb/1/1 cloudforge-b6697494-6dz7l/1/1 cloudforge-b6697494-9thcp/1/1 cloudforge-b6697494-h8fgs/1/1 cloudforge-b6697494-jmj49/1/1 cloudforge-b6697494-kmntq/1/1 cloudforge-b6697494-lvdk2/1/1 
18:59:28 PODS: cloudforge-b6697494-68dmb/1/1 cloudforge-b6697494-6dz7l/1/1 cloudforge-b6697494-9thcp/1/1 cloudforge-b6697494-h8fgs/1/1 cloudforge-b6697494-jmj49/1/1 cloudforge-b6697494-kmntq/1/1 cloudforge-b6697494-lvdk2/1/1 
18:59:30 PODS: cloudforge-b6697494-68dmb/1/1 cloudforge-b6697494-6dz7l/1/1 cloudforge-b6697494-9thcp/1/1 cloudforge-b6697494-h8fgs/1/1 cloudforge-b6697494-jmj49/1/1 cloudforge-b6697494-kmntq/1/1 cloudforge-b6697494-lvdk2/1/1 
18:59:32 PODS: cloudforge-b6697494-68dmb/1/1 cloudforge-b6697494-6dz7l/1/1 cloudforge-b6697494-9thcp/1/1 cloudforge-b6697494-h8fgs/1/1 cloudforge-b6697494-jmj49/1/1 cloudforge-b6697494-kmntq/1/1 cloudforge-b6697494-lvdk2/1/1 
18:59:34 PODS: cloudforge-b6697494-68dmb/1/1 cloudforge-b6697494-6dz7l/1/1 cloudforge-b6697494-9thcp/1/1 cloudforge-b6697494-h8fgs/1/1 cloudforge-b6697494-jmj49/1/1 cloudforge-b6697494-kmntq/1/1 cloudforge-b6697494-lvdk2/1/1 
18:59:37 PODS: cloudforge-b6697494-68dmb/1/1 cloudforge-b6697494-6dz7l/1/1 cloudforge-b6697494-9thcp/1/1 cloudforge-b6697494-h8fgs/1/1 cloudforge-b6697494-jmj49/1/1 cloudforge-b6697494-kmntq/1/1 cloudforge-b6697494-lvdk2/1/1 
18:59:39 PODS: cloudforge-b6697494-68dmb/1/1 cloudforge-b6697494-6dz7l/1/1 cloudforge-b6697494-9thcp/1/1 cloudforge-b6697494-h8fgs/1/1 cloudforge-b6697494-jmj49/1/1 cloudforge-b6697494-kmntq/1/1 cloudforge-b6697494-lvdk2/1/1 
18:59:41 PODS: cloudforge-b6697494-68dmb/1/1 cloudforge-b6697494-6dz7l/1/1 cloudforge-b6697494-9thcp/1/1 cloudforge-b6697494-h8fgs/1/1 cloudforge-b6697494-jmj49/1/1 cloudforge-b6697494-kmntq/1/1 cloudforge-b6697494-lvdk2/1/1 
18:59:43 PODS: cloudforge-b6697494-68dmb/1/1 cloudforge-b6697494-6dz7l/1/1 cloudforge-b6697494-9thcp/1/1 cloudforge-b6697494-h8fgs/1/1 cloudforge-b6697494-jmj49/1/1 cloudforge-b6697494-kmntq/1/1 cloudforge-b6697494-lvdk2/1/1 
18:59:45 PODS: cloudforge-b6697494-68dmb/1/1 cloudforge-b6697494-6dz7l/1/1 cloudforge-b6697494-9thcp/1/1 cloudforge-b6697494-h8fgs/1/1 cloudforge-b6697494-jmj49/1/1 cloudforge-b6697494-kmntq/1/1 cloudforge-b6697494-lvdk2/1/1 
18:59:48 PODS: cloudforge-b6697494-68dmb/1/1 cloudforge-b6697494-6dz7l/1/1 cloudforge-b6697494-9thcp/1/1 cloudforge-b6697494-h8fgs/1/1 cloudforge-b6697494-jmj49/1/1 cloudforge-b6697494-kmntq/1/1 cloudforge-b6697494-lvdk2/1/1 
18:59:50 PODS: cloudforge-b6697494-68dmb/1/1 cloudforge-b6697494-6dz7l/1/1 cloudforge-b6697494-9thcp/1/1 cloudforge-b6697494-h8fgs/1/1 cloudforge-b6697494-jmj49/1/1 cloudforge-b6697494-kmntq/1/1 cloudforge-b6697494-lvdk2/1/1 
18:59:52 PODS: cloudforge-b6697494-68dmb/1/1 cloudforge-b6697494-6dz7l/1/1 cloudforge-b6697494-9thcp/1/1 cloudforge-b6697494-h8fgs/1/1 cloudforge-b6697494-jmj49/1/1 cloudforge-b6697494-kmntq/1/1 cloudforge-b6697494-lvdk2/1/1 
18:59:54 PODS: cloudforge-b6697494-68dmb/1/1 cloudforge-b6697494-6dz7l/1/1 cloudforge-b6697494-9thcp/1/1 cloudforge-b6697494-h8fgs/1/1 cloudforge-b6697494-jmj49/1/1 cloudforge-b6697494-kmntq/1/1 cloudforge-b6697494-lvdk2/1/1 
18:59:57 PODS: cloudforge-b6697494-68dmb/1/1 cloudforge-b6697494-6dz7l/1/1 cloudforge-b6697494-9thcp/1/1 cloudforge-b6697494-h8fgs/1/1 cloudforge-b6697494-jmj49/1/1 cloudforge-b6697494-kmntq/1/1 cloudforge-b6697494-lvdk2/1/1 
18:59:59 PODS: cloudforge-b6697494-68dmb/1/1 cloudforge-b6697494-6dz7l/1/1 cloudforge-b6697494-9thcp/1/1 cloudforge-b6697494-h8fgs/1/1 cloudforge-b6697494-jmj49/1/1 cloudforge-b6697494-kmntq/1/1 cloudforge-b6697494-lvdk2/1/1 
19:00:02 PODS: cloudforge-b6697494-68dmb/1/1 cloudforge-b6697494-6dz7l/1/1 cloudforge-b6697494-9thcp/1/1 cloudforge-b6697494-h8fgs/1/1 cloudforge-b6697494-jmj49/1/1 cloudforge-b6697494-kmntq/1/1 cloudforge-b6697494-lvdk2/1/1 
19:00:04 PODS: cloudforge-b6697494-68dmb/1/1 cloudforge-b6697494-6dz7l/1/1 cloudforge-b6697494-9thcp/1/1 cloudforge-b6697494-h8fgs/1/1 cloudforge-b6697494-jmj49/1/1 cloudforge-b6697494-kmntq/1/1 cloudforge-b6697494-lvdk2/1/1 
19:00:06 PODS: cloudforge-b6697494-68dmb/1/1 cloudforge-b6697494-6dz7l/1/1 cloudforge-b6697494-9thcp/1/1 cloudforge-b6697494-h8fgs/1/1 cloudforge-b6697494-jmj49/1/1 cloudforge-b6697494-kmntq/1/1 cloudforge-b6697494-lvdk2/1/1 
19:00:08 PODS: cloudforge-b6697494-68dmb/1/1 cloudforge-b6697494-6dz7l/1/1 cloudforge-b6697494-9thcp/1/1 cloudforge-b6697494-h8fgs/1/1 cloudforge-b6697494-jmj49/1/1 cloudforge-b6697494-kmntq/1/1 cloudforge-b6697494-lvdk2/1/1 
19:00:11 PODS: cloudforge-b6697494-68dmb/1/1 cloudforge-b6697494-6dz7l/1/1 cloudforge-b6697494-9thcp/1/1 cloudforge-b6697494-h8fgs/1/1 cloudforge-b6697494-jmj49/1/1 cloudforge-b6697494-kmntq/1/1 cloudforge-b6697494-lvdk2/1/1 
19:00:13 PODS: cloudforge-b6697494-68dmb/1/1 cloudforge-b6697494-6dz7l/1/1 cloudforge-b6697494-9thcp/1/1 cloudforge-b6697494-h8fgs/1/1 cloudforge-b6697494-jmj49/1/1 cloudforge-b6697494-kmntq/1/1 cloudforge-b6697494-lvdk2/1/1 
19:00:15 PODS: cloudforge-b6697494-68dmb/1/1 cloudforge-b6697494-6dz7l/1/1 cloudforge-b6697494-9thcp/1/1 cloudforge-b6697494-h8fgs/1/1 cloudforge-b6697494-jmj49/1/1 cloudforge-b6697494-kmntq/1/1 cloudforge-b6697494-lvdk2/1/1 
19:00:17 PODS: cloudforge-b6697494-68dmb/1/1 cloudforge-b6697494-6dz7l/1/1 cloudforge-b6697494-9thcp/1/1 cloudforge-b6697494-h8fgs/1/1 cloudforge-b6697494-jmj49/1/1 cloudforge-b6697494-kmntq/1/1 cloudforge-b6697494-lvdk2/1/1 
19:00:19 PODS: cloudforge-b6697494-68dmb/1/1 cloudforge-b6697494-6dz7l/1/1 cloudforge-b6697494-9thcp/1/1 cloudforge-b6697494-h8fgs/1/1 cloudforge-b6697494-jmj49/1/1 cloudforge-b6697494-kmntq/1/1 cloudforge-b6697494-lvdk2/1/1 
19:00:22 PODS: cloudforge-b6697494-68dmb/1/1 cloudforge-b6697494-6dz7l/1/1 cloudforge-b6697494-9thcp/1/1 cloudforge-b6697494-h8fgs/1/1 cloudforge-b6697494-jmj49/1/1 cloudforge-b6697494-kmntq/1/1 cloudforge-b6697494-lvdk2/1/1 
19:00:24 PODS: cloudforge-b6697494-68dmb/1/1 cloudforge-b6697494-9thcp/1/1 cloudforge-b6697494-h8fgs/1/1 cloudforge-b6697494-jmj49/1/1 cloudforge-b6697494-lvdk2/1/1 
19:00:26 PODS: cloudforge-b6697494-68dmb/1/1 cloudforge-b6697494-9thcp/1/1 cloudforge-b6697494-h8fgs/1/1 cloudforge-b6697494-jmj49/1/1 cloudforge-b6697494-lvdk2/1/1 
19:00:28 PODS: cloudforge-b6697494-68dmb/1/1 cloudforge-b6697494-9thcp/1/1 cloudforge-b6697494-h8fgs/1/1 cloudforge-b6697494-jmj49/1/1 cloudforge-b6697494-lvdk2/1/1 
19:00:31 PODS: cloudforge-b6697494-68dmb/1/1 cloudforge-b6697494-9thcp/1/1 cloudforge-b6697494-h8fgs/1/1 cloudforge-b6697494-jmj49/1/1 cloudforge-b6697494-lvdk2/1/1 
19:00:33 PODS: cloudforge-b6697494-68dmb/1/1 cloudforge-b6697494-9thcp/1/1 cloudforge-b6697494-h8fgs/1/1 cloudforge-b6697494-jmj49/1/1 cloudforge-b6697494-lvdk2/1/1 
19:00:35 PODS: cloudforge-b6697494-68dmb/1/1 cloudforge-b6697494-9thcp/1/1 cloudforge-b6697494-h8fgs/1/1 cloudforge-b6697494-jmj49/1/1 cloudforge-b6697494-lvdk2/1/1 
19:00:37 PODS: cloudforge-b6697494-68dmb/1/1 cloudforge-b6697494-9thcp/0/1 cloudforge-b6697494-h8fgs/1/1 cloudforge-b6697494-jmj49/1/1 cloudforge-b6697494-lvdk2/1/1 
19:00:40 PODS: cloudforge-b6697494-68dmb/1/1 cloudforge-b6697494-h8fgs/1/1 cloudforge-b6697494-jmj49/1/1 cloudforge-b6697494-lvdk2/1/1 
19:00:42 PODS: cloudforge-b6697494-68dmb/1/1 cloudforge-b6697494-h8fgs/1/1 cloudforge-b6697494-jmj49/1/1 cloudforge-b6697494-lvdk2/1/1 
19:00:44 PODS: cloudforge-b6697494-68dmb/1/1 cloudforge-b6697494-h8fgs/1/1 cloudforge-b6697494-jmj49/1/1 cloudforge-b6697494-lvdk2/1/1 
19:00:47 PODS: cloudforge-b6697494-68dmb/1/1 cloudforge-b6697494-h8fgs/1/1 cloudforge-b6697494-jmj49/1/1 cloudforge-b6697494-lvdk2/1/1 
19:00:49 PODS: cloudforge-b6697494-68dmb/1/1 cloudforge-b6697494-h8fgs/1/1 cloudforge-b6697494-jmj49/1/1 cloudforge-b6697494-lvdk2/1/1 
19:00:51 PODS: cloudforge-b6697494-68dmb/1/1 cloudforge-b6697494-h8fgs/1/1 cloudforge-b6697494-jmj49/1/1 cloudforge-b6697494-lvdk2/1/1 
19:00:53 PODS: cloudforge-b6697494-68dmb/1/1 cloudforge-b6697494-h8fgs/1/1 cloudforge-b6697494-jmj49/1/1 cloudforge-b6697494-lvdk2/1/1 
19:00:56 PODS: cloudforge-b6697494-68dmb/1/1 cloudforge-b6697494-h8fgs/1/1 cloudforge-b6697494-jmj49/1/1 cloudforge-b6697494-lvdk2/1/1 cloudforge-canary-5448b87d84-zs4pk/0/1 
19:00:58 PODS: cloudforge-b6697494-68dmb/1/1 cloudforge-b6697494-h8fgs/1/1 cloudforge-b6697494-jmj49/1/1 cloudforge-b6697494-lvdk2/1/1 cloudforge-canary-5448b87d84-zs4pk/0/1 
19:01:00 PODS: cloudforge-b6697494-68dmb/1/1 cloudforge-b6697494-h8fgs/1/1 cloudforge-b6697494-jmj49/1/1 cloudforge-b6697494-lvdk2/1/1 cloudforge-canary-5448b87d84-zs4pk/0/1 
19:01:03 PODS: cloudforge-b6697494-68dmb/1/1 cloudforge-b6697494-h8fgs/1/1 cloudforge-b6697494-jmj49/1/1 cloudforge-b6697494-lvdk2/1/1 cloudforge-canary-5448b87d84-zs4pk/1/1 
19:01:05 PODS: cloudforge-b6697494-68dmb/1/1 cloudforge-b6697494-h8fgs/1/1 cloudforge-b6697494-jmj49/1/1 cloudforge-b6697494-lvdk2/1/1 cloudforge-canary-5448b87d84-zs4pk/1/1 
19:01:07 PODS: cloudforge-b6697494-68dmb/1/1 cloudforge-b6697494-h8fgs/1/1 cloudforge-b6697494-jmj49/1/1 cloudforge-b6697494-lvdk2/1/1 cloudforge-canary-5448b87d84-zs4pk/1/1 
19:01:10 PODS: cloudforge-b6697494-68dmb/1/1 cloudforge-b6697494-h8fgs/1/1 cloudforge-b6697494-jmj49/1/1 cloudforge-b6697494-lvdk2/1/1 cloudforge-canary-5448b87d84-zs4pk/1/1 
19:01:12 PODS: cloudforge-b6697494-68dmb/1/1 cloudforge-b6697494-h8fgs/1/1 cloudforge-b6697494-jmj49/1/1 cloudforge-b6697494-lvdk2/1/1 cloudforge-canary-5448b87d84-zs4pk/1/1 
19:01:14 PODS: cloudforge-b6697494-68dmb/1/1 cloudforge-b6697494-h8fgs/1/1 cloudforge-b6697494-jmj49/1/1 cloudforge-b6697494-lvdk2/1/1 cloudforge-canary-5448b87d84-zs4pk/1/1 
19:01:17 PODS: cloudforge-b6697494-68dmb/1/1 cloudforge-b6697494-h8fgs/1/1 cloudforge-b6697494-jmj49/1/1 cloudforge-b6697494-lvdk2/1/1 cloudforge-canary-5448b87d84-zs4pk/1/1 
19:01:20 PODS: cloudforge-b6697494-68dmb/1/1 cloudforge-b6697494-h8fgs/1/1 cloudforge-b6697494-jmj49/1/1 cloudforge-b6697494-lvdk2/1/1 cloudforge-canary-5448b87d84-zs4pk/1/1 
19:01:22 PODS: cloudforge-b6697494-68dmb/1/1 cloudforge-b6697494-h8fgs/1/1 cloudforge-b6697494-jmj49/0/1 cloudforge-b6697494-lvdk2/0/1 cloudforge-canary-5448b87d84-zs4pk/1/1 
19:01:25 PODS: cloudforge-b6697494-68dmb/1/1 cloudforge-b6697494-h8fgs/1/1 cloudforge-canary-5448b87d84-zs4pk/1/1 
19:01:27 PODS: cloudforge-b6697494-68dmb/1/1 cloudforge-b6697494-h8fgs/1/1 cloudforge-canary-5448b87d84-zs4pk/1/1 
19:01:29 PODS: cloudforge-b6697494-68dmb/1/1 cloudforge-b6697494-h8fgs/1/1 cloudforge-canary-5448b87d84-zs4pk/1/1 
19:01:32 PODS: cloudforge-b6697494-68dmb/1/1 cloudforge-b6697494-h8fgs/1/1 cloudforge-canary-5448b87d84-zs4pk/1/1 
19:01:34 PODS: cloudforge-b6697494-68dmb/1/1 cloudforge-b6697494-h8fgs/1/1 cloudforge-canary-5448b87d84-zs4pk/1/1 
19:01:36 PODS: cloudforge-b6697494-68dmb/1/1 cloudforge-b6697494-h8fgs/1/1 cloudforge-canary-5448b87d84-zs4pk/1/1 
19:01:38 PODS: cloudforge-b6697494-68dmb/1/1 cloudforge-b6697494-h8fgs/1/1 cloudforge-canary-5448b87d84-zs4pk/1/1 
19:01:40 PODS: cloudforge-b6697494-68dmb/1/1 cloudforge-b6697494-h8fgs/1/1 cloudforge-canary-5448b87d84-zs4pk/1/1 
19:01:43 PODS: cloudforge-b6697494-68dmb/1/1 cloudforge-b6697494-h8fgs/1/1 cloudforge-canary-5448b87d84-zs4pk/1/1 
19:01:45 PODS: cloudforge-b6697494-68dmb/1/1 cloudforge-b6697494-h8fgs/1/1 cloudforge-canary-5448b87d84-zs4pk/1/1 
19:01:47 PODS: cloudforge-b6697494-68dmb/1/1 cloudforge-b6697494-h8fgs/1/1 cloudforge-canary-5448b87d84-zs4pk/1/1 
19:01:50 PODS: cloudforge-b6697494-68dmb/1/1 cloudforge-b6697494-h8fgs/1/1 cloudforge-canary-5448b87d84-zs4pk/1/1 
19:01:52 PODS: cloudforge-b6697494-68dmb/1/1 cloudforge-b6697494-h8fgs/1/1 cloudforge-canary-5448b87d84-zs4pk/1/1 
19:01:55 PODS: cloudforge-b6697494-68dmb/1/1 cloudforge-b6697494-h8fgs/1/1 cloudforge-canary-5448b87d84-zs4pk/1/1 
19:01:57 PODS: cloudforge-b6697494-68dmb/1/1 cloudforge-b6697494-h8fgs/1/1 cloudforge-canary-5448b87d84-zs4pk/1/1 
19:01:59 PODS: cloudforge-b6697494-68dmb/1/1 cloudforge-b6697494-h8fgs/1/1 cloudforge-canary-5448b87d84-zs4pk/1/1 
19:02:01 PODS: cloudforge-b6697494-68dmb/1/1 cloudforge-b6697494-h8fgs/1/1 cloudforge-canary-5448b87d84-zs4pk/1/1 
19:02:04 PODS: cloudforge-b6697494-68dmb/1/1 cloudforge-b6697494-h8fgs/1/1 cloudforge-canary-5448b87d84-zs4pk/1/1 
19:02:06 PODS: cloudforge-b6697494-68dmb/1/1 cloudforge-b6697494-h8fgs/1/1 cloudforge-canary-5448b87d84-zs4pk/1/1 
19:02:08 PODS: cloudforge-b6697494-68dmb/1/1 cloudforge-b6697494-h8fgs/1/1 cloudforge-canary-5448b87d84-zs4pk/1/1 
19:02:10 PODS: cloudforge-b6697494-68dmb/1/1 cloudforge-b6697494-h8fgs/1/1 cloudforge-canary-5448b87d84-zs4pk/1/1 
19:02:13 PODS: cloudforge-5f6c79895d-mtnt4/0/1 cloudforge-b6697494-68dmb/1/1 cloudforge-b6697494-h8fgs/1/1 cloudforge-canary-5448b87d84-zs4pk/1/1 
19:02:15 PODS: cloudforge-5f6c79895d-mtnt4/0/1 cloudforge-b6697494-68dmb/1/1 cloudforge-b6697494-h8fgs/1/1 cloudforge-canary-5448b87d84-zs4pk/1/1 
19:02:17 PODS: cloudforge-5f6c79895d-mtnt4/0/1 cloudforge-b6697494-68dmb/1/1 cloudforge-b6697494-h8fgs/1/1 cloudforge-canary-5448b87d84-zs4pk/1/1 
19:02:20 PODS: cloudforge-5f6c79895d-7qcgx/0/1 cloudforge-5f6c79895d-mtnt4/1/1 cloudforge-b6697494-h8fgs/1/1 cloudforge-canary-5448b87d84-zs4pk/1/1 
19:02:22 PODS: cloudforge-5f6c79895d-7qcgx/0/1 cloudforge-5f6c79895d-mtnt4/1/1 cloudforge-b6697494-h8fgs/1/1 cloudforge-canary-5448b87d84-zs4pk/1/1 
19:02:24 PODS: cloudforge-5f6c79895d-7qcgx/0/1 cloudforge-5f6c79895d-mtnt4/1/1 cloudforge-b6697494-h8fgs/1/1 cloudforge-canary-5448b87d84-zs4pk/1/1 
19:02:26 PODS: cloudforge-5f6c79895d-7qcgx/1/1 cloudforge-5f6c79895d-mtnt4/1/1 cloudforge-canary-5448b87d84-zs4pk/1/1 
19:02:29 PODS: cloudforge-5f6c79895d-7qcgx/1/1 cloudforge-5f6c79895d-mtnt4/1/1 cloudforge-canary-5448b87d84-zs4pk/1/1 
19:02:31 PODS: cloudforge-5f6c79895d-7qcgx/1/1 cloudforge-5f6c79895d-mtnt4/1/1 cloudforge-canary-5448b87d84-zs4pk/1/1 
19:02:34 PODS: cloudforge-5f6c79895d-7qcgx/1/1 cloudforge-5f6c79895d-mtnt4/1/1 cloudforge-canary-5448b87d84-zs4pk/1/1 
19:02:36 PODS: cloudforge-5f6c79895d-7qcgx/1/1 cloudforge-5f6c79895d-mtnt4/1/1 cloudforge-canary-5448b87d84-zs4pk/1/1 
19:02:38 PODS: cloudforge-5f6c79895d-7qcgx/1/1 cloudforge-5f6c79895d-mtnt4/1/1 cloudforge-canary-5448b87d84-zs4pk/1/1 
19:02:40 PODS: cloudforge-5f6c79895d-7qcgx/1/1 cloudforge-5f6c79895d-mtnt4/1/1 cloudforge-canary-5448b87d84-zs4pk/1/1 
19:02:43 PODS: cloudforge-5f6c79895d-7qcgx/1/1 cloudforge-5f6c79895d-mtnt4/1/1 cloudforge-canary-5448b87d84-zs4pk/1/1 
19:02:45 PODS: cloudforge-5f6c79895d-7qcgx/1/1 cloudforge-5f6c79895d-mtnt4/1/1 cloudforge-canary-5448b87d84-zs4pk/1/1 
19:02:48 PODS: cloudforge-5f6c79895d-7qcgx/1/1 cloudforge-5f6c79895d-mtnt4/1/1 cloudforge-canary-5448b87d84-zs4pk/1/1 
19:02:50 PODS: cloudforge-5f6c79895d-7qcgx/1/1 cloudforge-5f6c79895d-mtnt4/1/1 cloudforge-canary-5448b87d84-zs4pk/1/1 
19:02:52 PODS: cloudforge-5f6c79895d-7qcgx/1/1 cloudforge-5f6c79895d-mtnt4/1/1 cloudforge-canary-5448b87d84-zs4pk/1/1 
19:02:54 PODS: cloudforge-5f6c79895d-7qcgx/1/1 cloudforge-5f6c79895d-mtnt4/1/1 cloudforge-canary-5448b87d84-zs4pk/1/1 
19:02:57 PODS: cloudforge-5f6c79895d-7qcgx/1/1 cloudforge-5f6c79895d-mtnt4/1/1 cloudforge-canary-5448b87d84-zs4pk/1/1 
19:02:59 PODS: cloudforge-5f6c79895d-7qcgx/1/1 cloudforge-5f6c79895d-mtnt4/1/1 cloudforge-canary-5448b87d84-zs4pk/1/1 
19:03:01 PODS: cloudforge-5f6c79895d-7qcgx/1/1 cloudforge-5f6c79895d-mtnt4/1/1 cloudforge-canary-5448b87d84-zs4pk/1/1 
19:03:04 PODS: cloudforge-5f6c79895d-7qcgx/1/1 cloudforge-5f6c79895d-mtnt4/1/1 cloudforge-canary-5448b87d84-zs4pk/1/1 
19:03:06 PODS: cloudforge-5f6c79895d-7qcgx/1/1 cloudforge-5f6c79895d-mtnt4/1/1 cloudforge-canary-5448b87d84-zs4pk/1/1 
19:03:08 PODS: cloudforge-5f6c79895d-7qcgx/1/1 cloudforge-5f6c79895d-mtnt4/1/1 cloudforge-canary-5448b87d84-zs4pk/1/1 
19:03:10 PODS: cloudforge-5f6c79895d-7qcgx/1/1 cloudforge-5f6c79895d-mtnt4/1/1 cloudforge-canary-5448b87d84-zs4pk/1/1 
19:03:13 PODS: cloudforge-5f6c79895d-7qcgx/1/1 cloudforge-5f6c79895d-mtnt4/1/1 cloudforge-canary-5448b87d84-zs4pk/1/1 
19:03:15 PODS: cloudforge-5f6c79895d-7qcgx/1/1 cloudforge-5f6c79895d-mtnt4/1/1 cloudforge-canary-5448b87d84-zs4pk/1/1 
19:03:17 PODS: cloudforge-5f6c79895d-7qcgx/1/1 cloudforge-5f6c79895d-mtnt4/1/1 cloudforge-canary-5448b87d84-zs4pk/1/1 
19:03:20 PODS: cloudforge-5f6c79895d-7qcgx/1/1 cloudforge-5f6c79895d-mtnt4/1/1 cloudforge-canary-5448b87d84-zs4pk/1/1 
19:03:22 PODS: cloudforge-5f6c79895d-7qcgx/1/1 cloudforge-5f6c79895d-mtnt4/1/1 cloudforge-5f6c79895d-wq8kd/0/1 cloudforge-canary-5448b87d84-zs4pk/1/1 
19:03:24 PODS: cloudforge-5f6c79895d-7qcgx/1/1 cloudforge-5f6c79895d-mtnt4/1/1 cloudforge-5f6c79895d-wq8kd/0/1 cloudforge-canary-5448b87d84-zs4pk/1/1 
19:03:27 PODS: cloudforge-5f6c79895d-7qcgx/1/1 cloudforge-5f6c79895d-mtnt4/1/1 cloudforge-5f6c79895d-wq8kd/0/1 cloudforge-canary-5448b87d84-zs4pk/1/1 
19:03:29 PODS: cloudforge-5f6c79895d-7qcgx/1/1 cloudforge-5f6c79895d-mtnt4/1/1 cloudforge-5f6c79895d-wq8kd/1/1 cloudforge-canary-5448b87d84-zs4pk/1/1 
19:03:31 PODS: cloudforge-5f6c79895d-7qcgx/1/1 cloudforge-5f6c79895d-mtnt4/1/1 cloudforge-5f6c79895d-wq8kd/1/1 cloudforge-canary-5448b87d84-zs4pk/1/1 
19:03:33 PODS: cloudforge-5f6c79895d-7qcgx/1/1 cloudforge-5f6c79895d-mtnt4/1/1 cloudforge-5f6c79895d-wq8kd/1/1 cloudforge-canary-5448b87d84-zs4pk/1/1 
19:03:36 PODS: cloudforge-5f6c79895d-7qcgx/1/1 cloudforge-5f6c79895d-mtnt4/1/1 cloudforge-5f6c79895d-wq8kd/1/1 cloudforge-canary-5448b87d84-zs4pk/1/1 
19:03:38 PODS: cloudforge-5f6c79895d-7qcgx/1/1 cloudforge-5f6c79895d-mtnt4/1/1 cloudforge-5f6c79895d-wq8kd/1/1 cloudforge-canary-5448b87d84-zs4pk/1/1 
19:03:40 PODS: cloudforge-5f6c79895d-7qcgx/1/1 cloudforge-5f6c79895d-mtnt4/1/1 cloudforge-5f6c79895d-wq8kd/1/1 cloudforge-canary-5448b87d84-zs4pk/1/1 
19:03:43 PODS: cloudforge-5f6c79895d-7qcgx/1/1 cloudforge-5f6c79895d-mtnt4/1/1 cloudforge-5f6c79895d-wq8kd/1/1 cloudforge-canary-5448b87d84-zs4pk/1/1 
19:03:45 PODS: cloudforge-5f6c79895d-7qcgx/1/1 cloudforge-5f6c79895d-mtnt4/1/1 cloudforge-5f6c79895d-wq8kd/1/1 cloudforge-canary-5448b87d84-zs4pk/1/1 
19:03:47 PODS: cloudforge-5f6c79895d-7qcgx/1/1 cloudforge-5f6c79895d-mtnt4/1/1 cloudforge-5f6c79895d-wq8kd/1/1 cloudforge-canary-5448b87d84-zs4pk/1/1 
19:03:50 PODS: cloudforge-5f6c79895d-7qcgx/1/1 cloudforge-5f6c79895d-mtnt4/1/1 cloudforge-5f6c79895d-wq8kd/1/1 cloudforge-canary-5448b87d84-zs4pk/1/1 
19:03:52 PODS: cloudforge-5f6c79895d-7qcgx/1/1 cloudforge-5f6c79895d-mtnt4/1/1 cloudforge-5f6c79895d-wq8kd/1/1 cloudforge-canary-5448b87d84-zs4pk/1/1 
19:03:54 PODS: cloudforge-5f6c79895d-7qcgx/1/1 cloudforge-5f6c79895d-mtnt4/1/1 cloudforge-5f6c79895d-wq8kd/1/1 cloudforge-canary-5448b87d84-zs4pk/1/1 
19:03:56 PODS: cloudforge-5f6c79895d-7qcgx/1/1 cloudforge-5f6c79895d-mtnt4/1/1 cloudforge-5f6c79895d-wq8kd/1/1 cloudforge-canary-5448b87d84-zs4pk/1/1 
19:03:59 PODS: cloudforge-5f6c79895d-7qcgx/1/1 cloudforge-5f6c79895d-mtnt4/1/1 cloudforge-5f6c79895d-wq8kd/1/1 cloudforge-canary-5448b87d84-zs4pk/1/1 
19:04:01 PODS: cloudforge-5f6c79895d-7qcgx/1/1 cloudforge-5f6c79895d-mtnt4/1/1 cloudforge-5f6c79895d-wq8kd/1/1 cloudforge-canary-5448b87d84-zs4pk/1/1 
19:04:03 PODS: cloudforge-5f6c79895d-7qcgx/1/1 cloudforge-5f6c79895d-mtnt4/1/1 cloudforge-5f6c79895d-wq8kd/1/1 cloudforge-canary-5448b87d84-zs4pk/1/1 
19:04:06 PODS: cloudforge-5f6c79895d-7qcgx/1/1 cloudforge-5f6c79895d-mtnt4/1/1 cloudforge-5f6c79895d-wq8kd/1/1 cloudforge-canary-5448b87d84-zs4pk/1/1 
19:04:08 PODS: cloudforge-5f6c79895d-7qcgx/1/1 cloudforge-5f6c79895d-mtnt4/1/1 cloudforge-5f6c79895d-wq8kd/1/1 cloudforge-canary-5448b87d84-zs4pk/1/1 
19:04:10 PODS: cloudforge-5f6c79895d-7qcgx/1/1 cloudforge-5f6c79895d-mtnt4/1/1 cloudforge-5f6c79895d-wq8kd/1/1 cloudforge-canary-5448b87d84-zs4pk/1/1 
19:04:12 PODS: cloudforge-5f6c79895d-7qcgx/1/1 cloudforge-5f6c79895d-mtnt4/1/1 cloudforge-5f6c79895d-wq8kd/1/1 cloudforge-canary-5448b87d84-zs4pk/1/1 
19:04:15 PODS: cloudforge-5f6c79895d-7qcgx/1/1 cloudforge-5f6c79895d-mtnt4/1/1 cloudforge-5f6c79895d-wq8kd/1/1 cloudforge-canary-5448b87d84-zs4pk/1/1 
19:04:17 PODS: cloudforge-5f6c79895d-7qcgx/1/1 cloudforge-5f6c79895d-mtnt4/1/1 cloudforge-5f6c79895d-wq8kd/1/1 cloudforge-canary-5448b87d84-zs4pk/1/1 
19:04:20 PODS: cloudforge-5f6c79895d-7qcgx/1/1 cloudforge-5f6c79895d-mtnt4/1/1 cloudforge-5f6c79895d-wq8kd/1/1 cloudforge-canary-5448b87d84-zs4pk/1/1 
19:04:22 PODS: cloudforge-5f6c79895d-7qcgx/1/1 cloudforge-5f6c79895d-mtnt4/1/1 cloudforge-5f6c79895d-wq8kd/1/1 cloudforge-canary-5448b87d84-zs4pk/1/1 
19:04:24 PODS: cloudforge-5f6c79895d-7qcgx/1/1 cloudforge-5f6c79895d-mtnt4/1/1 cloudforge-5f6c79895d-wq8kd/1/1 cloudforge-canary-5448b87d84-zs4pk/1/1 
19:04:26 PODS: cloudforge-5f6c79895d-7qcgx/1/1 cloudforge-5f6c79895d-mtnt4/1/1 cloudforge-5f6c79895d-wq8kd/1/1 cloudforge-canary-5448b87d84-zs4pk/1/1 
19:04:29 PODS: cloudforge-5f6c79895d-7qcgx/1/1 cloudforge-5f6c79895d-mtnt4/1/1 cloudforge-5f6c79895d-wq8kd/1/1 cloudforge-canary-5448b87d84-zs4pk/1/1 
19:04:31 PODS: cloudforge-5f6c79895d-7qcgx/1/1 cloudforge-5f6c79895d-mtnt4/1/1 cloudforge-5f6c79895d-wq8kd/1/1 cloudforge-canary-5448b87d84-zs4pk/1/1 
19:04:33 PODS: cloudforge-5f6c79895d-7qcgx/1/1 cloudforge-5f6c79895d-mtnt4/1/1 cloudforge-5f6c79895d-wq8kd/1/1 cloudforge-canary-5448b87d84-zs4pk/1/1 
19:04:35 PODS: cloudforge-5f6c79895d-7qcgx/1/1 cloudforge-5f6c79895d-mtnt4/1/1 cloudforge-5f6c79895d-wq8kd/1/1 cloudforge-canary-5448b87d84-zs4pk/1/1 
19:04:38 PODS: cloudforge-5f6c79895d-7qcgx/1/1 cloudforge-5f6c79895d-mtnt4/1/1 cloudforge-5f6c79895d-wq8kd/1/1 cloudforge-canary-5448b87d84-zs4pk/1/1 
19:04:40 PODS: cloudforge-5f6c79895d-7qcgx/1/1 cloudforge-5f6c79895d-mtnt4/1/1 cloudforge-5f6c79895d-wq8kd/1/1 cloudforge-canary-5448b87d84-zs4pk/1/1 
19:04:42 PODS: cloudforge-5f6c79895d-7qcgx/1/1 cloudforge-5f6c79895d-mtnt4/1/1 cloudforge-5f6c79895d-wq8kd/1/1 cloudforge-canary-5448b87d84-zs4pk/1/1 
19:04:44 PODS: cloudforge-5f6c79895d-7qcgx/1/1 cloudforge-5f6c79895d-mtnt4/1/1 cloudforge-5f6c79895d-wq8kd/1/1 cloudforge-canary-5448b87d84-zs4pk/1/1 
19:04:47 PODS: cloudforge-5f6c79895d-7qcgx/1/1 cloudforge-5f6c79895d-mtnt4/1/1 cloudforge-5f6c79895d-wq8kd/1/1 cloudforge-canary-5448b87d84-zs4pk/1/1 
19:04:49 PODS: cloudforge-5f6c79895d-7qcgx/1/1 cloudforge-5f6c79895d-mtnt4/1/1 cloudforge-5f6c79895d-wq8kd/1/1 cloudforge-canary-5448b87d84-zs4pk/1/1 
19:04:51 PODS: cloudforge-5f6c79895d-7qcgx/1/1 cloudforge-5f6c79895d-mtnt4/1/1 cloudforge-5f6c79895d-wq8kd/1/1 cloudforge-canary-5448b87d84-zs4pk/1/1 
19:04:53 PODS: cloudforge-5f6c79895d-7qcgx/1/1 cloudforge-5f6c79895d-mtnt4/1/1 cloudforge-5f6c79895d-wq8kd/1/1 cloudforge-canary-5448b87d84-zs4pk/1/1 
19:04:55 PODS: cloudforge-5f6c79895d-7qcgx/1/1 cloudforge-5f6c79895d-mtnt4/1/1 cloudforge-5f6c79895d-wq8kd/1/1 cloudforge-canary-5448b87d84-zs4pk/1/1 
19:04:58 PODS: cloudforge-5f6c79895d-7qcgx/1/1 cloudforge-5f6c79895d-mtnt4/1/1 cloudforge-5f6c79895d-wq8kd/1/1 cloudforge-canary-5448b87d84-zs4pk/1/1 
19:05:00 PODS: cloudforge-5f6c79895d-7qcgx/1/1 cloudforge-5f6c79895d-mtnt4/1/1 cloudforge-5f6c79895d-wq8kd/1/1 cloudforge-canary-5448b87d84-zs4pk/1/1 
19:05:02 PODS: cloudforge-5f6c79895d-7qcgx/1/1 cloudforge-5f6c79895d-mtnt4/1/1 cloudforge-5f6c79895d-wq8kd/1/1 cloudforge-canary-5448b87d84-zs4pk/1/1 
19:05:05 PODS: cloudforge-5f6c79895d-7qcgx/1/1 cloudforge-5f6c79895d-mtnt4/1/1 cloudforge-5f6c79895d-wq8kd/1/1 cloudforge-canary-5448b87d84-zs4pk/1/1 
19:05:07 PODS: cloudforge-5f6c79895d-7qcgx/1/1 cloudforge-5f6c79895d-mtnt4/1/1 cloudforge-5f6c79895d-wq8kd/1/1 cloudforge-canary-5448b87d84-zs4pk/1/1 
19:05:10 PODS: cloudforge-5f6c79895d-7qcgx/1/1 cloudforge-5f6c79895d-mtnt4/1/1 cloudforge-5f6c79895d-wq8kd/1/1 cloudforge-canary-5448b87d84-zs4pk/1/1 
19:05:12 PODS: cloudforge-5f6c79895d-7qcgx/1/1 cloudforge-5f6c79895d-mtnt4/1/1 cloudforge-5f6c79895d-wq8kd/1/1 cloudforge-canary-5448b87d84-zs4pk/1/1 
19:05:14 PODS: cloudforge-5f6c79895d-7qcgx/1/1 cloudforge-5f6c79895d-mtnt4/1/1 cloudforge-5f6c79895d-wq8kd/1/1 cloudforge-canary-5448b87d84-zs4pk/1/1 
19:05:16 PODS: cloudforge-5f6c79895d-7qcgx/1/1 cloudforge-5f6c79895d-mtnt4/1/1 cloudforge-5f6c79895d-wq8kd/1/1 cloudforge-canary-5448b87d84-zs4pk/1/1 
19:05:18 PODS: cloudforge-5f6c79895d-7qcgx/1/1 cloudforge-5f6c79895d-mtnt4/1/1 cloudforge-5f6c79895d-wq8kd/1/1 cloudforge-canary-5448b87d84-zs4pk/1/1 
19:05:21 PODS: cloudforge-5f6c79895d-7qcgx/1/1 cloudforge-5f6c79895d-mtnt4/1/1 cloudforge-5f6c79895d-wq8kd/1/1 cloudforge-canary-5448b87d84-zs4pk/1/1 
19:05:23 PODS: cloudforge-5f6c79895d-7qcgx/1/1 cloudforge-5f6c79895d-mtnt4/1/1 cloudforge-5f6c79895d-wq8kd/1/1 cloudforge-canary-5448b87d84-zs4pk/1/1 
19:05:25 PODS: cloudforge-5f6c79895d-7qcgx/1/1 cloudforge-5f6c79895d-mtnt4/1/1 cloudforge-5f6c79895d-wq8kd/1/1 cloudforge-canary-5448b87d84-zs4pk/1/1 
19:05:28 PODS: cloudforge-5f6c79895d-7qcgx/1/1 cloudforge-5f6c79895d-mtnt4/1/1 cloudforge-5f6c79895d-wq8kd/1/1 cloudforge-canary-5448b87d84-zs4pk/1/1 
19:05:30 PODS: cloudforge-5f6c79895d-7qcgx/1/1 cloudforge-5f6c79895d-mtnt4/1/1 cloudforge-5f6c79895d-wq8kd/1/1 cloudforge-canary-5448b87d84-zs4pk/1/1 
19:05:32 PODS: cloudforge-5f6c79895d-7qcgx/1/1 cloudforge-5f6c79895d-mtnt4/1/1 cloudforge-5f6c79895d-wq8kd/1/1 cloudforge-canary-5448b87d84-zs4pk/1/1 
19:05:35 PODS: cloudforge-5f6c79895d-7qcgx/1/1 cloudforge-5f6c79895d-mtnt4/1/1 cloudforge-5f6c79895d-wq8kd/1/1 cloudforge-canary-5448b87d84-zs4pk/1/1 
19:05:37 PODS: cloudforge-5f6c79895d-7qcgx/1/1 cloudforge-5f6c79895d-mtnt4/1/1 cloudforge-5f6c79895d-wq8kd/1/1 cloudforge-canary-5448b87d84-zs4pk/1/1 
19:05:39 PODS: cloudforge-5f6c79895d-7qcgx/1/1 cloudforge-5f6c79895d-mtnt4/1/1 cloudforge-5f6c79895d-wq8kd/1/1 cloudforge-canary-5448b87d84-zs4pk/1/1 
19:05:41 PODS: cloudforge-5f6c79895d-7qcgx/1/1 cloudforge-5f6c79895d-mtnt4/1/1 cloudforge-5f6c79895d-wq8kd/1/1 cloudforge-canary-5448b87d84-zs4pk/1/1 
19:05:44 PODS: cloudforge-5f6c79895d-7qcgx/1/1 cloudforge-5f6c79895d-mtnt4/1/1 cloudforge-5f6c79895d-wq8kd/1/1 cloudforge-canary-5448b87d84-zs4pk/1/1 
19:05:46 PODS: cloudforge-5f6c79895d-7qcgx/1/1 cloudforge-5f6c79895d-mtnt4/1/1 cloudforge-5f6c79895d-wq8kd/1/1 cloudforge-canary-5448b87d84-zs4pk/1/1 
19:05:48 PODS: cloudforge-5f6c79895d-7qcgx/1/1 cloudforge-5f6c79895d-mtnt4/1/1 cloudforge-5f6c79895d-wq8kd/1/1 cloudforge-canary-5448b87d84-zs4pk/1/1 
19:05:50 PODS: cloudforge-5f6c79895d-7qcgx/1/1 cloudforge-5f6c79895d-mtnt4/1/1 cloudforge-5f6c79895d-wq8kd/1/1 cloudforge-canary-5448b87d84-zs4pk/1/1 
19:05:53 PODS: cloudforge-5f6c79895d-7qcgx/1/1 cloudforge-5f6c79895d-mtnt4/1/1 cloudforge-5f6c79895d-wq8kd/1/1 cloudforge-canary-5448b87d84-zs4pk/1/1 
19:05:55 PODS: cloudforge-5f6c79895d-7qcgx/1/1 cloudforge-5f6c79895d-mtnt4/1/1 cloudforge-5f6c79895d-wq8kd/1/1 cloudforge-canary-5448b87d84-zs4pk/1/1 
19:05:57 PODS: cloudforge-5f6c79895d-7qcgx/1/1 cloudforge-5f6c79895d-mtnt4/1/1 cloudforge-5f6c79895d-wq8kd/1/1 cloudforge-canary-5448b87d84-zs4pk/1/1 
19:05:59 PODS: cloudforge-5f6c79895d-7qcgx/1/1 cloudforge-5f6c79895d-mtnt4/1/1 cloudforge-5f6c79895d-wq8kd/1/1 cloudforge-canary-5448b87d84-zs4pk/1/1 
19:06:01 PODS: cloudforge-5f6c79895d-7qcgx/1/1 cloudforge-5f6c79895d-mtnt4/1/1 cloudforge-5f6c79895d-wq8kd/1/1 cloudforge-canary-5448b87d84-zs4pk/1/1 
19:06:04 PODS: cloudforge-5f6c79895d-7qcgx/1/1 cloudforge-5f6c79895d-mtnt4/1/1 cloudforge-5f6c79895d-wq8kd/1/1 cloudforge-canary-5448b87d84-zs4pk/1/1 
19:06:06 PODS: cloudforge-5f6c79895d-7qcgx/1/1 cloudforge-5f6c79895d-mtnt4/1/1 cloudforge-5f6c79895d-wq8kd/1/1 cloudforge-canary-5448b87d84-zs4pk/1/1 
19:06:08 PODS: cloudforge-5f6c79895d-7qcgx/1/1 cloudforge-5f6c79895d-mtnt4/1/1 cloudforge-5f6c79895d-wq8kd/1/1 cloudforge-canary-5448b87d84-zs4pk/1/1 
19:06:11 PODS: cloudforge-5f6c79895d-7qcgx/1/1 cloudforge-5f6c79895d-mtnt4/1/1 cloudforge-5f6c79895d-wq8kd/1/1 cloudforge-canary-5448b87d84-zs4pk/1/1 
19:06:13 PODS: cloudforge-5f6c79895d-7qcgx/1/1 cloudforge-5f6c79895d-mtnt4/1/1 cloudforge-5f6c79895d-wq8kd/1/1 cloudforge-canary-5448b87d84-zs4pk/1/1 
19:06:15 PODS: cloudforge-5f6c79895d-7qcgx/1/1 cloudforge-5f6c79895d-mtnt4/1/1 cloudforge-5f6c79895d-wq8kd/1/1 cloudforge-canary-5448b87d84-zs4pk/1/1 
19:06:18 PODS: cloudforge-5f6c79895d-7qcgx/1/1 cloudforge-5f6c79895d-mtnt4/1/1 cloudforge-5f6c79895d-wq8kd/1/1 cloudforge-canary-5448b87d84-zs4pk/1/1 
19:06:20 PODS: cloudforge-5f6c79895d-7qcgx/1/1 cloudforge-5f6c79895d-mtnt4/1/1 cloudforge-5f6c79895d-wq8kd/1/1 cloudforge-canary-5448b87d84-zs4pk/1/1 
19:06:22 PODS: cloudforge-5f6c79895d-7qcgx/1/1 cloudforge-5f6c79895d-mtnt4/1/1 cloudforge-5f6c79895d-wq8kd/1/1 cloudforge-canary-5448b87d84-zs4pk/1/1 
19:06:25 PODS: cloudforge-5f6c79895d-7qcgx/1/1 cloudforge-5f6c79895d-mtnt4/1/1 cloudforge-5f6c79895d-wq8kd/1/1 cloudforge-canary-5448b87d84-zs4pk/1/1 
19:06:27 PODS: cloudforge-5f6c79895d-7qcgx/1/1 cloudforge-5f6c79895d-mtnt4/1/1 cloudforge-5f6c79895d-wq8kd/1/1 cloudforge-canary-5448b87d84-zs4pk/1/1 
19:06:30 PODS: cloudforge-5f6c79895d-7qcgx/1/1 cloudforge-5f6c79895d-mtnt4/1/1 cloudforge-5f6c79895d-wq8kd/1/1 cloudforge-canary-5448b87d84-zs4pk/1/1 
19:06:32 PODS: cloudforge-5f6c79895d-7qcgx/1/1 cloudforge-5f6c79895d-mtnt4/1/1 cloudforge-5f6c79895d-wq8kd/1/1 cloudforge-canary-5448b87d84-zs4pk/1/1 
19:06:35 PODS: cloudforge-5f6c79895d-7qcgx/1/1 cloudforge-5f6c79895d-mtnt4/1/1 cloudforge-5f6c79895d-wq8kd/1/1 cloudforge-canary-5448b87d84-zs4pk/1/1 
19:06:37 PODS: cloudforge-5f6c79895d-7qcgx/1/1 cloudforge-5f6c79895d-mtnt4/1/1 cloudforge-5f6c79895d-wq8kd/1/1 cloudforge-canary-5448b87d84-zs4pk/1/1 
19:06:40 PODS: cloudforge-5f6c79895d-7qcgx/1/1 cloudforge-5f6c79895d-mtnt4/1/1 cloudforge-5f6c79895d-wq8kd/1/1 cloudforge-canary-5448b87d84-zs4pk/1/1 
19:06:42 PODS: cloudforge-5f6c79895d-7qcgx/1/1 cloudforge-5f6c79895d-mtnt4/1/1 cloudforge-5f6c79895d-wq8kd/1/1 cloudforge-canary-5448b87d84-zs4pk/1/1 
19:06:44 PODS: cloudforge-5f6c79895d-7qcgx/1/1 cloudforge-5f6c79895d-mtnt4/1/1 cloudforge-5f6c79895d-wq8kd/1/1 cloudforge-canary-5448b87d84-zs4pk/1/1 
19:06:46 PODS: cloudforge-5f6c79895d-7qcgx/1/1 cloudforge-5f6c79895d-mtnt4/1/1 cloudforge-5f6c79895d-wq8kd/1/1 cloudforge-canary-5448b87d84-zs4pk/1/1 
19:06:49 PODS: cloudforge-5f6c79895d-7qcgx/1/1 cloudforge-5f6c79895d-mtnt4/1/1 cloudforge-5f6c79895d-wq8kd/1/1 cloudforge-canary-5448b87d84-zs4pk/1/1 
19:06:51 PODS: cloudforge-5f6c79895d-7qcgx/1/1 cloudforge-5f6c79895d-mtnt4/1/1 cloudforge-5f6c79895d-wq8kd/1/1 cloudforge-canary-5448b87d84-zs4pk/1/1 
19:06:53 PODS: cloudforge-5f6c79895d-7qcgx/1/1 cloudforge-5f6c79895d-mtnt4/1/1 cloudforge-5f6c79895d-wq8kd/1/1 cloudforge-canary-5448b87d84-zs4pk/1/1 
19:06:55 PODS: cloudforge-5f6c79895d-7qcgx/1/1 cloudforge-5f6c79895d-mtnt4/1/1 cloudforge-5f6c79895d-wq8kd/1/1 cloudforge-canary-5448b87d84-zs4pk/1/1 
19:06:58 PODS: cloudforge-5f6c79895d-7qcgx/1/1 cloudforge-5f6c79895d-mtnt4/1/1 cloudforge-5f6c79895d-wq8kd/1/1 cloudforge-canary-5448b87d84-zs4pk/1/1 
19:07:00 PODS: cloudforge-5f6c79895d-7qcgx/1/1 cloudforge-5f6c79895d-mtnt4/1/1 cloudforge-5f6c79895d-wq8kd/1/1 cloudforge-canary-5448b87d84-zs4pk/1/1 
19:07:02 PODS: cloudforge-5f6c79895d-7qcgx/1/1 cloudforge-5f6c79895d-mtnt4/1/1 cloudforge-5f6c79895d-wq8kd/1/1 cloudforge-canary-5448b87d84-zs4pk/1/1 
19:07:05 PODS: cloudforge-5f6c79895d-7qcgx/1/1 cloudforge-5f6c79895d-mtnt4/1/1 cloudforge-5f6c79895d-wq8kd/1/1 cloudforge-canary-5448b87d84-zs4pk/1/1 
19:07:07 PODS: cloudforge-5f6c79895d-7qcgx/1/1 cloudforge-5f6c79895d-mtnt4/1/1 cloudforge-5f6c79895d-wq8kd/1/1 cloudforge-canary-5448b87d84-zs4pk/1/1 
19:07:09 PODS: cloudforge-5f6c79895d-7qcgx/1/1 cloudforge-5f6c79895d-mtnt4/1/1 cloudforge-5f6c79895d-wq8kd/1/1 cloudforge-canary-5448b87d84-zs4pk/1/1 
19:07:11 PODS: cloudforge-5f6c79895d-7qcgx/1/1 cloudforge-5f6c79895d-mtnt4/1/1 cloudforge-5f6c79895d-wq8kd/1/1 cloudforge-canary-5448b87d84-zs4pk/1/1 
19:07:14 PODS: cloudforge-5f6c79895d-7qcgx/1/1 cloudforge-5f6c79895d-mtnt4/1/1 cloudforge-5f6c79895d-wq8kd/1/1 cloudforge-canary-5448b87d84-zs4pk/1/1 
19:07:16 PODS: cloudforge-5f6c79895d-7qcgx/1/1 cloudforge-5f6c79895d-mtnt4/1/1 cloudforge-5f6c79895d-wq8kd/1/1 cloudforge-canary-5448b87d84-zs4pk/1/1 
19:07:18 PODS: cloudforge-5f6c79895d-7qcgx/1/1 cloudforge-5f6c79895d-mtnt4/1/1 cloudforge-5f6c79895d-wq8kd/1/1 cloudforge-canary-5448b87d84-zs4pk/1/1 
19:07:21 PODS: cloudforge-5f6c79895d-7qcgx/1/1 cloudforge-5f6c79895d-mtnt4/1/1 cloudforge-5f6c79895d-wq8kd/1/1 cloudforge-canary-5448b87d84-zs4pk/1/1 
19:07:23 PODS: cloudforge-5f6c79895d-7qcgx/1/1 cloudforge-5f6c79895d-mtnt4/1/1 cloudforge-5f6c79895d-wq8kd/1/1 cloudforge-canary-5448b87d84-zs4pk/1/1 
19:07:25 PODS: cloudforge-5f6c79895d-7qcgx/1/1 cloudforge-5f6c79895d-mtnt4/1/1 cloudforge-5f6c79895d-wq8kd/1/1 cloudforge-canary-5448b87d84-zs4pk/1/1 
19:07:28 PODS: cloudforge-5f6c79895d-7qcgx/1/1 cloudforge-5f6c79895d-mtnt4/1/1 cloudforge-5f6c79895d-wq8kd/1/1 cloudforge-canary-5448b87d84-zs4pk/1/1 
19:07:30 PODS: cloudforge-5f6c79895d-7qcgx/1/1 cloudforge-5f6c79895d-mtnt4/1/1 cloudforge-5f6c79895d-wq8kd/1/1 cloudforge-canary-5448b87d84-zs4pk/1/1 
19:07:33 PODS: cloudforge-5f6c79895d-7qcgx/1/1 cloudforge-5f6c79895d-mtnt4/1/1 cloudforge-5f6c79895d-wq8kd/1/1 cloudforge-canary-5448b87d84-zs4pk/1/1 
19:07:35 PODS: cloudforge-5f6c79895d-7qcgx/1/1 cloudforge-5f6c79895d-mtnt4/1/1 cloudforge-5f6c79895d-wq8kd/1/1 cloudforge-canary-5448b87d84-zs4pk/1/1 
19:07:37 PODS: cloudforge-5f6c79895d-7qcgx/1/1 cloudforge-5f6c79895d-mtnt4/1/1 cloudforge-5f6c79895d-wq8kd/1/1 cloudforge-canary-5448b87d84-zs4pk/1/1 
19:07:40 PODS: cloudforge-5f6c79895d-7qcgx/1/1 cloudforge-5f6c79895d-mtnt4/1/1 cloudforge-5f6c79895d-wq8kd/1/1 cloudforge-canary-5448b87d84-zs4pk/1/1 
19:07:42 PODS: cloudforge-5f6c79895d-7qcgx/1/1 cloudforge-5f6c79895d-mtnt4/1/1 cloudforge-5f6c79895d-wq8kd/1/1 cloudforge-canary-5448b87d84-zs4pk/1/1 
19:07:44 PODS: cloudforge-5f6c79895d-7qcgx/1/1 cloudforge-5f6c79895d-mtnt4/1/1 cloudforge-5f6c79895d-wq8kd/1/1 cloudforge-canary-5448b87d84-zs4pk/1/1 
19:07:46 PODS: cloudforge-5f6c79895d-7qcgx/1/1 cloudforge-5f6c79895d-mtnt4/1/1 cloudforge-5f6c79895d-wq8kd/1/1 cloudforge-canary-5448b87d84-zs4pk/1/1 
19:07:49 PODS: cloudforge-5f6c79895d-7qcgx/1/1 cloudforge-5f6c79895d-mtnt4/1/1 cloudforge-5f6c79895d-wq8kd/1/1 cloudforge-canary-5448b87d84-zs4pk/1/1 
19:07:51 PODS: cloudforge-5f6c79895d-7qcgx/1/1 cloudforge-5f6c79895d-mtnt4/1/1 cloudforge-5f6c79895d-wq8kd/1/1 cloudforge-canary-5448b87d84-zs4pk/1/1 
19:07:53 PODS: cloudforge-5f6c79895d-7qcgx/1/1 cloudforge-5f6c79895d-mtnt4/1/1 cloudforge-5f6c79895d-wq8kd/1/1 cloudforge-canary-5448b87d84-zs4pk/1/1 
19:07:55 PODS: cloudforge-5f6c79895d-7qcgx/1/1 cloudforge-5f6c79895d-mtnt4/1/1 cloudforge-5f6c79895d-wq8kd/1/1 cloudforge-canary-5448b87d84-zs4pk/1/1 
19:07:58 PODS: cloudforge-5f6c79895d-7qcgx/1/1 cloudforge-5f6c79895d-mtnt4/1/1 cloudforge-5f6c79895d-wq8kd/1/1 cloudforge-canary-5448b87d84-zs4pk/1/1 
19:08:00 PODS: cloudforge-5f6c79895d-7qcgx/1/1 cloudforge-5f6c79895d-mtnt4/1/1 cloudforge-5f6c79895d-wq8kd/1/1 cloudforge-canary-5448b87d84-zs4pk/1/1 
19:08:02 PODS: cloudforge-5f6c79895d-7qcgx/1/1 cloudforge-5f6c79895d-mtnt4/1/1 cloudforge-5f6c79895d-wq8kd/1/1 cloudforge-canary-5448b87d84-zs4pk/1/1 
19:08:05 PODS: cloudforge-5f6c79895d-7qcgx/1/1 cloudforge-5f6c79895d-mtnt4/1/1 cloudforge-5f6c79895d-wq8kd/1/1 cloudforge-canary-5448b87d84-zs4pk/1/1 
19:08:07 PODS: cloudforge-5f6c79895d-7qcgx/1/1 cloudforge-5f6c79895d-mtnt4/1/1 cloudforge-5f6c79895d-wq8kd/1/1 cloudforge-canary-5448b87d84-zs4pk/1/1 
19:08:09 PODS: cloudforge-5f6c79895d-7qcgx/1/1 cloudforge-5f6c79895d-mtnt4/1/1 cloudforge-5f6c79895d-wq8kd/1/1 cloudforge-canary-5448b87d84-zs4pk/1/1 
19:08:11 PODS: cloudforge-5f6c79895d-7qcgx/1/1 cloudforge-5f6c79895d-mtnt4/1/1 cloudforge-5f6c79895d-wq8kd/1/1 cloudforge-canary-5448b87d84-zs4pk/1/1 
19:08:14 PODS: cloudforge-5f6c79895d-7qcgx/1/1 cloudforge-5f6c79895d-mtnt4/1/1 cloudforge-5f6c79895d-wq8kd/1/1 cloudforge-canary-5448b87d84-zs4pk/1/1 
19:08:16 PODS: cloudforge-5f6c79895d-7qcgx/1/1 cloudforge-5f6c79895d-mtnt4/1/1 cloudforge-5f6c79895d-wq8kd/1/1 cloudforge-canary-5448b87d84-zs4pk/1/1 
19:08:18 PODS: cloudforge-5f6c79895d-7qcgx/1/1 cloudforge-5f6c79895d-mtnt4/1/1 cloudforge-5f6c79895d-wq8kd/1/1 cloudforge-canary-5448b87d84-zs4pk/1/1 
19:08:20 PODS: cloudforge-5f6c79895d-7qcgx/1/1 cloudforge-5f6c79895d-mtnt4/1/1 cloudforge-5f6c79895d-wq8kd/1/1 cloudforge-canary-5448b87d84-zs4pk/1/1 
19:08:23 PODS: cloudforge-5f6c79895d-7qcgx/0/1 cloudforge-5f6c79895d-mtnt4/1/1 cloudforge-5f6c79895d-wq8kd/1/1 cloudforge-canary-5448b87d84-zs4pk/1/1 
19:08:25 PODS: cloudforge-5f6c79895d-mtnt4/1/1 cloudforge-5f6c79895d-wq8kd/1/1 cloudforge-canary-5448b87d84-zs4pk/1/1 
19:08:28 PODS: cloudforge-5f6c79895d-mtnt4/1/1 cloudforge-5f6c79895d-wq8kd/1/1 cloudforge-canary-5448b87d84-zs4pk/1/1 
19:08:30 PODS: cloudforge-5f6c79895d-mtnt4/1/1 cloudforge-5f6c79895d-wq8kd/1/1 cloudforge-canary-5448b87d84-zs4pk/1/1 
19:08:32 PODS: cloudforge-5f6c79895d-mtnt4/1/1 cloudforge-5f6c79895d-wq8kd/1/1 cloudforge-canary-5448b87d84-zs4pk/1/1 
19:08:35 PODS: cloudforge-5f6c79895d-mtnt4/1/1 cloudforge-5f6c79895d-wq8kd/1/1 cloudforge-canary-5448b87d84-zs4pk/1/1 
19:08:37 PODS: cloudforge-5f6c79895d-mtnt4/1/1 cloudforge-5f6c79895d-wq8kd/1/1 cloudforge-canary-5448b87d84-zs4pk/1/1 
19:08:39 PODS: cloudforge-5f6c79895d-mtnt4/1/1 cloudforge-5f6c79895d-wq8kd/1/1 cloudforge-canary-5448b87d84-zs4pk/1/1 
19:08:41 PODS: cloudforge-5f6c79895d-mtnt4/1/1 cloudforge-5f6c79895d-wq8kd/1/1 cloudforge-canary-5448b87d84-zs4pk/1/1 
19:08:44 PODS: cloudforge-5f6c79895d-mtnt4/1/1 cloudforge-5f6c79895d-wq8kd/1/1 cloudforge-canary-5448b87d84-zs4pk/1/1 
19:08:46 PODS: cloudforge-5f6c79895d-mtnt4/1/1 cloudforge-5f6c79895d-wq8kd/1/1 cloudforge-canary-5448b87d84-zs4pk/1/1 
19:08:48 PODS: cloudforge-5f6c79895d-mtnt4/1/1 cloudforge-5f6c79895d-wq8kd/1/1 cloudforge-canary-5448b87d84-zs4pk/1/1 
19:08:50 PODS: cloudforge-5f6c79895d-mtnt4/1/1 cloudforge-5f6c79895d-wq8kd/1/1 cloudforge-canary-5448b87d84-zs4pk/1/1 
19:08:53 PODS: cloudforge-5f6c79895d-mtnt4/1/1 cloudforge-5f6c79895d-wq8kd/1/1 cloudforge-canary-5448b87d84-zs4pk/1/1 
19:08:55 PODS: cloudforge-5f6c79895d-mtnt4/1/1 cloudforge-5f6c79895d-wq8kd/1/1 cloudforge-canary-5448b87d84-zs4pk/1/1 
19:08:57 PODS: cloudforge-5f6c79895d-mtnt4/1/1 cloudforge-5f6c79895d-wq8kd/1/1 cloudforge-canary-5448b87d84-zs4pk/1/1 
19:09:00 PODS: cloudforge-5f6c79895d-mtnt4/1/1 cloudforge-5f6c79895d-wq8kd/1/1 cloudforge-canary-5448b87d84-zs4pk/1/1 
19:09:02 PODS: cloudforge-5f6c79895d-mtnt4/1/1 cloudforge-5f6c79895d-wq8kd/1/1 cloudforge-canary-5448b87d84-zs4pk/1/1 
19:09:04 PODS: cloudforge-5f6c79895d-mtnt4/1/1 cloudforge-5f6c79895d-wq8kd/1/1 cloudforge-canary-5448b87d84-zs4pk/1/1 
19:09:06 PODS: cloudforge-5f6c79895d-mtnt4/1/1 cloudforge-5f6c79895d-wq8kd/1/1 cloudforge-canary-5448b87d84-zs4pk/1/1 
19:09:09 PODS: cloudforge-5f6c79895d-mtnt4/1/1 cloudforge-5f6c79895d-wq8kd/1/1 cloudforge-canary-5448b87d84-zs4pk/1/1 
19:09:11 PODS: cloudforge-5f6c79895d-mtnt4/1/1 cloudforge-5f6c79895d-wq8kd/1/1 cloudforge-canary-5448b87d84-zs4pk/1/1 
19:09:13 PODS: cloudforge-5f6c79895d-mtnt4/1/1 cloudforge-5f6c79895d-wq8kd/1/1 cloudforge-canary-5448b87d84-zs4pk/1/1 
19:09:15 PODS: cloudforge-5f6c79895d-mtnt4/1/1 cloudforge-5f6c79895d-wq8kd/1/1 cloudforge-canary-5448b87d84-zs4pk/1/1 
19:09:18 PODS: cloudforge-5f6c79895d-mtnt4/1/1 cloudforge-5f6c79895d-wq8kd/1/1 cloudforge-canary-5448b87d84-zs4pk/1/1 
19:09:20 PODS: cloudforge-5f6c79895d-mtnt4/1/1 cloudforge-5f6c79895d-wq8kd/1/1 cloudforge-canary-5448b87d84-zs4pk/1/1 
19:09:22 PODS: cloudforge-5f6c79895d-mtnt4/1/1 cloudforge-5f6c79895d-wq8kd/1/1 cloudforge-canary-5448b87d84-zs4pk/1/1 
19:09:25 PODS: cloudforge-5f6c79895d-mtnt4/1/1 cloudforge-5f6c79895d-wq8kd/1/1 cloudforge-canary-5448b87d84-zs4pk/1/1 
19:09:27 PODS: cloudforge-5f6c79895d-mtnt4/1/1 cloudforge-5f6c79895d-wq8kd/1/1 cloudforge-canary-5448b87d84-zs4pk/1/1 
19:09:29 PODS: cloudforge-5f6c79895d-mtnt4/1/1 cloudforge-5f6c79895d-wq8kd/1/1 cloudforge-canary-5448b87d84-zs4pk/1/1 
19:09:31 PODS: cloudforge-5f6c79895d-mtnt4/1/1 cloudforge-5f6c79895d-wq8kd/1/1 cloudforge-canary-5448b87d84-zs4pk/1/1 
19:09:34 PODS: cloudforge-5f6c79895d-mtnt4/1/1 cloudforge-5f6c79895d-wq8kd/1/1 cloudforge-canary-5448b87d84-zs4pk/1/1 
19:09:36 PODS: cloudforge-5f6c79895d-mtnt4/1/1 cloudforge-5f6c79895d-wq8kd/1/1 cloudforge-canary-5448b87d84-zs4pk/1/1 
19:09:39 PODS: cloudforge-5f6c79895d-mtnt4/1/1 cloudforge-5f6c79895d-wq8kd/1/1 cloudforge-canary-5448b87d84-zs4pk/1/1 
19:09:41 PODS: cloudforge-5f6c79895d-mtnt4/1/1 cloudforge-5f6c79895d-wq8kd/1/1 cloudforge-canary-5448b87d84-zs4pk/1/1 
19:09:43 PODS: cloudforge-5f6c79895d-mtnt4/1/1 cloudforge-5f6c79895d-wq8kd/1/1 cloudforge-canary-5448b87d84-zs4pk/1/1 
19:09:46 PODS: cloudforge-5f6c79895d-mtnt4/1/1 cloudforge-5f6c79895d-wq8kd/1/1 cloudforge-canary-5448b87d84-zs4pk/1/1 
19:09:48 PODS: cloudforge-5f6c79895d-mtnt4/1/1 cloudforge-5f6c79895d-wq8kd/1/1 cloudforge-canary-5448b87d84-zs4pk/1/1 
19:09:50 PODS: cloudforge-5f6c79895d-mtnt4/1/1 cloudforge-5f6c79895d-wq8kd/1/1 cloudforge-canary-5448b87d84-zs4pk/1/1 
19:09:52 PODS: cloudforge-5f6c79895d-mtnt4/1/1 cloudforge-5f6c79895d-wq8kd/1/1 cloudforge-canary-5448b87d84-zs4pk/1/1 
19:09:55 PODS: cloudforge-5f6c79895d-mtnt4/1/1 cloudforge-5f6c79895d-wq8kd/1/1 cloudforge-canary-5448b87d84-zs4pk/1/1 
19:09:57 PODS: cloudforge-5f6c79895d-mtnt4/1/1 cloudforge-5f6c79895d-wq8kd/1/1 cloudforge-canary-5448b87d84-zs4pk/1/1 
19:09:59 PODS: cloudforge-5f6c79895d-mtnt4/1/1 cloudforge-5f6c79895d-wq8kd/1/1 cloudforge-canary-5448b87d84-zs4pk/1/1 
19:10:01 PODS: cloudforge-5f6c79895d-mtnt4/1/1 cloudforge-5f6c79895d-wq8kd/1/1 cloudforge-canary-5448b87d84-zs4pk/1/1 
19:10:03 PODS: cloudforge-5f6c79895d-mtnt4/1/1 cloudforge-5f6c79895d-wq8kd/1/1 cloudforge-canary-5448b87d84-zs4pk/1/1 
19:10:06 PODS: cloudforge-5f6c79895d-mtnt4/1/1 cloudforge-5f6c79895d-wq8kd/1/1 cloudforge-canary-5448b87d84-zs4pk/1/1 
19:10:08 PODS: cloudforge-5f6c79895d-mtnt4/1/1 cloudforge-5f6c79895d-wq8kd/1/1 cloudforge-canary-5448b87d84-zs4pk/1/1 
19:10:10 PODS: cloudforge-5f6c79895d-mtnt4/1/1 cloudforge-5f6c79895d-wq8kd/1/1 cloudforge-canary-5448b87d84-zs4pk/1/1 
19:10:12 PODS: cloudforge-5f6c79895d-mtnt4/1/1 cloudforge-5f6c79895d-wq8kd/1/1 cloudforge-canary-5448b87d84-zs4pk/1/1 
19:10:15 PODS: cloudforge-5f6c79895d-mtnt4/1/1 cloudforge-5f6c79895d-wq8kd/1/1 cloudforge-canary-5448b87d84-zs4pk/1/1 
19:10:17 PODS: cloudforge-5f6c79895d-mtnt4/1/1 cloudforge-5f6c79895d-wq8kd/1/1 cloudforge-canary-5448b87d84-zs4pk/1/1 
19:10:19 PODS: cloudforge-5f6c79895d-mtnt4/1/1 cloudforge-5f6c79895d-wq8kd/1/1 cloudforge-canary-5448b87d84-zs4pk/1/1 
19:10:21 PODS: cloudforge-5f6c79895d-mtnt4/1/1 cloudforge-5f6c79895d-wq8kd/1/1 cloudforge-canary-5448b87d84-zs4pk/1/1 
19:10:24 PODS: cloudforge-5f6c79895d-mtnt4/1/1 cloudforge-5f6c79895d-wq8kd/1/1 cloudforge-canary-5448b87d84-zs4pk/1/1 
19:10:26 PODS: cloudforge-5f6c79895d-mtnt4/1/1 cloudforge-5f6c79895d-wq8kd/1/1 cloudforge-canary-5448b87d84-zs4pk/1/1 
19:10:28 PODS: cloudforge-5f6c79895d-mtnt4/1/1 cloudforge-5f6c79895d-wq8kd/1/1 cloudforge-canary-5448b87d84-zs4pk/1/1 
19:10:30 PODS: cloudforge-5f6c79895d-mtnt4/1/1 cloudforge-5f6c79895d-wq8kd/1/1 cloudforge-canary-5448b87d84-zs4pk/1/1 
19:10:32 PODS: cloudforge-5f6c79895d-mtnt4/1/1 cloudforge-5f6c79895d-wq8kd/1/1 cloudforge-canary-5448b87d84-zs4pk/1/1 
19:10:35 PODS: cloudforge-5f6c79895d-mtnt4/1/1 cloudforge-5f6c79895d-wq8kd/1/1 cloudforge-canary-5448b87d84-zs4pk/1/1 
19:10:37 PODS: cloudforge-5f6c79895d-mtnt4/1/1 cloudforge-5f6c79895d-wq8kd/1/1 cloudforge-canary-5448b87d84-zs4pk/1/1 
19:10:39 PODS: cloudforge-5f6c79895d-mtnt4/1/1 cloudforge-5f6c79895d-wq8kd/1/1 cloudforge-canary-5448b87d84-zs4pk/1/1 
19:10:42 PODS: cloudforge-5f6c79895d-mtnt4/1/1 cloudforge-5f6c79895d-wq8kd/1/1 cloudforge-canary-5448b87d84-zs4pk/1/1 
19:10:44 PODS: cloudforge-5f6c79895d-mtnt4/1/1 cloudforge-5f6c79895d-wq8kd/1/1 cloudforge-canary-5448b87d84-zs4pk/1/1 
19:10:47 PODS: cloudforge-5f6c79895d-mtnt4/1/1 cloudforge-5f6c79895d-wq8kd/1/1 cloudforge-canary-5448b87d84-zs4pk/1/1 
19:10:49 PODS: cloudforge-5f6c79895d-mtnt4/1/1 cloudforge-5f6c79895d-wq8kd/1/1 cloudforge-canary-5448b87d84-zs4pk/1/1 
19:10:51 PODS: cloudforge-5f6c79895d-mtnt4/1/1 cloudforge-5f6c79895d-wq8kd/1/1 cloudforge-canary-5448b87d84-zs4pk/1/1 
19:10:54 PODS: cloudforge-5f6c79895d-mtnt4/1/1 cloudforge-5f6c79895d-wq8kd/1/1 cloudforge-canary-5448b87d84-zs4pk/1/1 
19:10:56 PODS: cloudforge-5f6c79895d-mtnt4/1/1 cloudforge-5f6c79895d-wq8kd/1/1 cloudforge-canary-5448b87d84-zs4pk/1/1 
19:10:58 PODS: cloudforge-5f6c79895d-mtnt4/1/1 cloudforge-5f6c79895d-wq8kd/1/1 cloudforge-canary-5448b87d84-zs4pk/1/1 
19:11:00 PODS: cloudforge-5f6c79895d-mtnt4/1/1 cloudforge-5f6c79895d-wq8kd/1/1 cloudforge-canary-5448b87d84-zs4pk/1/1 
19:11:03 PODS: cloudforge-5f6c79895d-mtnt4/1/1 cloudforge-5f6c79895d-wq8kd/1/1 cloudforge-canary-5448b87d84-zs4pk/1/1 
19:11:05 PODS: cloudforge-5f6c79895d-mtnt4/1/1 cloudforge-5f6c79895d-wq8kd/1/1 cloudforge-canary-5448b87d84-zs4pk/1/1 
19:11:07 PODS: cloudforge-5f6c79895d-mtnt4/1/1 cloudforge-5f6c79895d-wq8kd/1/1 cloudforge-canary-5448b87d84-zs4pk/1/1 
19:11:09 PODS: cloudforge-5f6c79895d-mtnt4/1/1 cloudforge-5f6c79895d-wq8kd/1/1 cloudforge-canary-5448b87d84-zs4pk/1/1 
19:11:12 PODS: cloudforge-5f6c79895d-mtnt4/1/1 cloudforge-5f6c79895d-wq8kd/1/1 cloudforge-canary-5448b87d84-zs4pk/1/1 
19:11:14 PODS: cloudforge-5f6c79895d-mtnt4/1/1 cloudforge-5f6c79895d-wq8kd/1/1 cloudforge-canary-5448b87d84-zs4pk/1/1 
19:11:16 PODS: cloudforge-5f6c79895d-mtnt4/1/1 cloudforge-5f6c79895d-wq8kd/1/1 cloudforge-canary-5448b87d84-zs4pk/1/1 
19:11:18 PODS: cloudforge-5f6c79895d-mtnt4/1/1 cloudforge-5f6c79895d-wq8kd/1/1 cloudforge-canary-5448b87d84-zs4pk/1/1 
19:11:21 PODS: cloudforge-5f6c79895d-mtnt4/1/1 cloudforge-5f6c79895d-wq8kd/1/1 cloudforge-canary-5448b87d84-zs4pk/1/1 
19:11:23 PODS: cloudforge-5f6c79895d-mtnt4/1/1 cloudforge-5f6c79895d-wq8kd/1/1 cloudforge-canary-5448b87d84-zs4pk/1/1 
19:11:25 PODS: cloudforge-5f6c79895d-mtnt4/1/1 cloudforge-5f6c79895d-wq8kd/1/1 cloudforge-canary-5448b87d84-zs4pk/1/1 
19:11:27 PODS: cloudforge-5f6c79895d-mtnt4/1/1 cloudforge-5f6c79895d-wq8kd/1/1 cloudforge-canary-5448b87d84-zs4pk/1/1 
19:11:29 PODS: cloudforge-5f6c79895d-mtnt4/1/1 cloudforge-5f6c79895d-wq8kd/1/1 cloudforge-canary-5448b87d84-zs4pk/1/1 
19:11:32 PODS: cloudforge-5f6c79895d-mtnt4/1/1 cloudforge-5f6c79895d-wq8kd/1/1 cloudforge-canary-5448b87d84-zs4pk/1/1 
19:11:34 PODS: cloudforge-5f6c79895d-mtnt4/1/1 cloudforge-5f6c79895d-wq8kd/1/1 cloudforge-canary-5448b87d84-zs4pk/1/1 
19:11:36 PODS: cloudforge-5f6c79895d-mtnt4/1/1 cloudforge-5f6c79895d-wq8kd/1/1 cloudforge-canary-5448b87d84-zs4pk/1/1 
19:11:38 PODS: cloudforge-5f6c79895d-mtnt4/1/1 cloudforge-5f6c79895d-wq8kd/1/1 cloudforge-canary-5448b87d84-zs4pk/1/1 
19:11:40 PODS: cloudforge-5f6c79895d-mtnt4/1/1 cloudforge-5f6c79895d-wq8kd/1/1 cloudforge-canary-5448b87d84-zs4pk/1/1 
19:11:43 PODS: cloudforge-5f6c79895d-mtnt4/1/1 cloudforge-5f6c79895d-wq8kd/1/1 cloudforge-canary-5448b87d84-zs4pk/1/1 
19:11:45 PODS: cloudforge-5f6c79895d-mtnt4/1/1 cloudforge-5f6c79895d-wq8kd/1/1 cloudforge-canary-5448b87d84-zs4pk/1/1 
19:11:47 PODS: cloudforge-5f6c79895d-mtnt4/1/1 cloudforge-5f6c79895d-wq8kd/1/1 cloudforge-canary-5448b87d84-zs4pk/1/1 
19:11:50 PODS: cloudforge-5f6c79895d-mtnt4/1/1 cloudforge-5f6c79895d-wq8kd/1/1 cloudforge-canary-5448b87d84-zs4pk/1/1 
19:11:52 PODS: cloudforge-5f6c79895d-mtnt4/1/1 cloudforge-5f6c79895d-wq8kd/1/1 cloudforge-canary-5448b87d84-zs4pk/1/1 
19:11:54 PODS: cloudforge-5f6c79895d-mtnt4/1/1 cloudforge-5f6c79895d-wq8kd/1/1 cloudforge-canary-5448b87d84-zs4pk/1/1 
19:11:56 PODS: cloudforge-5f6c79895d-mtnt4/1/1 cloudforge-5f6c79895d-wq8kd/1/1 cloudforge-canary-5448b87d84-zs4pk/1/1 
19:11:59 PODS: cloudforge-5f6c79895d-mtnt4/1/1 cloudforge-5f6c79895d-wq8kd/1/1 cloudforge-canary-5448b87d84-zs4pk/1/1 
19:12:01 PODS: cloudforge-5f6c79895d-mtnt4/1/1 cloudforge-5f6c79895d-wq8kd/1/1 cloudforge-canary-5448b87d84-zs4pk/1/1 
19:12:04 PODS: cloudforge-5f6c79895d-mtnt4/1/1 cloudforge-5f6c79895d-wq8kd/1/1 cloudforge-canary-5448b87d84-zs4pk/1/1 
19:12:06 PODS: cloudforge-5f6c79895d-mtnt4/1/1 cloudforge-5f6c79895d-wq8kd/1/1 cloudforge-canary-5448b87d84-zs4pk/1/1 
19:12:09 PODS: cloudforge-5f6c79895d-mtnt4/1/1 cloudforge-5f6c79895d-wq8kd/1/1 cloudforge-canary-5448b87d84-zs4pk/1/1 
19:12:11 PODS: cloudforge-5f6c79895d-mtnt4/1/1 cloudforge-5f6c79895d-wq8kd/1/1 cloudforge-canary-5448b87d84-zs4pk/1/1 
19:12:13 PODS: cloudforge-5f6c79895d-mtnt4/1/1 cloudforge-5f6c79895d-wq8kd/1/1 cloudforge-canary-5448b87d84-zs4pk/1/1 
19:12:15 PODS: cloudforge-5f6c79895d-mtnt4/1/1 cloudforge-5f6c79895d-wq8kd/1/1 cloudforge-canary-5448b87d84-zs4pk/1/1 
19:12:18 PODS: cloudforge-5f6c79895d-mtnt4/1/1 cloudforge-5f6c79895d-wq8kd/1/1 cloudforge-canary-5448b87d84-zs4pk/1/1 
19:12:20 PODS: cloudforge-5f6c79895d-mtnt4/1/1 cloudforge-5f6c79895d-wq8kd/1/1 cloudforge-canary-5448b87d84-zs4pk/1/1 
19:12:22 PODS: cloudforge-5f6c79895d-mtnt4/1/1 cloudforge-5f6c79895d-wq8kd/1/1 cloudforge-canary-5448b87d84-zs4pk/1/1 
19:12:24 PODS: cloudforge-5f6c79895d-mtnt4/1/1 cloudforge-5f6c79895d-wq8kd/1/1 cloudforge-canary-5448b87d84-zs4pk/1/1 
19:12:27 PODS: cloudforge-5f6c79895d-mtnt4/1/1 cloudforge-5f6c79895d-wq8kd/1/1 cloudforge-canary-5448b87d84-zs4pk/1/1 
19:12:29 PODS: cloudforge-5f6c79895d-mtnt4/1/1 cloudforge-5f6c79895d-wq8kd/1/1 cloudforge-canary-5448b87d84-zs4pk/1/1 
19:12:31 PODS: cloudforge-5f6c79895d-mtnt4/1/1 cloudforge-5f6c79895d-wq8kd/1/1 cloudforge-canary-5448b87d84-zs4pk/1/1 
19:12:33 PODS: cloudforge-5f6c79895d-mtnt4/1/1 cloudforge-5f6c79895d-wq8kd/1/1 cloudforge-canary-5448b87d84-zs4pk/1/1 
19:12:36 PODS: cloudforge-5f6c79895d-mtnt4/1/1 cloudforge-5f6c79895d-wq8kd/1/1 cloudforge-canary-5448b87d84-zs4pk/1/1 
19:12:38 PODS: cloudforge-5f6c79895d-mtnt4/1/1 cloudforge-5f6c79895d-wq8kd/1/1 cloudforge-canary-5448b87d84-zs4pk/1/1 
19:12:40 PODS: cloudforge-5f6c79895d-mtnt4/1/1 cloudforge-5f6c79895d-wq8kd/1/1 cloudforge-canary-5448b87d84-zs4pk/1/1 
19:12:43 PODS: cloudforge-5f6c79895d-mtnt4/1/1 cloudforge-5f6c79895d-wq8kd/1/1 cloudforge-canary-5448b87d84-zs4pk/1/1 
19:12:45 PODS: cloudforge-5f6c79895d-mtnt4/1/1 cloudforge-5f6c79895d-wq8kd/1/1 cloudforge-canary-5448b87d84-zs4pk/1/1 
19:12:47 PODS: cloudforge-5f6c79895d-mtnt4/1/1 cloudforge-5f6c79895d-wq8kd/1/1 cloudforge-canary-5448b87d84-zs4pk/1/1 
19:12:50 PODS: cloudforge-5f6c79895d-mtnt4/1/1 cloudforge-5f6c79895d-wq8kd/1/1 cloudforge-canary-5448b87d84-zs4pk/1/1 
19:12:52 PODS: cloudforge-5f6c79895d-mtnt4/1/1 cloudforge-5f6c79895d-wq8kd/1/1 cloudforge-canary-5448b87d84-zs4pk/1/1 
19:12:54 PODS: cloudforge-5f6c79895d-mtnt4/1/1 cloudforge-5f6c79895d-wq8kd/1/1 cloudforge-canary-5448b87d84-zs4pk/1/1 
19:12:56 PODS: cloudforge-5f6c79895d-mtnt4/1/1 cloudforge-5f6c79895d-wq8kd/1/1 cloudforge-canary-5448b87d84-zs4pk/1/1 
19:12:59 PODS: cloudforge-5f6c79895d-mtnt4/1/1 cloudforge-5f6c79895d-wq8kd/1/1 cloudforge-canary-5448b87d84-zs4pk/1/1 
19:13:01 PODS: cloudforge-5f6c79895d-mtnt4/1/1 cloudforge-5f6c79895d-wq8kd/1/1 cloudforge-canary-5448b87d84-zs4pk/1/1 
19:13:03 PODS: cloudforge-5f6c79895d-mtnt4/1/1 cloudforge-5f6c79895d-wq8kd/1/1 cloudforge-canary-5448b87d84-zs4pk/1/1 
19:13:05 PODS: cloudforge-5f6c79895d-mtnt4/1/1 cloudforge-5f6c79895d-wq8kd/1/1 cloudforge-canary-5448b87d84-zs4pk/1/1 
19:13:08 PODS: cloudforge-5f6c79895d-mtnt4/1/1 cloudforge-5f6c79895d-wq8kd/1/1 cloudforge-canary-5448b87d84-zs4pk/1/1 
19:13:10 PODS: cloudforge-5f6c79895d-mtnt4/1/1 cloudforge-5f6c79895d-wq8kd/1/1 cloudforge-canary-5448b87d84-zs4pk/1/1 
19:13:13 PODS: cloudforge-5f6c79895d-mtnt4/1/1 cloudforge-5f6c79895d-wq8kd/1/1 cloudforge-canary-5448b87d84-zs4pk/1/1 
19:13:15 PODS: cloudforge-5f6c79895d-mtnt4/1/1 cloudforge-5f6c79895d-wq8kd/1/1 cloudforge-canary-5448b87d84-zs4pk/1/1 
19:13:17 PODS: cloudforge-5f6c79895d-mtnt4/1/1 cloudforge-5f6c79895d-wq8kd/1/1 cloudforge-canary-5448b87d84-zs4pk/1/1 
19:13:20 PODS: cloudforge-5f6c79895d-mtnt4/1/1 cloudforge-5f6c79895d-wq8kd/1/1 cloudforge-canary-5448b87d84-zs4pk/1/1 
19:13:22 PODS: cloudforge-5f6c79895d-mtnt4/1/1 cloudforge-5f6c79895d-wq8kd/1/1 cloudforge-canary-5448b87d84-zs4pk/1/1 
19:13:24 PODS: cloudforge-5f6c79895d-mtnt4/1/1 cloudforge-5f6c79895d-wq8kd/1/1 cloudforge-canary-5448b87d84-zs4pk/1/1 
19:13:26 PODS: cloudforge-5f6c79895d-mtnt4/1/1 cloudforge-5f6c79895d-wq8kd/1/1 cloudforge-canary-5448b87d84-zs4pk/1/1 
19:13:29 PODS: cloudforge-5f6c79895d-mtnt4/1/1 cloudforge-5f6c79895d-wq8kd/1/1 cloudforge-canary-5448b87d84-zs4pk/1/1 
19:13:31 PODS: cloudforge-5f6c79895d-mtnt4/1/1 cloudforge-5f6c79895d-wq8kd/1/1 cloudforge-canary-5448b87d84-zs4pk/1/1 
19:13:33 PODS: cloudforge-5f6c79895d-mtnt4/1/1 cloudforge-5f6c79895d-wq8kd/1/1 cloudforge-canary-5448b87d84-zs4pk/1/1 
19:13:35 PODS: cloudforge-5f6c79895d-mtnt4/1/1 cloudforge-5f6c79895d-wq8kd/1/1 cloudforge-canary-5448b87d84-zs4pk/1/1 
19:13:38 PODS: cloudforge-5f6c79895d-mtnt4/1/1 cloudforge-5f6c79895d-wq8kd/1/1 cloudforge-canary-5448b87d84-zs4pk/1/1 
19:13:40 PODS: cloudforge-5f6c79895d-mtnt4/1/1 cloudforge-5f6c79895d-wq8kd/1/1 cloudforge-canary-5448b87d84-zs4pk/1/1 
19:13:43 PODS: cloudforge-5f6c79895d-mtnt4/1/1 cloudforge-5f6c79895d-wq8kd/1/1 cloudforge-canary-5448b87d84-zs4pk/1/1 
19:13:45 PODS: cloudforge-5f6c79895d-mtnt4/1/1 cloudforge-5f6c79895d-wq8kd/1/1 cloudforge-canary-5448b87d84-zs4pk/1/1 
19:13:47 PODS: cloudforge-5f6c79895d-mtnt4/1/1 cloudforge-5f6c79895d-wq8kd/1/1 cloudforge-canary-5448b87d84-zs4pk/1/1 
19:13:50 PODS: cloudforge-5f6c79895d-mtnt4/1/1 cloudforge-5f6c79895d-wq8kd/1/1 cloudforge-canary-5448b87d84-zs4pk/1/1 
19:13:52 PODS: cloudforge-5f6c79895d-mtnt4/1/1 cloudforge-5f6c79895d-wq8kd/1/1 cloudforge-canary-5448b87d84-zs4pk/1/1 
19:13:54 PODS: cloudforge-5f6c79895d-mtnt4/1/1 cloudforge-5f6c79895d-wq8kd/1/1 cloudforge-canary-5448b87d84-zs4pk/1/1 
19:13:56 PODS: cloudforge-5f6c79895d-mtnt4/1/1 cloudforge-5f6c79895d-wq8kd/1/1 cloudforge-canary-5448b87d84-zs4pk/1/1 
19:13:58 PODS: cloudforge-5f6c79895d-mtnt4/1/1 cloudforge-5f6c79895d-wq8kd/1/1 cloudforge-canary-5448b87d84-zs4pk/1/1 
19:14:01 PODS: cloudforge-5f6c79895d-mtnt4/1/1 cloudforge-5f6c79895d-wq8kd/1/1 cloudforge-canary-5448b87d84-zs4pk/1/1 
19:14:03 PODS: cloudforge-5f6c79895d-mtnt4/1/1 cloudforge-5f6c79895d-wq8kd/1/1 cloudforge-canary-5448b87d84-zs4pk/1/1 
19:14:05 PODS: cloudforge-5f6c79895d-mtnt4/1/1 cloudforge-5f6c79895d-wq8kd/1/1 cloudforge-canary-5448b87d84-zs4pk/1/1 
19:14:07 PODS: cloudforge-5f6c79895d-mtnt4/1/1 cloudforge-5f6c79895d-wq8kd/1/1 cloudforge-canary-5448b87d84-zs4pk/1/1 
19:14:09 PODS: cloudforge-5f6c79895d-mtnt4/1/1 cloudforge-5f6c79895d-wq8kd/1/1 cloudforge-canary-5448b87d84-zs4pk/1/1 
19:14:12 PODS: cloudforge-5f6c79895d-mtnt4/1/1 cloudforge-5f6c79895d-wq8kd/1/1 cloudforge-canary-5448b87d84-zs4pk/1/1 
19:14:14 PODS: cloudforge-5f6c79895d-mtnt4/1/1 cloudforge-5f6c79895d-wq8kd/1/1 cloudforge-canary-5448b87d84-zs4pk/1/1 
19:14:16 PODS: cloudforge-5f6c79895d-mtnt4/1/1 cloudforge-5f6c79895d-wq8kd/1/1 cloudforge-canary-5448b87d84-zs4pk/1/1 
19:14:19 PODS: cloudforge-5f6c79895d-mtnt4/1/1 cloudforge-5f6c79895d-wq8kd/1/1 cloudforge-canary-5448b87d84-zs4pk/1/1 
19:14:21 PODS: cloudforge-5f6c79895d-mtnt4/1/1 cloudforge-5f6c79895d-wq8kd/1/1 cloudforge-canary-5448b87d84-zs4pk/1/1 
19:14:23 PODS: cloudforge-5f6c79895d-mtnt4/1/1 cloudforge-5f6c79895d-wq8kd/1/1 cloudforge-canary-5448b87d84-zs4pk/1/1 
19:14:26 PODS: cloudforge-5f6c79895d-mtnt4/1/1 cloudforge-5f6c79895d-wq8kd/1/1 cloudforge-canary-5448b87d84-zs4pk/1/1 
19:14:28 PODS: cloudforge-5f6c79895d-mtnt4/1/1 cloudforge-5f6c79895d-wq8kd/1/1 cloudforge-canary-5448b87d84-zs4pk/1/1 
19:14:31 PODS: cloudforge-5f6c79895d-mtnt4/1/1 cloudforge-5f6c79895d-wq8kd/1/1 cloudforge-canary-5448b87d84-zs4pk/1/1 
19:14:33 PODS: cloudforge-5f6c79895d-mtnt4/1/1 cloudforge-5f6c79895d-wq8kd/1/1 cloudforge-canary-5448b87d84-zs4pk/1/1 
19:14:35 PODS: cloudforge-5f6c79895d-mtnt4/1/1 cloudforge-5f6c79895d-wq8kd/1/1 cloudforge-canary-5448b87d84-zs4pk/1/1 
19:14:37 PODS: cloudforge-5f6c79895d-mtnt4/1/1 cloudforge-5f6c79895d-wq8kd/1/1 cloudforge-canary-5448b87d84-zs4pk/1/1 
19:14:39 PODS: cloudforge-5f6c79895d-mtnt4/1/1 cloudforge-5f6c79895d-wq8kd/1/1 cloudforge-canary-5448b87d84-zs4pk/1/1 
19:14:42 PODS: cloudforge-5f6c79895d-mtnt4/1/1 cloudforge-5f6c79895d-wq8kd/1/1 cloudforge-canary-5448b87d84-zs4pk/1/1 
19:14:44 PODS: cloudforge-5f6c79895d-mtnt4/1/1 cloudforge-5f6c79895d-wq8kd/1/1 cloudforge-canary-5448b87d84-zs4pk/1/1 
19:14:46 PODS: cloudforge-5f6c79895d-mtnt4/1/1 cloudforge-5f6c79895d-wq8kd/1/1 cloudforge-canary-5448b87d84-zs4pk/1/1 
19:14:48 PODS: cloudforge-5f6c79895d-mtnt4/1/1 cloudforge-5f6c79895d-wq8kd/1/1 cloudforge-canary-5448b87d84-zs4pk/1/1 
19:14:51 PODS: cloudforge-5f6c79895d-mtnt4/1/1 cloudforge-5f6c79895d-wq8kd/1/1 cloudforge-canary-5448b87d84-zs4pk/1/1 
19:14:53 PODS: cloudforge-5f6c79895d-mtnt4/1/1 cloudforge-5f6c79895d-wq8kd/1/1 cloudforge-canary-5448b87d84-zs4pk/1/1 
19:14:55 PODS: cloudforge-5f6c79895d-mtnt4/1/1 cloudforge-5f6c79895d-wq8kd/1/1 cloudforge-canary-5448b87d84-zs4pk/1/1 
19:14:58 PODS: cloudforge-5f6c79895d-mtnt4/1/1 cloudforge-5f6c79895d-wq8kd/1/1 cloudforge-canary-5448b87d84-zs4pk/1/1 
19:15:00 PODS: cloudforge-5f6c79895d-mtnt4/1/1 cloudforge-5f6c79895d-wq8kd/1/1 cloudforge-canary-5448b87d84-zs4pk/1/1 
19:15:02 PODS: cloudforge-5f6c79895d-mtnt4/1/1 cloudforge-5f6c79895d-wq8kd/1/1 cloudforge-canary-5448b87d84-zs4pk/1/1 
19:15:05 PODS: cloudforge-5f6c79895d-mtnt4/1/1 cloudforge-5f6c79895d-wq8kd/1/1 cloudforge-canary-5448b87d84-zs4pk/1/1 
19:15:08 PODS: cloudforge-5f6c79895d-mtnt4/1/1 cloudforge-5f6c79895d-wq8kd/1/1 cloudforge-canary-5448b87d84-zs4pk/1/1 
19:15:10 PODS: cloudforge-5f6c79895d-mtnt4/1/1 cloudforge-5f6c79895d-wq8kd/1/1 cloudforge-canary-5448b87d84-zs4pk/1/1 
19:15:13 PODS: cloudforge-5f6c79895d-mtnt4/1/1 cloudforge-5f6c79895d-wq8kd/1/1 cloudforge-canary-5448b87d84-zs4pk/1/1 
19:15:15 PODS: cloudforge-5f6c79895d-mtnt4/1/1 cloudforge-5f6c79895d-wq8kd/1/1 cloudforge-canary-5448b87d84-zs4pk/1/1 
19:15:18 PODS: cloudforge-5f6c79895d-mtnt4/1/1 cloudforge-5f6c79895d-wq8kd/1/1 cloudforge-canary-5448b87d84-zs4pk/1/1 
19:15:20 PODS: cloudforge-5f6c79895d-mtnt4/1/1 cloudforge-5f6c79895d-wq8kd/1/1 cloudforge-canary-5448b87d84-zs4pk/1/1 
19:15:23 PODS: cloudforge-5f6c79895d-mtnt4/1/1 cloudforge-5f6c79895d-wq8kd/1/1 cloudforge-canary-5448b87d84-zs4pk/1/1 
19:15:25 PODS: cloudforge-5f6c79895d-mtnt4/1/1 cloudforge-5f6c79895d-wq8kd/1/1 cloudforge-canary-5448b87d84-zs4pk/1/1 
19:15:27 PODS: cloudforge-5f6c79895d-mtnt4/1/1 cloudforge-5f6c79895d-wq8kd/1/1 cloudforge-canary-5448b87d84-zs4pk/1/1 
19:15:30 PODS: cloudforge-5f6c79895d-mtnt4/1/1 cloudforge-5f6c79895d-wq8kd/1/1 cloudforge-canary-5448b87d84-zs4pk/1/1 
19:15:32 PODS: cloudforge-5f6c79895d-mtnt4/1/1 cloudforge-5f6c79895d-wq8kd/1/1 cloudforge-canary-5448b87d84-zs4pk/1/1 
19:15:34 PODS: cloudforge-5f6c79895d-mtnt4/1/1 cloudforge-5f6c79895d-wq8kd/1/1 cloudforge-canary-5448b87d84-zs4pk/1/1 
19:15:36 PODS: cloudforge-5f6c79895d-mtnt4/1/1 cloudforge-5f6c79895d-wq8kd/1/1 cloudforge-canary-5448b87d84-zs4pk/1/1 
19:15:38 PODS: cloudforge-5f6c79895d-mtnt4/1/1 cloudforge-5f6c79895d-wq8kd/1/1 cloudforge-canary-5448b87d84-zs4pk/1/1 
19:15:41 PODS: cloudforge-5f6c79895d-mtnt4/1/1 cloudforge-5f6c79895d-wq8kd/1/1 cloudforge-canary-5448b87d84-zs4pk/1/1 
19:15:43 PODS: cloudforge-5f6c79895d-mtnt4/1/1 cloudforge-5f6c79895d-wq8kd/1/1 cloudforge-canary-5448b87d84-zs4pk/1/1 
19:15:46 PODS: cloudforge-5f6c79895d-mtnt4/1/1 cloudforge-5f6c79895d-wq8kd/1/1 cloudforge-canary-5448b87d84-zs4pk/1/1 
19:15:48 PODS: cloudforge-5f6c79895d-mtnt4/1/1 cloudforge-5f6c79895d-wq8kd/1/1 cloudforge-canary-5448b87d84-zs4pk/1/1 
19:15:51 PODS: cloudforge-5f6c79895d-mtnt4/1/1 cloudforge-5f6c79895d-wq8kd/1/1 cloudforge-canary-5448b87d84-zs4pk/1/1 
19:15:53 PODS: cloudforge-5f6c79895d-mtnt4/1/1 cloudforge-5f6c79895d-wq8kd/1/1 cloudforge-canary-5448b87d84-zs4pk/1/1 
19:15:56 PODS: cloudforge-5f6c79895d-mtnt4/1/1 cloudforge-5f6c79895d-wq8kd/1/1 cloudforge-canary-5448b87d84-zs4pk/1/1 
19:15:58 PODS: cloudforge-5f6c79895d-mtnt4/1/1 cloudforge-5f6c79895d-wq8kd/1/1 cloudforge-canary-5448b87d84-zs4pk/1/1 
19:16:01 PODS: cloudforge-5f6c79895d-mtnt4/1/1 cloudforge-5f6c79895d-wq8kd/1/1 cloudforge-canary-5448b87d84-zs4pk/1/1 
19:16:03 PODS: cloudforge-5f6c79895d-mtnt4/1/1 cloudforge-5f6c79895d-wq8kd/1/1 cloudforge-canary-5448b87d84-zs4pk/1/1 
19:16:05 PODS: cloudforge-5f6c79895d-mtnt4/1/1 cloudforge-5f6c79895d-wq8kd/1/1 cloudforge-canary-5448b87d84-zs4pk/1/1 
19:16:07 PODS: cloudforge-5f6c79895d-mtnt4/1/1 cloudforge-5f6c79895d-wq8kd/1/1 cloudforge-canary-5448b87d84-zs4pk/1/1 
19:16:09 PODS: cloudforge-5f6c79895d-mtnt4/1/1 cloudforge-5f6c79895d-wq8kd/1/1 cloudforge-canary-5448b87d84-zs4pk/1/1 
19:16:12 PODS: cloudforge-5f6c79895d-mtnt4/1/1 cloudforge-5f6c79895d-wq8kd/1/1 cloudforge-canary-5448b87d84-zs4pk/1/1 
19:16:14 PODS: cloudforge-5f6c79895d-mtnt4/1/1 cloudforge-5f6c79895d-wq8kd/1/1 cloudforge-canary-5448b87d84-zs4pk/1/1 
19:16:16 PODS: cloudforge-5f6c79895d-mtnt4/1/1 cloudforge-5f6c79895d-wq8kd/1/1 cloudforge-canary-5448b87d84-zs4pk/1/1 
19:16:19 PODS: cloudforge-5f6c79895d-mtnt4/1/1 cloudforge-5f6c79895d-wq8kd/1/1 cloudforge-canary-5448b87d84-zs4pk/1/1 
19:16:21 PODS: cloudforge-5f6c79895d-mtnt4/1/1 cloudforge-5f6c79895d-wq8kd/1/1 cloudforge-canary-5448b87d84-zs4pk/1/1 
19:16:24 PODS: cloudforge-5f6c79895d-mtnt4/1/1 cloudforge-5f6c79895d-wq8kd/1/1 cloudforge-canary-5448b87d84-zs4pk/1/1 
19:16:26 PODS: cloudforge-5f6c79895d-mtnt4/1/1 cloudforge-5f6c79895d-wq8kd/1/1 cloudforge-canary-5448b87d84-zs4pk/1/1 
19:16:28 PODS: cloudforge-5f6c79895d-mtnt4/1/1 cloudforge-5f6c79895d-wq8kd/1/1 cloudforge-canary-5448b87d84-zs4pk/1/1 
19:16:31 PODS: cloudforge-5f6c79895d-mtnt4/1/1 cloudforge-5f6c79895d-wq8kd/1/1 cloudforge-canary-5448b87d84-zs4pk/1/1 
19:16:33 PODS: cloudforge-5f6c79895d-mtnt4/1/1 cloudforge-5f6c79895d-wq8kd/1/1 cloudforge-canary-5448b87d84-zs4pk/1/1 
19:16:36 PODS: cloudforge-5f6c79895d-mtnt4/1/1 cloudforge-5f6c79895d-wq8kd/1/1 cloudforge-canary-5448b87d84-zs4pk/1/1 
19:16:38 PODS: cloudforge-5f6c79895d-mtnt4/1/1 cloudforge-5f6c79895d-wq8kd/1/1 cloudforge-canary-5448b87d84-zs4pk/1/1 
19:16:40 PODS: cloudforge-5f6c79895d-mtnt4/1/1 cloudforge-5f6c79895d-wq8kd/1/1 cloudforge-canary-5448b87d84-zs4pk/1/1 
19:16:43 PODS: cloudforge-5f6c79895d-mtnt4/1/1 cloudforge-5f6c79895d-wq8kd/1/1 cloudforge-canary-5448b87d84-zs4pk/1/1 
19:16:45 PODS: cloudforge-5f6c79895d-mtnt4/1/1 cloudforge-5f6c79895d-wq8kd/1/1 cloudforge-canary-5448b87d84-zs4pk/1/1 
19:16:47 PODS: cloudforge-5f6c79895d-mtnt4/1/1 cloudforge-5f6c79895d-wq8kd/1/1 cloudforge-canary-5448b87d84-zs4pk/1/1 
19:16:49 PODS: cloudforge-5f6c79895d-mtnt4/1/1 cloudforge-5f6c79895d-wq8kd/1/1 cloudforge-canary-5448b87d84-zs4pk/1/1 
19:16:52 PODS: cloudforge-5f6c79895d-mtnt4/1/1 cloudforge-5f6c79895d-wq8kd/1/1 cloudforge-canary-5448b87d84-zs4pk/1/1 
19:16:54 PODS: cloudforge-5f6c79895d-mtnt4/1/1 cloudforge-5f6c79895d-wq8kd/1/1 cloudforge-canary-5448b87d84-zs4pk/1/1 
19:16:56 PODS: cloudforge-5f6c79895d-mtnt4/1/1 cloudforge-5f6c79895d-wq8kd/1/1 cloudforge-canary-5448b87d84-zs4pk/1/1 
19:16:59 PODS: cloudforge-5f6c79895d-mtnt4/1/1 cloudforge-5f6c79895d-wq8kd/1/1 cloudforge-canary-5448b87d84-zs4pk/1/1 
19:17:01 PODS: cloudforge-5f6c79895d-mtnt4/1/1 cloudforge-5f6c79895d-wq8kd/1/1 cloudforge-canary-5448b87d84-zs4pk/1/1 
19:17:03 PODS: cloudforge-5f6c79895d-mtnt4/1/1 cloudforge-5f6c79895d-wq8kd/1/1 cloudforge-canary-5448b87d84-zs4pk/1/1 
19:17:05 PODS: cloudforge-5f6c79895d-mtnt4/1/1 cloudforge-5f6c79895d-wq8kd/1/1 cloudforge-canary-5448b87d84-zs4pk/1/1 
19:17:08 PODS: cloudforge-5f6c79895d-mtnt4/1/1 cloudforge-5f6c79895d-wq8kd/1/1 cloudforge-canary-5448b87d84-zs4pk/1/1 
19:17:10 PODS: cloudforge-5f6c79895d-mtnt4/1/1 cloudforge-5f6c79895d-wq8kd/1/1 cloudforge-canary-5448b87d84-zs4pk/1/1 
19:17:13 PODS: cloudforge-5f6c79895d-mtnt4/1/1 cloudforge-5f6c79895d-wq8kd/1/1 cloudforge-canary-5448b87d84-zs4pk/1/1 
19:17:15 PODS: cloudforge-5f6c79895d-mtnt4/1/1 cloudforge-5f6c79895d-wq8kd/1/1 cloudforge-canary-5448b87d84-zs4pk/1/1 
19:17:17 PODS: cloudforge-5f6c79895d-mtnt4/1/1 cloudforge-5f6c79895d-wq8kd/1/1 cloudforge-canary-5448b87d84-zs4pk/1/1 
19:17:19 PODS: cloudforge-5f6c79895d-mtnt4/1/1 cloudforge-5f6c79895d-wq8kd/1/1 cloudforge-canary-5448b87d84-zs4pk/1/1 
19:17:21 PODS: cloudforge-5f6c79895d-mtnt4/1/1 cloudforge-5f6c79895d-wq8kd/1/1 cloudforge-canary-5448b87d84-zs4pk/1/1 
19:17:24 PODS: cloudforge-5f6c79895d-mtnt4/1/1 cloudforge-5f6c79895d-wq8kd/1/1 cloudforge-canary-5448b87d84-zs4pk/1/1 
19:17:26 PODS: cloudforge-5f6c79895d-mtnt4/1/1 cloudforge-5f6c79895d-wq8kd/1/1 cloudforge-canary-5448b87d84-zs4pk/1/1 
19:17:28 PODS: cloudforge-5f6c79895d-mtnt4/1/1 cloudforge-5f6c79895d-wq8kd/1/1 cloudforge-canary-5448b87d84-zs4pk/1/1 
19:17:30 PODS: cloudforge-5f6c79895d-mtnt4/1/1 cloudforge-5f6c79895d-wq8kd/1/1 cloudforge-canary-5448b87d84-zs4pk/1/1 
19:17:33 PODS: cloudforge-5f6c79895d-mtnt4/1/1 cloudforge-5f6c79895d-wq8kd/1/1 cloudforge-canary-5448b87d84-zs4pk/1/1 
19:17:35 PODS: cloudforge-5f6c79895d-mtnt4/1/1 cloudforge-5f6c79895d-wq8kd/1/1 cloudforge-canary-5448b87d84-zs4pk/1/1 
19:17:37 PODS: cloudforge-5f6c79895d-mtnt4/1/1 cloudforge-5f6c79895d-wq8kd/1/1 cloudforge-canary-5448b87d84-zs4pk/1/1 
19:17:39 PODS: cloudforge-5f6c79895d-mtnt4/1/1 cloudforge-5f6c79895d-wq8kd/1/1 cloudforge-canary-5448b87d84-zs4pk/1/1 
19:17:41 PODS: cloudforge-5f6c79895d-mtnt4/1/1 cloudforge-5f6c79895d-wq8kd/1/1 cloudforge-canary-5448b87d84-zs4pk/1/1 
19:17:44 PODS: cloudforge-5f6c79895d-mtnt4/1/1 cloudforge-5f6c79895d-wq8kd/1/1 cloudforge-canary-5448b87d84-zs4pk/1/1 
19:17:46 PODS: cloudforge-5f6c79895d-mtnt4/1/1 cloudforge-5f6c79895d-wq8kd/1/1 cloudforge-canary-5448b87d84-zs4pk/1/1 
19:17:48 PODS: cloudforge-5f6c79895d-mtnt4/1/1 cloudforge-5f6c79895d-wq8kd/1/1 cloudforge-canary-5448b87d84-zs4pk/1/1 
19:17:50 PODS: cloudforge-5f6c79895d-mtnt4/1/1 cloudforge-5f6c79895d-wq8kd/1/1 cloudforge-canary-5448b87d84-zs4pk/1/1 
19:17:53 PODS: cloudforge-5f6c79895d-mtnt4/1/1 cloudforge-5f6c79895d-wq8kd/1/1 cloudforge-canary-5448b87d84-zs4pk/1/1 
19:17:55 PODS: cloudforge-5f6c79895d-mtnt4/1/1 cloudforge-5f6c79895d-wq8kd/1/1 cloudforge-canary-5448b87d84-zs4pk/1/1 
19:17:57 PODS: cloudforge-5f6c79895d-mtnt4/1/1 cloudforge-5f6c79895d-wq8kd/1/1 cloudforge-canary-5448b87d84-zs4pk/1/1 
19:18:00 PODS: cloudforge-5f6c79895d-mtnt4/1/1 cloudforge-5f6c79895d-wq8kd/1/1 cloudforge-canary-5448b87d84-zs4pk/1/1 
19:18:02 PODS: cloudforge-5f6c79895d-mtnt4/1/1 cloudforge-5f6c79895d-wq8kd/1/1 cloudforge-canary-5448b87d84-zs4pk/1/1 
19:18:04 PODS: cloudforge-5f6c79895d-mtnt4/1/1 cloudforge-5f6c79895d-wq8kd/1/1 cloudforge-canary-5448b87d84-zs4pk/1/1 
19:18:06 PODS: cloudforge-5f6c79895d-mtnt4/1/1 cloudforge-5f6c79895d-wq8kd/1/1 cloudforge-canary-5448b87d84-zs4pk/1/1 
19:18:09 PODS: cloudforge-5f6c79895d-mtnt4/1/1 cloudforge-5f6c79895d-wq8kd/1/1 cloudforge-canary-5448b87d84-zs4pk/1/1 
19:18:11 PODS: cloudforge-5f6c79895d-mtnt4/1/1 cloudforge-5f6c79895d-wq8kd/1/1 cloudforge-canary-5448b87d84-zs4pk/1/1 
19:18:14 PODS: cloudforge-5f6c79895d-mtnt4/1/1 cloudforge-5f6c79895d-wq8kd/1/1 cloudforge-canary-5448b87d84-zs4pk/1/1 
19:18:16 PODS: cloudforge-5f6c79895d-mtnt4/1/1 cloudforge-5f6c79895d-wq8kd/1/1 cloudforge-canary-5448b87d84-zs4pk/1/1 
19:18:18 PODS: cloudforge-5f6c79895d-mtnt4/1/1 cloudforge-5f6c79895d-wq8kd/1/1 cloudforge-canary-5448b87d84-zs4pk/1/1 
19:18:20 PODS: cloudforge-5f6c79895d-mtnt4/1/1 cloudforge-5f6c79895d-wq8kd/1/1 cloudforge-canary-5448b87d84-zs4pk/1/1 
19:18:23 PODS: cloudforge-5f6c79895d-mtnt4/1/1 cloudforge-5f6c79895d-wq8kd/1/1 cloudforge-canary-5448b87d84-zs4pk/1/1 
19:18:25 PODS: cloudforge-5f6c79895d-mtnt4/1/1 cloudforge-5f6c79895d-wq8kd/1/1 cloudforge-canary-5448b87d84-zs4pk/1/1 
19:18:27 PODS: cloudforge-5f6c79895d-mtnt4/1/1 cloudforge-5f6c79895d-wq8kd/1/1 cloudforge-canary-5448b87d84-zs4pk/1/1 
19:18:30 PODS: cloudforge-5f6c79895d-mtnt4/1/1 cloudforge-5f6c79895d-wq8kd/1/1 cloudforge-canary-5448b87d84-zs4pk/1/1 
19:18:32 PODS: cloudforge-5f6c79895d-mtnt4/1/1 cloudforge-5f6c79895d-wq8kd/1/1 cloudforge-canary-5448b87d84-zs4pk/1/1 
19:18:34 PODS: cloudforge-5f6c79895d-mtnt4/1/1 cloudforge-5f6c79895d-wq8kd/1/1 cloudforge-canary-5448b87d84-zs4pk/1/1 
19:18:36 PODS: cloudforge-5f6c79895d-mtnt4/1/1 cloudforge-5f6c79895d-wq8kd/1/1 cloudforge-canary-5448b87d84-zs4pk/1/1 
19:18:38 PODS: cloudforge-5f6c79895d-mtnt4/1/1 cloudforge-5f6c79895d-wq8kd/1/1 cloudforge-canary-5448b87d84-zs4pk/1/1 
19:18:41 PODS: cloudforge-5f6c79895d-mtnt4/1/1 cloudforge-5f6c79895d-wq8kd/1/1 cloudforge-canary-5448b87d84-zs4pk/1/1 
19:18:43 PODS: cloudforge-5f6c79895d-mtnt4/1/1 cloudforge-5f6c79895d-wq8kd/1/1 cloudforge-canary-5448b87d84-zs4pk/1/1 
19:18:45 PODS: cloudforge-5f6c79895d-mtnt4/1/1 cloudforge-5f6c79895d-wq8kd/1/1 cloudforge-canary-5448b87d84-zs4pk/1/1 
19:18:48 PODS: cloudforge-5f6c79895d-mtnt4/1/1 cloudforge-5f6c79895d-wq8kd/1/1 cloudforge-canary-5448b87d84-zs4pk/1/1 
19:18:50 PODS: cloudforge-5f6c79895d-mtnt4/1/1 cloudforge-5f6c79895d-wq8kd/1/1 cloudforge-canary-5448b87d84-zs4pk/1/1 
19:18:52 PODS: cloudforge-5f6c79895d-mtnt4/1/1 cloudforge-5f6c79895d-wq8kd/1/1 cloudforge-canary-5448b87d84-zs4pk/1/1 
19:18:54 PODS: cloudforge-5f6c79895d-mtnt4/1/1 cloudforge-5f6c79895d-wq8kd/1/1 cloudforge-canary-5448b87d84-zs4pk/1/1 
19:18:57 PODS: cloudforge-5f6c79895d-mtnt4/1/1 cloudforge-5f6c79895d-wq8kd/1/1 cloudforge-canary-5448b87d84-zs4pk/1/1 
19:18:59 PODS: cloudforge-5f6c79895d-mtnt4/1/1 cloudforge-5f6c79895d-wq8kd/1/1 cloudforge-canary-5448b87d84-zs4pk/1/1 
19:19:01 PODS: cloudforge-5f6c79895d-mtnt4/1/1 cloudforge-5f6c79895d-wq8kd/1/1 cloudforge-canary-5448b87d84-zs4pk/1/1 
19:19:03 PODS: cloudforge-5f6c79895d-mtnt4/1/1 cloudforge-5f6c79895d-wq8kd/1/1 cloudforge-canary-5448b87d84-zs4pk/1/1 
19:19:06 PODS: cloudforge-5f6c79895d-mtnt4/1/1 cloudforge-5f6c79895d-wq8kd/1/1 cloudforge-canary-5448b87d84-zs4pk/1/1 
19:19:08 PODS: cloudforge-5f6c79895d-mtnt4/1/1 cloudforge-5f6c79895d-wq8kd/1/1 cloudforge-canary-5448b87d84-zs4pk/1/1 
19:19:11 PODS: cloudforge-5f6c79895d-mtnt4/1/1 cloudforge-5f6c79895d-wq8kd/1/1 cloudforge-canary-5448b87d84-zs4pk/1/1 
19:19:13 PODS: cloudforge-5f6c79895d-mtnt4/1/1 cloudforge-5f6c79895d-wq8kd/1/1 cloudforge-canary-5448b87d84-zs4pk/1/1 
19:19:16 PODS: cloudforge-5f6c79895d-mtnt4/1/1 cloudforge-5f6c79895d-wq8kd/1/1 cloudforge-canary-5448b87d84-zs4pk/1/1 
19:19:18 PODS: cloudforge-5f6c79895d-mtnt4/1/1 cloudforge-5f6c79895d-wq8kd/1/1 cloudforge-canary-5448b87d84-zs4pk/1/1 
19:19:20 PODS: cloudforge-5f6c79895d-mtnt4/1/1 cloudforge-5f6c79895d-wq8kd/1/1 cloudforge-canary-5448b87d84-zs4pk/1/1 
19:19:22 PODS: cloudforge-5f6c79895d-mtnt4/1/1 cloudforge-5f6c79895d-wq8kd/1/1 cloudforge-canary-5448b87d84-zs4pk/1/1 
19:19:25 PODS: cloudforge-5f6c79895d-mtnt4/1/1 cloudforge-5f6c79895d-wq8kd/1/1 cloudforge-canary-5448b87d84-zs4pk/1/1 
19:19:27 PODS: cloudforge-5f6c79895d-mtnt4/1/1 cloudforge-5f6c79895d-wq8kd/1/1 cloudforge-canary-5448b87d84-zs4pk/1/1 
19:19:29 PODS: cloudforge-5f6c79895d-mtnt4/1/1 cloudforge-5f6c79895d-wq8kd/1/1 cloudforge-canary-5448b87d84-zs4pk/1/1 
19:19:31 PODS: cloudforge-5f6c79895d-mtnt4/1/1 cloudforge-5f6c79895d-wq8kd/1/1 cloudforge-canary-5448b87d84-zs4pk/1/1 
19:19:34 PODS: cloudforge-5f6c79895d-mtnt4/1/1 cloudforge-5f6c79895d-wq8kd/1/1 cloudforge-canary-5448b87d84-zs4pk/1/1 
19:19:36 PODS: cloudforge-5f6c79895d-mtnt4/1/1 cloudforge-5f6c79895d-wq8kd/1/1 cloudforge-canary-5448b87d84-zs4pk/1/1 
19:19:38 PODS: cloudforge-5f6c79895d-mtnt4/1/1 cloudforge-5f6c79895d-wq8kd/1/1 cloudforge-canary-5448b87d84-zs4pk/1/1 
19:19:40 PODS: cloudforge-5f6c79895d-mtnt4/1/1 cloudforge-5f6c79895d-wq8kd/1/1 cloudforge-canary-5448b87d84-zs4pk/1/1 
19:19:43 PODS: cloudforge-5f6c79895d-mtnt4/1/1 cloudforge-5f6c79895d-wq8kd/1/1 cloudforge-canary-5448b87d84-zs4pk/1/1 
19:19:45 PODS: cloudforge-5f6c79895d-mtnt4/1/1 cloudforge-5f6c79895d-wq8kd/1/1 cloudforge-canary-5448b87d84-zs4pk/1/1 
19:19:47 PODS: cloudforge-5f6c79895d-mtnt4/1/1 cloudforge-5f6c79895d-wq8kd/1/1 cloudforge-canary-5448b87d84-zs4pk/1/1 
19:19:50 PODS: cloudforge-5f6c79895d-mtnt4/1/1 cloudforge-5f6c79895d-wq8kd/1/1 cloudforge-canary-5448b87d84-zs4pk/1/1 
19:19:52 PODS: cloudforge-5f6c79895d-mtnt4/1/1 cloudforge-5f6c79895d-wq8kd/1/1 cloudforge-canary-5448b87d84-zs4pk/1/1 
19:19:54 PODS: cloudforge-5f6c79895d-mtnt4/1/1 cloudforge-5f6c79895d-wq8kd/1/1 cloudforge-canary-5448b87d84-zs4pk/1/1 
19:19:56 PODS: cloudforge-5f6c79895d-mtnt4/1/1 cloudforge-5f6c79895d-wq8kd/1/1 cloudforge-canary-5448b87d84-zs4pk/1/1 
19:19:59 PODS: cloudforge-5f6c79895d-mtnt4/1/1 cloudforge-5f6c79895d-wq8kd/1/1 cloudforge-canary-5448b87d84-zs4pk/1/1 
19:20:01 PODS: cloudforge-5f6c79895d-mtnt4/1/1 cloudforge-5f6c79895d-wq8kd/1/1 cloudforge-canary-5448b87d84-zs4pk/1/1 
19:20:03 PODS: cloudforge-5f6c79895d-mtnt4/1/1 cloudforge-5f6c79895d-wq8kd/1/1 cloudforge-canary-5448b87d84-zs4pk/1/1 
19:20:06 PODS: cloudforge-5f6c79895d-mtnt4/1/1 cloudforge-5f6c79895d-wq8kd/1/1 cloudforge-canary-5448b87d84-zs4pk/1/1 
19:20:08 PODS: cloudforge-5f6c79895d-mtnt4/1/1 cloudforge-5f6c79895d-wq8kd/1/1 cloudforge-canary-5448b87d84-zs4pk/1/1 
19:20:10 PODS: cloudforge-5f6c79895d-mtnt4/1/1 cloudforge-5f6c79895d-wq8kd/1/1 cloudforge-canary-5448b87d84-zs4pk/1/1 
19:20:13 PODS: cloudforge-5f6c79895d-mtnt4/1/1 cloudforge-5f6c79895d-wq8kd/1/1 cloudforge-canary-5448b87d84-zs4pk/1/1 
19:20:15 PODS: cloudforge-5f6c79895d-mtnt4/1/1 cloudforge-5f6c79895d-wq8kd/1/1 cloudforge-canary-5448b87d84-zs4pk/1/1 
19:20:17 PODS: cloudforge-5f6c79895d-mtnt4/1/1 cloudforge-5f6c79895d-wq8kd/1/1 cloudforge-canary-5448b87d84-zs4pk/1/1 
19:20:20 PODS: cloudforge-5f6c79895d-mtnt4/1/1 cloudforge-5f6c79895d-wq8kd/1/1 cloudforge-canary-5448b87d84-zs4pk/1/1 
19:20:22 PODS: cloudforge-5f6c79895d-mtnt4/1/1 cloudforge-5f6c79895d-wq8kd/1/1 cloudforge-canary-5448b87d84-zs4pk/1/1 
19:20:24 PODS: cloudforge-5f6c79895d-mtnt4/1/1 cloudforge-5f6c79895d-wq8kd/1/1 cloudforge-canary-5448b87d84-zs4pk/1/1 
19:20:26 PODS: cloudforge-5f6c79895d-mtnt4/1/1 cloudforge-5f6c79895d-wq8kd/1/1 cloudforge-canary-5448b87d84-zs4pk/1/1 
19:20:29 PODS: cloudforge-5f6c79895d-mtnt4/1/1 cloudforge-5f6c79895d-wq8kd/1/1 cloudforge-canary-5448b87d84-zs4pk/1/1 
19:20:31 PODS: cloudforge-5f6c79895d-mtnt4/1/1 cloudforge-5f6c79895d-wq8kd/1/1 cloudforge-canary-5448b87d84-zs4pk/1/1 
19:20:33 PODS: cloudforge-5f6c79895d-mtnt4/1/1 cloudforge-5f6c79895d-wq8kd/1/1 cloudforge-canary-5448b87d84-zs4pk/1/1 
19:20:35 PODS: cloudforge-5f6c79895d-mtnt4/1/1 cloudforge-5f6c79895d-wq8kd/1/1 cloudforge-canary-5448b87d84-zs4pk/1/1 
19:20:38 PODS: cloudforge-5f6c79895d-mtnt4/1/1 cloudforge-5f6c79895d-wq8kd/1/1 cloudforge-canary-5448b87d84-zs4pk/1/1 
19:20:40 PODS: cloudforge-5f6c79895d-mtnt4/1/1 cloudforge-5f6c79895d-wq8kd/1/1 cloudforge-canary-5448b87d84-zs4pk/1/1 
19:20:43 PODS: cloudforge-5f6c79895d-mtnt4/1/1 cloudforge-5f6c79895d-wq8kd/1/1 cloudforge-canary-5448b87d84-zs4pk/1/1 
19:20:45 PODS: cloudforge-5f6c79895d-mtnt4/1/1 cloudforge-5f6c79895d-wq8kd/1/1 cloudforge-canary-5448b87d84-zs4pk/1/1 
19:20:47 PODS: cloudforge-5f6c79895d-mtnt4/1/1 cloudforge-5f6c79895d-wq8kd/1/1 cloudforge-canary-5448b87d84-zs4pk/1/1 
19:20:49 PODS: cloudforge-5f6c79895d-mtnt4/1/1 cloudforge-5f6c79895d-wq8kd/1/1 cloudforge-canary-5448b87d84-zs4pk/1/1 
19:20:52 PODS: cloudforge-5f6c79895d-mtnt4/1/1 cloudforge-5f6c79895d-wq8kd/1/1 cloudforge-canary-5448b87d84-zs4pk/1/1 
19:20:55 PODS: cloudforge-5f6c79895d-mtnt4/1/1 cloudforge-5f6c79895d-wq8kd/1/1 cloudforge-canary-5448b87d84-zs4pk/1/1 
19:20:57 PODS: cloudforge-5f6c79895d-mtnt4/1/1 cloudforge-5f6c79895d-wq8kd/1/1 cloudforge-canary-5448b87d84-zs4pk/1/1 
19:21:00 PODS: cloudforge-5f6c79895d-mtnt4/1/1 cloudforge-5f6c79895d-wq8kd/1/1 cloudforge-canary-5448b87d84-zs4pk/1/1 
19:21:02 PODS: cloudforge-5f6c79895d-mtnt4/1/1 cloudforge-5f6c79895d-wq8kd/1/1 cloudforge-canary-5448b87d84-zs4pk/1/1 
19:21:04 PODS: cloudforge-5f6c79895d-mtnt4/1/1 cloudforge-5f6c79895d-wq8kd/1/1 cloudforge-canary-5448b87d84-zs4pk/1/1 
19:21:07 PODS: cloudforge-5f6c79895d-mtnt4/1/1 cloudforge-5f6c79895d-wq8kd/1/1 cloudforge-canary-5448b87d84-zs4pk/1/1 
19:21:09 PODS: cloudforge-5f6c79895d-mtnt4/1/1 cloudforge-5f6c79895d-wq8kd/1/1 cloudforge-canary-5448b87d84-zs4pk/1/1 
19:21:11 PODS: cloudforge-5f6c79895d-mtnt4/1/1 cloudforge-5f6c79895d-wq8kd/1/1 cloudforge-canary-5448b87d84-zs4pk/1/1 
19:21:14 PODS: cloudforge-5f6c79895d-mtnt4/1/1 cloudforge-5f6c79895d-wq8kd/1/1 cloudforge-canary-5448b87d84-zs4pk/1/1 
19:21:16 PODS: cloudforge-5f6c79895d-mtnt4/1/1 cloudforge-5f6c79895d-wq8kd/1/1 cloudforge-canary-5448b87d84-zs4pk/1/1 
19:21:18 PODS: cloudforge-5f6c79895d-mtnt4/1/1 cloudforge-5f6c79895d-wq8kd/1/1 cloudforge-canary-5448b87d84-zs4pk/1/1 
19:21:20 PODS: cloudforge-5f6c79895d-mtnt4/1/1 cloudforge-5f6c79895d-wq8kd/1/1 cloudforge-canary-5448b87d84-zs4pk/1/1 
19:21:23 PODS: cloudforge-5f6c79895d-mtnt4/1/1 cloudforge-5f6c79895d-wq8kd/1/1 cloudforge-canary-5448b87d84-zs4pk/1/1 
19:21:25 PODS: cloudforge-5f6c79895d-mtnt4/1/1 cloudforge-5f6c79895d-wq8kd/1/1 cloudforge-canary-5448b87d84-zs4pk/1/1 
19:21:27 PODS: cloudforge-5f6c79895d-mtnt4/1/1 cloudforge-5f6c79895d-wq8kd/1/1 cloudforge-canary-5448b87d84-zs4pk/1/1 
19:21:30 PODS: cloudforge-5f6c79895d-mtnt4/1/1 cloudforge-5f6c79895d-wq8kd/1/1 cloudforge-canary-5448b87d84-zs4pk/1/1 
19:21:32 PODS: cloudforge-5f6c79895d-mtnt4/1/1 cloudforge-5f6c79895d-wq8kd/1/1 cloudforge-canary-5448b87d84-zs4pk/1/1 
19:21:34 PODS: cloudforge-5f6c79895d-mtnt4/1/1 cloudforge-5f6c79895d-wq8kd/1/1 cloudforge-canary-5448b87d84-zs4pk/1/1 
19:21:36 PODS: cloudforge-5f6c79895d-mtnt4/1/1 cloudforge-5f6c79895d-wq8kd/1/1 cloudforge-canary-5448b87d84-zs4pk/1/1 
19:21:39 PODS: cloudforge-5f6c79895d-mtnt4/1/1 cloudforge-5f6c79895d-wq8kd/1/1 cloudforge-canary-5448b87d84-zs4pk/1/1 
19:21:41 PODS: cloudforge-5f6c79895d-mtnt4/1/1 cloudforge-5f6c79895d-wq8kd/1/1 cloudforge-canary-5448b87d84-zs4pk/1/1 
19:21:43 PODS: cloudforge-5f6c79895d-mtnt4/1/1 cloudforge-5f6c79895d-wq8kd/1/1 cloudforge-canary-5448b87d84-zs4pk/1/1 
19:21:45 PODS: cloudforge-5f6c79895d-mtnt4/1/1 cloudforge-5f6c79895d-wq8kd/1/1 cloudforge-canary-5448b87d84-zs4pk/1/1 
19:21:48 PODS: cloudforge-5f6c79895d-mtnt4/1/1 cloudforge-5f6c79895d-wq8kd/1/1 cloudforge-canary-5448b87d84-zs4pk/1/1 
19:21:50 PODS: cloudforge-5f6c79895d-mtnt4/1/1 cloudforge-5f6c79895d-wq8kd/1/1 cloudforge-canary-5448b87d84-zs4pk/1/1 
19:21:52 PODS: cloudforge-5f6c79895d-mtnt4/1/1 cloudforge-5f6c79895d-wq8kd/1/1 cloudforge-canary-5448b87d84-zs4pk/1/1 
19:21:54 PODS: cloudforge-5f6c79895d-mtnt4/1/1 cloudforge-5f6c79895d-wq8kd/1/1 cloudforge-canary-5448b87d84-zs4pk/1/1 
19:21:56 PODS: cloudforge-5f6c79895d-mtnt4/1/1 cloudforge-5f6c79895d-wq8kd/1/1 cloudforge-canary-5448b87d84-zs4pk/1/1 
19:21:59 PODS: cloudforge-5f6c79895d-mtnt4/1/1 cloudforge-5f6c79895d-wq8kd/1/1 cloudforge-canary-5448b87d84-zs4pk/1/1 
19:22:01 PODS: cloudforge-5f6c79895d-mtnt4/1/1 cloudforge-5f6c79895d-wq8kd/1/1 cloudforge-canary-5448b87d84-zs4pk/1/1 
19:22:03 PODS: cloudforge-5f6c79895d-mtnt4/1/1 cloudforge-5f6c79895d-wq8kd/1/1 cloudforge-canary-5448b87d84-zs4pk/1/1 
19:22:06 PODS: cloudforge-5f6c79895d-mtnt4/1/1 cloudforge-5f6c79895d-wq8kd/1/1 cloudforge-canary-5448b87d84-zs4pk/1/1 
19:22:08 PODS: cloudforge-5f6c79895d-mtnt4/1/1 cloudforge-5f6c79895d-wq8kd/1/1 cloudforge-canary-5448b87d84-zs4pk/1/1 
19:22:11 PODS: cloudforge-5f6c79895d-mtnt4/1/1 cloudforge-5f6c79895d-wq8kd/1/1 cloudforge-canary-5448b87d84-zs4pk/1/1 
19:22:13 PODS: cloudforge-5f6c79895d-mtnt4/1/1 cloudforge-5f6c79895d-wq8kd/1/1 cloudforge-canary-5448b87d84-zs4pk/1/1 
19:22:15 PODS: cloudforge-5f6c79895d-mtnt4/1/1 cloudforge-5f6c79895d-wq8kd/1/1 cloudforge-canary-5448b87d84-zs4pk/1/1 
19:22:17 PODS: cloudforge-5f6c79895d-mtnt4/1/1 cloudforge-5f6c79895d-wq8kd/1/1 cloudforge-canary-5448b87d84-zs4pk/1/1 
19:22:20 PODS: cloudforge-5f6c79895d-mtnt4/1/1 cloudforge-5f6c79895d-wq8kd/1/1 cloudforge-canary-5448b87d84-zs4pk/1/1 
19:22:22 PODS: cloudforge-5f6c79895d-mtnt4/1/1 cloudforge-5f6c79895d-wq8kd/1/1 cloudforge-canary-5448b87d84-zs4pk/1/1 
19:22:24 PODS: cloudforge-5f6c79895d-mtnt4/1/1 cloudforge-5f6c79895d-wq8kd/1/1 cloudforge-canary-5448b87d84-zs4pk/1/1 
19:22:26 PODS: cloudforge-5f6c79895d-mtnt4/1/1 cloudforge-5f6c79895d-wq8kd/1/1 cloudforge-canary-5448b87d84-zs4pk/1/1 
19:22:29 PODS: cloudforge-5f6c79895d-mtnt4/1/1 cloudforge-5f6c79895d-wq8kd/1/1 cloudforge-canary-5448b87d84-zs4pk/1/1 
19:22:31 PODS: cloudforge-5f6c79895d-mtnt4/1/1 cloudforge-5f6c79895d-wq8kd/1/1 cloudforge-canary-5448b87d84-zs4pk/1/1 
19:22:33 PODS: cloudforge-5f6c79895d-mtnt4/1/1 cloudforge-5f6c79895d-wq8kd/1/1 cloudforge-canary-5448b87d84-zs4pk/1/1 
19:22:35 PODS: cloudforge-5f6c79895d-mtnt4/1/1 cloudforge-5f6c79895d-wq8kd/1/1 cloudforge-canary-5448b87d84-zs4pk/1/1 
19:22:38 PODS: cloudforge-5f6c79895d-mtnt4/1/1 cloudforge-5f6c79895d-wq8kd/1/1 cloudforge-canary-5448b87d84-zs4pk/1/1 
19:22:40 PODS: cloudforge-5f6c79895d-mtnt4/1/1 cloudforge-5f6c79895d-wq8kd/1/1 cloudforge-canary-5448b87d84-zs4pk/1/1 
19:22:43 PODS: cloudforge-5f6c79895d-mtnt4/1/1 cloudforge-5f6c79895d-wq8kd/1/1 cloudforge-canary-5448b87d84-zs4pk/1/1 
19:22:45 PODS: cloudforge-5f6c79895d-mtnt4/1/1 cloudforge-5f6c79895d-wq8kd/1/1 cloudforge-canary-5448b87d84-zs4pk/1/1 
19:22:47 PODS: cloudforge-5f6c79895d-mtnt4/1/1 cloudforge-5f6c79895d-wq8kd/1/1 cloudforge-canary-5448b87d84-zs4pk/1/1 
19:22:49 PODS: cloudforge-5f6c79895d-mtnt4/1/1 cloudforge-5f6c79895d-wq8kd/1/1 cloudforge-canary-5448b87d84-zs4pk/1/1 
19:22:52 PODS: cloudforge-5f6c79895d-mtnt4/1/1 cloudforge-5f6c79895d-wq8kd/1/1 cloudforge-canary-5448b87d84-zs4pk/1/1 
19:22:54 PODS: cloudforge-5f6c79895d-mtnt4/1/1 cloudforge-5f6c79895d-wq8kd/1/1 cloudforge-canary-5448b87d84-zs4pk/1/1 
19:22:56 PODS: cloudforge-5f6c79895d-mtnt4/1/1 cloudforge-5f6c79895d-wq8kd/1/1 cloudforge-canary-5448b87d84-zs4pk/1/1 
19:22:58 PODS: cloudforge-5f6c79895d-mtnt4/1/1 cloudforge-5f6c79895d-wq8kd/1/1 cloudforge-canary-5448b87d84-zs4pk/1/1 
19:23:01 PODS: cloudforge-5f6c79895d-mtnt4/1/1 cloudforge-5f6c79895d-wq8kd/1/1 cloudforge-canary-5448b87d84-zs4pk/1/1 
19:23:03 PODS: cloudforge-5f6c79895d-mtnt4/1/1 cloudforge-5f6c79895d-wq8kd/1/1 cloudforge-canary-5448b87d84-zs4pk/1/1 
19:23:05 PODS: cloudforge-5f6c79895d-mtnt4/1/1 cloudforge-5f6c79895d-wq8kd/1/1 cloudforge-canary-5448b87d84-zs4pk/1/1 
19:23:07 PODS: cloudforge-5f6c79895d-mtnt4/1/1 cloudforge-5f6c79895d-wq8kd/1/1 cloudforge-canary-5448b87d84-zs4pk/1/1 
19:23:10 PODS: cloudforge-5f6c79895d-mtnt4/1/1 cloudforge-5f6c79895d-wq8kd/1/1 cloudforge-canary-5448b87d84-zs4pk/1/1 
19:23:12 PODS: cloudforge-5f6c79895d-mtnt4/1/1 cloudforge-5f6c79895d-wq8kd/1/1 cloudforge-canary-5448b87d84-zs4pk/1/1 
19:23:15 PODS: cloudforge-5f6c79895d-mtnt4/1/1 cloudforge-5f6c79895d-wq8kd/1/1 cloudforge-canary-5448b87d84-zs4pk/1/1 
19:23:18 PODS: cloudforge-5f6c79895d-mtnt4/1/1 cloudforge-5f6c79895d-wq8kd/1/1 cloudforge-canary-5448b87d84-zs4pk/1/1 
19:23:20 PODS: cloudforge-5f6c79895d-mtnt4/1/1 cloudforge-5f6c79895d-wq8kd/1/1 cloudforge-canary-5448b87d84-zs4pk/1/1 
19:23:23 PODS: cloudforge-5f6c79895d-mtnt4/1/1 cloudforge-5f6c79895d-wq8kd/1/1 cloudforge-canary-5448b87d84-zs4pk/1/1 
19:23:25 PODS: cloudforge-5f6c79895d-mtnt4/1/1 cloudforge-5f6c79895d-wq8kd/1/1 cloudforge-canary-5448b87d84-zs4pk/1/1 
19:23:27 PODS: cloudforge-5f6c79895d-mtnt4/1/1 cloudforge-5f6c79895d-wq8kd/1/1 cloudforge-canary-5448b87d84-zs4pk/1/1 
19:23:30 PODS: cloudforge-5f6c79895d-mtnt4/1/1 cloudforge-5f6c79895d-wq8kd/1/1 cloudforge-canary-5448b87d84-zs4pk/1/1 
19:23:32 PODS: cloudforge-5f6c79895d-mtnt4/1/1 cloudforge-5f6c79895d-wq8kd/1/1 cloudforge-canary-5448b87d84-zs4pk/1/1 
19:23:34 PODS: cloudforge-5f6c79895d-mtnt4/1/1 cloudforge-5f6c79895d-wq8kd/1/1 cloudforge-canary-5448b87d84-zs4pk/1/1 
19:23:36 PODS: cloudforge-5f6c79895d-mtnt4/1/1 cloudforge-5f6c79895d-wq8kd/1/1 cloudforge-canary-5448b87d84-zs4pk/1/1 
19:23:38 PODS: cloudforge-5f6c79895d-mtnt4/1/1 cloudforge-5f6c79895d-wq8kd/1/1 cloudforge-canary-5448b87d84-zs4pk/1/1 
19:23:41 PODS: cloudforge-5f6c79895d-mtnt4/1/1 cloudforge-5f6c79895d-wq8kd/1/1 cloudforge-canary-5448b87d84-zs4pk/1/1 
19:23:43 PODS: cloudforge-5f6c79895d-mtnt4/1/1 cloudforge-5f6c79895d-wq8kd/1/1 cloudforge-canary-5448b87d84-zs4pk/1/1 
19:23:45 PODS: cloudforge-5f6c79895d-mtnt4/1/1 cloudforge-5f6c79895d-wq8kd/1/1 cloudforge-canary-5448b87d84-zs4pk/1/1 
19:23:48 PODS: cloudforge-5f6c79895d-mtnt4/1/1 cloudforge-5f6c79895d-wq8kd/1/1 cloudforge-canary-5448b87d84-zs4pk/1/1 
19:23:50 PODS: cloudforge-5f6c79895d-mtnt4/1/1 cloudforge-5f6c79895d-wq8kd/1/1 cloudforge-canary-5448b87d84-zs4pk/1/1 
19:23:52 PODS: cloudforge-5f6c79895d-mtnt4/1/1 cloudforge-5f6c79895d-wq8kd/1/1 cloudforge-canary-5448b87d84-zs4pk/1/1 
19:23:55 PODS: cloudforge-5f6c79895d-mtnt4/1/1 cloudforge-5f6c79895d-wq8kd/1/1 cloudforge-canary-5448b87d84-zs4pk/1/1 
19:23:58 PODS: cloudforge-5f6c79895d-mtnt4/1/1 cloudforge-5f6c79895d-wq8kd/1/1 cloudforge-canary-5448b87d84-zs4pk/1/1 
19:24:00 PODS: cloudforge-5f6c79895d-mtnt4/1/1 cloudforge-5f6c79895d-wq8kd/1/1 cloudforge-canary-5448b87d84-zs4pk/1/1 
19:24:02 PODS: cloudforge-5f6c79895d-mtnt4/1/1 cloudforge-5f6c79895d-wq8kd/1/1 cloudforge-canary-5448b87d84-zs4pk/1/1 
19:24:05 PODS: cloudforge-5f6c79895d-mtnt4/1/1 cloudforge-5f6c79895d-wq8kd/1/1 cloudforge-canary-5448b87d84-zs4pk/1/1 
19:24:07 PODS: cloudforge-5f6c79895d-mtnt4/1/1 cloudforge-5f6c79895d-wq8kd/1/1 cloudforge-canary-5448b87d84-zs4pk/1/1 
19:24:09 PODS: cloudforge-5f6c79895d-mtnt4/1/1 cloudforge-5f6c79895d-wq8kd/1/1 cloudforge-canary-5448b87d84-zs4pk/1/1 
19:24:12 PODS: cloudforge-5f6c79895d-mtnt4/1/1 cloudforge-5f6c79895d-wq8kd/1/1 cloudforge-canary-5448b87d84-zs4pk/1/1 
19:24:14 PODS: cloudforge-5f6c79895d-mtnt4/1/1 cloudforge-5f6c79895d-wq8kd/1/1 cloudforge-canary-5448b87d84-zs4pk/1/1 
19:24:16 PODS: cloudforge-5f6c79895d-mtnt4/1/1 cloudforge-5f6c79895d-wq8kd/1/1 cloudforge-canary-5448b87d84-zs4pk/1/1 
19:24:19 PODS: cloudforge-5f6c79895d-mtnt4/1/1 cloudforge-5f6c79895d-wq8kd/1/1 cloudforge-canary-5448b87d84-zs4pk/1/1 
19:24:21 PODS: cloudforge-5f6c79895d-mtnt4/1/1 cloudforge-5f6c79895d-wq8kd/1/1 cloudforge-canary-5448b87d84-zs4pk/1/1 
19:24:24 PODS: cloudforge-5f6c79895d-mtnt4/1/1 cloudforge-5f6c79895d-wq8kd/1/1 cloudforge-canary-5448b87d84-zs4pk/1/1 
19:24:26 PODS: cloudforge-5f6c79895d-mtnt4/1/1 cloudforge-5f6c79895d-wq8kd/1/1 cloudforge-canary-5448b87d84-zs4pk/1/1 
19:24:28 PODS: cloudforge-5f6c79895d-mtnt4/1/1 cloudforge-5f6c79895d-wq8kd/1/1 cloudforge-canary-5448b87d84-zs4pk/1/1 
19:24:31 PODS: cloudforge-5f6c79895d-mtnt4/1/1 cloudforge-5f6c79895d-wq8kd/1/1 cloudforge-canary-5448b87d84-zs4pk/1/1 
19:24:33 PODS: cloudforge-5f6c79895d-mtnt4/1/1 cloudforge-5f6c79895d-wq8kd/1/1 cloudforge-canary-5448b87d84-zs4pk/1/1 
19:24:35 PODS: cloudforge-5f6c79895d-mtnt4/1/1 cloudforge-5f6c79895d-wq8kd/1/1 cloudforge-canary-5448b87d84-zs4pk/1/1 
19:24:37 PODS: cloudforge-5f6c79895d-mtnt4/1/1 cloudforge-5f6c79895d-wq8kd/1/1 cloudforge-canary-5448b87d84-zs4pk/1/1 
19:24:40 PODS: cloudforge-5f6c79895d-mtnt4/1/1 cloudforge-5f6c79895d-wq8kd/1/1 cloudforge-canary-5448b87d84-zs4pk/1/1 
19:24:42 PODS: cloudforge-5f6c79895d-mtnt4/1/1 cloudforge-5f6c79895d-wq8kd/1/1 cloudforge-canary-5448b87d84-zs4pk/1/1 
19:24:45 PODS: cloudforge-5f6c79895d-mtnt4/1/1 cloudforge-5f6c79895d-wq8kd/1/1 cloudforge-canary-5448b87d84-zs4pk/1/1 
19:24:47 PODS: cloudforge-5f6c79895d-mtnt4/1/1 cloudforge-5f6c79895d-wq8kd/1/1 cloudforge-canary-5448b87d84-zs4pk/1/1 
19:24:49 PODS: cloudforge-5f6c79895d-mtnt4/1/1 cloudforge-5f6c79895d-wq8kd/1/1 cloudforge-canary-5448b87d84-zs4pk/1/1 
19:24:51 PODS: cloudforge-5f6c79895d-mtnt4/1/1 cloudforge-5f6c79895d-wq8kd/1/1 cloudforge-canary-5448b87d84-zs4pk/1/1 
19:24:54 PODS: cloudforge-5f6c79895d-mtnt4/1/1 cloudforge-5f6c79895d-wq8kd/1/1 cloudforge-canary-5448b87d84-zs4pk/1/1 
19:24:56 PODS: cloudforge-5f6c79895d-mtnt4/1/1 cloudforge-5f6c79895d-wq8kd/1/1 cloudforge-canary-5448b87d84-zs4pk/1/1 
19:24:59 PODS: cloudforge-5f6c79895d-mtnt4/1/1 cloudforge-5f6c79895d-wq8kd/1/1 cloudforge-canary-5448b87d84-zs4pk/1/1 
19:25:01 PODS: cloudforge-5f6c79895d-mtnt4/1/1 cloudforge-5f6c79895d-wq8kd/1/1 cloudforge-canary-5448b87d84-zs4pk/1/1 
19:25:03 PODS: cloudforge-5f6c79895d-mtnt4/1/1 cloudforge-5f6c79895d-wq8kd/1/1 cloudforge-canary-5448b87d84-zs4pk/1/1 
19:25:06 PODS: cloudforge-5f6c79895d-mtnt4/1/1 cloudforge-5f6c79895d-wq8kd/1/1 cloudforge-canary-5448b87d84-zs4pk/1/1 
19:25:08 PODS: cloudforge-5f6c79895d-mtnt4/1/1 cloudforge-5f6c79895d-wq8kd/1/1 cloudforge-canary-5448b87d84-zs4pk/1/1 
19:25:10 PODS: cloudforge-5f6c79895d-mtnt4/1/1 cloudforge-5f6c79895d-wq8kd/1/1 cloudforge-canary-5448b87d84-zs4pk/1/1 
19:25:13 PODS: cloudforge-5f6c79895d-mtnt4/1/1 cloudforge-5f6c79895d-wq8kd/1/1 cloudforge-canary-5448b87d84-zs4pk/1/1 
19:25:15 PODS: cloudforge-5f6c79895d-mtnt4/1/1 cloudforge-5f6c79895d-wq8kd/1/1 cloudforge-canary-5448b87d84-zs4pk/1/1 
19:25:17 PODS: cloudforge-5f6c79895d-mtnt4/1/1 cloudforge-5f6c79895d-wq8kd/1/1 cloudforge-canary-5448b87d84-zs4pk/1/1 
19:25:19 PODS: cloudforge-5f6c79895d-mtnt4/1/1 cloudforge-5f6c79895d-wq8kd/1/1 cloudforge-canary-5448b87d84-zs4pk/1/1 
19:25:22 PODS: cloudforge-5f6c79895d-mtnt4/1/1 cloudforge-5f6c79895d-wq8kd/1/1 cloudforge-canary-5448b87d84-zs4pk/1/1 
19:25:24 PODS: cloudforge-5f6c79895d-mtnt4/1/1 cloudforge-5f6c79895d-wq8kd/1/1 cloudforge-canary-5448b87d84-zs4pk/1/1 
19:25:26 PODS: cloudforge-5f6c79895d-mtnt4/1/1 cloudforge-5f6c79895d-wq8kd/1/1 cloudforge-canary-5448b87d84-zs4pk/1/1 
19:25:28 PODS: cloudforge-5f6c79895d-mtnt4/1/1 cloudforge-5f6c79895d-wq8kd/1/1 cloudforge-canary-5448b87d84-zs4pk/1/1 
19:25:30 PODS: cloudforge-5f6c79895d-mtnt4/1/1 cloudforge-5f6c79895d-wq8kd/1/1 cloudforge-canary-5448b87d84-zs4pk/1/1 
19:25:33 PODS: cloudforge-5f6c79895d-mtnt4/1/1 cloudforge-5f6c79895d-wq8kd/1/1 cloudforge-canary-5448b87d84-zs4pk/1/1 
19:25:35 PODS: cloudforge-5f6c79895d-mtnt4/1/1 cloudforge-5f6c79895d-wq8kd/1/1 cloudforge-canary-5448b87d84-zs4pk/1/1 
19:25:37 PODS: cloudforge-5f6c79895d-mtnt4/1/1 cloudforge-5f6c79895d-wq8kd/1/1 cloudforge-canary-5448b87d84-zs4pk/1/1 
19:25:39 PODS: cloudforge-5f6c79895d-mtnt4/1/1 cloudforge-5f6c79895d-wq8kd/1/1 cloudforge-canary-5448b87d84-zs4pk/1/1 
19:25:42 PODS: cloudforge-5f6c79895d-mtnt4/1/1 cloudforge-5f6c79895d-wq8kd/1/1 cloudforge-canary-5448b87d84-zs4pk/1/1 
19:25:44 PODS: cloudforge-5f6c79895d-mtnt4/1/1 cloudforge-5f6c79895d-wq8kd/1/1 cloudforge-canary-5448b87d84-zs4pk/1/1 
19:25:46 PODS: cloudforge-5f6c79895d-mtnt4/1/1 cloudforge-5f6c79895d-wq8kd/1/1 cloudforge-canary-5448b87d84-zs4pk/1/1 
19:25:48 PODS: cloudforge-5f6c79895d-mtnt4/1/1 cloudforge-5f6c79895d-wq8kd/1/1 cloudforge-canary-5448b87d84-zs4pk/1/1 
19:25:51 PODS: cloudforge-5f6c79895d-mtnt4/1/1 cloudforge-5f6c79895d-wq8kd/1/1 cloudforge-canary-5448b87d84-zs4pk/1/1 
19:25:53 PODS: cloudforge-5f6c79895d-mtnt4/1/1 cloudforge-5f6c79895d-wq8kd/1/1 cloudforge-canary-5448b87d84-zs4pk/1/1 
19:25:56 PODS: cloudforge-5f6c79895d-mtnt4/1/1 cloudforge-5f6c79895d-wq8kd/1/1 cloudforge-canary-5448b87d84-zs4pk/1/1 
19:25:58 PODS: cloudforge-5f6c79895d-mtnt4/1/1 cloudforge-5f6c79895d-wq8kd/1/1 cloudforge-canary-5448b87d84-zs4pk/1/1 
19:26:00 PODS: cloudforge-5f6c79895d-mtnt4/1/1 cloudforge-5f6c79895d-wq8kd/1/1 cloudforge-canary-5448b87d84-zs4pk/1/1 
19:26:03 PODS: cloudforge-5f6c79895d-mtnt4/1/1 cloudforge-5f6c79895d-wq8kd/1/1 cloudforge-canary-5448b87d84-zs4pk/1/1 
19:26:05 PODS: cloudforge-5f6c79895d-mtnt4/1/1 cloudforge-5f6c79895d-wq8kd/1/1 cloudforge-canary-5448b87d84-zs4pk/1/1 
19:26:07 PODS: cloudforge-5f6c79895d-mtnt4/1/1 cloudforge-5f6c79895d-wq8kd/1/1 cloudforge-canary-5448b87d84-zs4pk/1/1 
19:26:09 PODS: cloudforge-5f6c79895d-mtnt4/1/1 cloudforge-5f6c79895d-wq8kd/1/1 cloudforge-canary-5448b87d84-zs4pk/1/1 
19:26:11 PODS: cloudforge-5f6c79895d-mtnt4/1/1 cloudforge-5f6c79895d-wq8kd/1/1 cloudforge-canary-5448b87d84-zs4pk/1/1 
19:26:14 PODS: cloudforge-5f6c79895d-mtnt4/1/1 cloudforge-5f6c79895d-wq8kd/1/1 cloudforge-canary-5448b87d84-zs4pk/1/1 
19:26:16 PODS: cloudforge-5f6c79895d-mtnt4/1/1 cloudforge-5f6c79895d-wq8kd/1/1 cloudforge-canary-5448b87d84-zs4pk/1/1 
19:26:18 PODS: cloudforge-5f6c79895d-mtnt4/1/1 cloudforge-5f6c79895d-wq8kd/1/1 cloudforge-canary-5448b87d84-zs4pk/1/1 
19:26:20 PODS: cloudforge-5f6c79895d-mtnt4/1/1 cloudforge-5f6c79895d-wq8kd/1/1 cloudforge-canary-5448b87d84-zs4pk/1/1 
19:26:23 PODS: cloudforge-5f6c79895d-mtnt4/1/1 cloudforge-5f6c79895d-wq8kd/1/1 cloudforge-canary-5448b87d84-zs4pk/1/1 
19:26:25 PODS: cloudforge-5f6c79895d-mtnt4/1/1 cloudforge-5f6c79895d-wq8kd/1/1 cloudforge-canary-5448b87d84-zs4pk/1/1 
19:26:27 PODS: cloudforge-5f6c79895d-mtnt4/1/1 cloudforge-5f6c79895d-wq8kd/1/1 cloudforge-canary-5448b87d84-zs4pk/1/1 
